url,titre,entreprise,description,metier,secteur,contrat,region,ville,teletravail,experience,niveau_etude,competences,date_publication
https://www.emploi.ma/offre-emploi-maroc/prescripteur-carrelage-casablanca-9321469,Prescripteur Carrelage - Casablanca,TECTRA CASA TERTIAIRE – RECRUTEMENT,"Pour l’un de ses clients, un laboratoire accrédité ISO/IEC 17025, spécialisé dans les essais sur matériaux de construction, TECTRA recherche en urgence un Prescripteur Carrelage à Casablanca. Vous connaissez le marché du bâtiment au Maroc, vous êtes à l'aise avec les architectes et les promoteurs, et le terrain est votre environnement naturel ? Ce poste est fait pour vous. Vos missions Prospecter les bureaux d'architectes, promoteurs et chantiers sur Casablanca et sa région Présenter et faire prescrire nos collections de carrelage (sol, mur, grès cérame, grand format) selon le budget et le standing du projet Assurer le suivi des chantiers prescrits et intervenir sur les questions techniques Développer et fidéliser un portefeuille de prescripteurs (architectes, promoteurs, entreprises de construction)",Métiers du BTP,"BTP, construction",CDI,Casablanca-Mohammedia,Casablanca,,Expérience entre 2 ans et 5 ans - Expérience entre 5 ans et 10 ans - Expérience > 10 ans,Bac+2 - Bac+3 - Bac+4 - Bac+5 et plus,"['Architecture', 'Construction']",2026-04-21
https://www.emploi.ma/offre-emploi-maroc/commis-douane-tanger-9336282,Commis en Douane - Tanger,TECTRA TANGER – RECRUTEMENT,"L’Humain est au cœur de notre métier ! TECTRA est aujourd’hui leader du conseil en Ressources Humaines au Maroc. Avec plus de 1000 clients actifs multisectoriels et une force de réseaux de 27 agences partout dans le Royaume, Tectra vous accompagne dans votre recherche d’emploi. Pour l’un de ses clients, dans le secteur transport international, TECTRA recherche un(e) Commis en Douane, à Tanger . Missions principales : Aider le Déclarant en douane dans toutes les opérations de douane. Collecter auprès des organismes concernés les documents à l’arrivée. Déplacements en zones « libre » et « sous-douane». Ouverture des colis pour contrôle devant l’inspecteur des douanes. Faire viser les documents douaniers auprès des services des douanes. Aider le Déclarant en douane pour l’établissement des déclarations (apprentissage progressif sur le terrain).","Transport, logistique","Transports, logistique, services postaux",CDI - Intérim,Tanger-Tétouan-Al Hoceïma,Tanger,,Expérience entre 2 ans et 5 ans,Bac+2 - Bac+3,"['Transport International', 'Transport', 'Douane']",2026-04-29
https://www.emploi.ma/offre-emploi-maroc/valet-chambre-marrakech-9339113,Valet de Chambre - Marrakech,GROUPE MCE,"Nous recherchons un Valet de chambre pour rejoindre notre établissement. Ce poste implique la gestion et le nettoyage des chambres pour assurer un séjour agréable aux clients, tout en maintenant un environnement propre et accueillant. Missions : Assurer la propreté et l'entretien des chambres selon les standards de l'hôtel. Réapprovisionner les fournitures et les équipements dans les chambres. Respecter les consignes d'hygiène et de sécurité en vigueur. Collaborer avec l'équipe pour garantir un service de qualité. Gérer les demandes spécifiques des clients avec professionnalisme.","Tourisme, hôtellerie, restauration","Hôtellerie, restauration",Intérim,Marrakech-Safi,Marrakech,,Débutant < 2 ans - Expérience entre 2 ans et 5 ans,Bac+2,"['Hôtellerie', 'Tourisme', 'Restauration']",2026-05-01
https://www.emploi.ma/offre-emploi-maroc/responsable-patrimoine-assurances-juridique-casablanca-rabat-9306586,"Responsable Patrimoine, Assurances et Juridique - Casablanca - Rabat",,"Nous sommes à la recherche d'un Responsable Patrimoine, Assurances et Juridique. Missions : Assurer la conformité juridique des actes engagés par Salam Gaz Assurer une couverture optimale de SG contre les risques inhérents à son activité",Juridique,"Automobile, matériels de transport, réparation",CDI,Casablanca-Mohammedia - Rabat-Salé-Kénitra,Casablanca - Rabat,,Expérience entre 2 ans et 5 ans,Bac+3 - Bac+4 - Bac+5 et plus,[],2026-04-11
https://www.emploi.ma/offre-emploi-maroc/coursier-tanger-9336361,Coursier - Tanger,TECTRA TANGER – RECRUTEMENT,"L’Humain est au cœur de notre métier ! TECTRA est aujourd’hui leader du conseil en Ressources Humaines au Maroc. Avec plus de 1000 clients actifs multisectoriels et une force de réseaux de 27 agences partout dans le Royaume, Tectra vous accompagne dans votre recherche d’emploi. Pour l’un de ses clients, dans le secteur de transport international, TECTRA recherche un Coursier. Missions principales ; Enlèvement de marchandises (Pick-up) : Récupérer les colis, plis ou palettes chez les clients (entreprises, entrepôts, aéroports). Vérification de la conformité : Contrôler l'état des emballages, le nombre de colis et la correspondance avec les documents d'expédition (bordereaux de livraison). Chargement et sécurisation : Charger le véhicule de manière optimisée et sécuriser la marchandise pour éviter les dommages durant le transport. Assurer la présence et la conformité des documents indispensables (lettre de voiture, CMR , facture commerciale , liste de colisage). Présenter les marchandises et les documents aux services douaniers aux frontières ou dans les zones de transit. Faire signer les bons de livraison ( Proof of Delivery - POD ) et gérer les retours de documents signés.","Transport, logistique","Transports, logistique, services postaux",CDI - Intérim,Tanger-Tétouan-Al Hoceïma,Tanger,,Expérience entre 2 ans et 5 ans,Bac+2 - Bac+3,"['Transport International', 'Chargement', 'Expédition', 'Transit', 'Transport', 'Colisage', 'Delivery']",2026-04-29
https://www.emploi.ma/offre-emploi-maroc/chef-equipe-extrudeur-meknes-9338265,Chef d'Equipe Extrudeur - Meknès,SOMACOS,"Nous recrutons un Chef d’Équipe Extrudeur. Description du poste Vous interviendrez dans une industrie en production continue en 3X8. Durant votre poste, Vous affecterez les tâches à effectuer pendant le poste au sein de l'équipe. Vous veillerez à la bonne réalisation des productions selon les besoins clients et les standards sécurité et qualité et serez vous-même œuvrant (assurer les changements de série, montage démontage des filières et des conformateurs, assurer la maintenance première niveau suivre et préparation mélange la mise en place des 5S la rédaction des rapport production contrôles qualité ...). Vous serez l'interlocuteur principal entre votre équipe et le Responsable de Production : suivi de la performance, gestion des aléas, proposition d'améliorations.","Production, maintenance, qualité","Industrie, production, fabrication, autres",CDI - CDD,Agadir - Béni Mellal-Khénifra - Casablanca-Mohammedia - Dakhla - Errachidia - Fès - Guelmim - Laâyoune - Marrakech-Safi - Meknès - Oujda - Rabat-Salé-Kénitra - Settat - Tanger-Tétouan-Al Hoceïma - International,Meknès,,Expérience entre 2 ans et 5 ans - Expérience entre 5 ans et 10 ans - Expérience > 10 ans,Bac+3 - Bac+4 - Bac+5 et plus,"['Production', 'Montage', 'Qualité', 'Extrusion', 'Maintenance', 'Démontage']",2026-05-07
https://www.emploi.ma/offre-emploi-maroc/commerciale-senior-casablanca-9318799,Commercial(e) Senior - Casablanca,CALLIOPE,"Dans le cadre de notre développement, nous recrutons un(e) Commercial(e) Senior dynamique et expérimenté(e). Rattaché(e) à la Direction commerciale, vous serez amené(e) à : Contribuer à la mise en œuvre d'une stratégie commerciale en cohérence avec les orientations de la Direction Générale. Développer l'activité commerciale et le portefeuille clients tout en atteignant les objectifs mensuels et annuels fixés. Analyser le marché publicitaire et les tendances du secteur pour anticiper les besoins des partenaires.","Commercial, vente","Marketing, communication, médias",CDI,Casablanca-Mohammedia,Casablanca,,Expérience entre 2 ans et 5 ans - Expérience entre 5 ans et 10 ans - Expérience > 10 ans,Bac+5 et plus,"['Stratégie Commerciale', 'Négociation', 'Vente']",2026-04-18
https://www.emploi.ma/offre-emploi-maroc/ingenieur-industriel-methodes-ait-melloul-9275585,Ingénieur Industriel Méthodes - Ait Melloul,VETCAM,"Dans le cadre du développement de nos activités industrielles, nous recrutons un Ingénieur Industriel Méthodes chargé d’optimiser les processus de production, d’améliorer la performance industrielle et de contribuer à la réduction des coûts et des délais de fabrication. Missions principales : Rattaché à la Direction Industrielle, vos principales responsabilités seront : Analyser, concevoir et améliorer les processus de production afin d’optimiser la productivité et la qualité. Définir et mettre à jour les méthodes de fabrication et les standards de production . Élaborer et suivre les gammes opératoires et les procédures de fabrication . Mettre en place des actions d’amélioration continue visant à réduire les pertes, les rebuts et les temps non productifs. Optimiser les flux de production et l’organisation des postes de travail . Participer à la mise en place d’indicateurs de performance industrielle et assurer leur suivi. Contribuer aux projets d’ industrialisation de nouveaux produits ou procédés . Collaborer étroitement avec les équipes production, maintenance et qualité pour améliorer la performance globale de l’usine. Participer à la réduction des coûts de production et à l’optimisation des ressources. Assurer un reporting régulier à la direction sur les projets d’amélioration et les gains de performance.",Métiers du BTP,"BTP, construction",CDI,Agadir,Ait Melloul,Non,Expérience entre 2 ans et 5 ans,Bac+5 et plus,[],2026-03-21
https://www.emploi.ma/offre-emploi-maroc/community-manager-rabat-8726729,Community Manager - Rabat,,"Nous sommes à la recherche d’un Community Manager enthousiaste et créatif pour rejoindre notre équipe à Rabat. Vous serez responsable de la gestion de la présence en ligne de notre entreprise et de l’animation de nos réseaux sociaux. Ce poste est destiné à un profil moyen, ayant une première expérience dans la gestion de communautés et souhaitant développer ses compétences dans un environnement dynamique. Missions : Gérer et animer les comptes sur les réseaux sociaux (Facebook, Instagram, LinkedIn, Twitter, etc.). Créer du contenu engageant et visuel (texte, image, vidéo) adapté à chaque plateforme. Assurer la modération des commentaires et messages. Interagir avec les abonnés et maintenir une relation active avec la communauté. Analyser les performances des actions menées et proposer des ajustements (reporting mensuel). Participer à la stratégie de communication digitale et à la gestion des campagnes publicitaires. Assurer une veille constante sur les tendances et l'actualité des réseaux sociaux.","Informatique, nouvelles technologies","Equip. électriques, électroniques, optiques, précision",CDI,Rabat-Salé-Kénitra,Rabat,,Débutant < 2 ans - Expérience entre 2 ans et 5 ans - Expérience entre 5 ans et 10 ans - Expérience > 10 ans,Bac+3 - Bac+4 - Bac+5 et plus,"['Communication', 'Communication Digitale', 'Facebook Ads', 'Marketing', 'Stratégie de Communication', 'Community Management', 'Publicité']",2026-03-24
https://www.emploi.ma/offre-emploi-maroc/office-manager-assistante-direction-meknes-9327196,Office Manager / Assistant(e) de Direction - Meknès,SOMACOS,"Nous sommes à la recherche d'un(e) Office Manager / Assistant(e) de Direction. Missions principales Rattaché(e) à la Responsable Administrative et financière , vous serez en charge de : Assister la RAF dans la gestion quotidienne des activités Gérer son agenda, les réunions. Assurer le suivi administratif et organisationnel Préparer les documents, présentations et comptes rendus Gérer les communications internes et externes Suivre les dossiers clients et fournisseurs Coordonner les services internes (RH, comptabilité, logistique…) Veiller au bon fonctionnement du bureau (fournitures, prestataires, etc.)","Production, maintenance, qualité","Industrie, production, fabrication, autres",CDI,Agadir - Béni Mellal-Khénifra - Casablanca-Mohammedia - Dakhla - Errachidia - Fès - Guelmim - Laâyoune - Marrakech-Safi - Meknès - Oujda - Rabat-Salé-Kénitra - Settat - Tanger-Tétouan-Al Hoceïma - International,Meknès,,Expérience entre 2 ans et 5 ans - Expérience entre 5 ans et 10 ans - Expérience > 10 ans,Bac+2 - Bac+3 - Bac+4 - Bac+5 et plus,"['Maintenance', 'Qualité']",2026-04-23
https://www.emploi.ma/offre-emploi-maroc/manager-restaurant-rabat-9345283,Manager Restaurant - Rabat,TECTRA RABAT - KENITRA,"Nous recherchons un Manager Restaurant / Directeur de Restaurant pour rejoindre notre équipe. Ce poste implique la gestion quotidienne des opérations du restaurant, la supervision du personnel, et l'optimisation de la satisfaction client dans un environnement dynamique et exigeant. Missions : Assurer la gestion efficace des opérations du restaurant en respectant les normes de qualité et de service. Superviser et encadrer l'équipe pour garantir une performance optimale et un environnement de travail harmonieux. Gérer la relation avec la clientèle pour assurer leur satisfaction et fidélisation. Participer à la planification stratégique et à l'élaboration des budgets. Mettre en place des actions pour améliorer la rentabilité et l'efficacité des services.","Management, direction générale","Hôtellerie, restauration",Intérim,Rabat-Salé-Kénitra,Rabat,,Expérience entre 2 ans et 5 ans - Expérience entre 5 ans et 10 ans - Expérience > 10 ans,Bac+2 - Bac+3 - Bac+4 - Bac+5 et plus,"['Category Management', 'Management Opérationnel', 'Gestion', 'Leadership', 'Management', 'Planification']",2026-05-05
https://www.emploi.ma/offre-emploi-maroc/bim-modeleur-arc-facades-details-familles-casablanca-9272594,BIM Modeleur ARC – Façades / Détails / Familles - Casablanca,JOB CONNECT,"Pour notre client basé à Casablanca, nous recherchons un BIM Modeleur Architecture spécialisé Façades et Familles Revit. Mission principale Renforcer la production sur des sujets architecturaux techniques, notamment façades, détails et familles Revit, en réalisant une modélisation avancée de haute qualité. Responsabilités Modéliser des éléments complexes : façades, détails techniques, assemblages, avec une modélisation avancée. Créer et optimiser les familles Revit, en paramétrant leurs performances et en appliquant les meilleures pratiques. Supporter l’équipe sur les bibliothèques, les détails types, et préparer les livrables pour export IFC, DWG, PDF, selon les exigences du projet. Rationaliser la maquette, garantir la cohérence, structurer les gabarits et les standards Préparation des livrables et exports (IFC / DWG / PDF) selon les exigences projet.",Métiers du BTP,"BTP, construction",CDI,Casablanca-Mohammedia,Casablanca,,Expérience entre 2 ans et 5 ans - Expérience entre 5 ans et 10 ans - Expérience > 10 ans,Bac+3 - Bac+4 - Bac+5 et plus,"['BIM', 'Architecture', 'REVIT']",2026-03-27
https://www.emploi.ma/offre-emploi-maroc/responsables-magasin-casablanca-el-jadida-9273985,Responsables de Magasin - Casablanca et El Jadida,MARJANE MARKET,"Dans le cadre de l’ouverture de nouveaux sites, Marjane Market recrute des Responsables Magasins (H/F) pour les villes de : Casablanca et El Jadida. Vous serez rattaché au Directeur Régional, vous dirigez une surface de vente, coordonnez et optimisez l’activité, contrôlez la gestion quotidienne et encadrez une équipe. Dans ce cadre vous serez directement responsable du résultat d’exploitation du magasin et pleinement impliqué(e) sur les missions suivantes : Contribuer au développement du chiffre d’affaires et de la marge ; Établir les prévisions des ventes et s’assurer de la fidélisation des clients…); Établir le budget prévisionnel annuel ; Analyser les tableaux de pilotage et mettre en place des plans d’action, être le garant du respect des procédures ; Animer l’équipe de vente, Organiser la communication interne ; Veiller au respect de la législation sociale et la sécurité.","Commercial, vente","Distribution, vente, commerce de gros",CDI,Casablanca-Mohammedia,Casablanca Et El Jadida,Non,Expérience entre 2 ans et 5 ans,Bac+4 - Bac+5 et plus,['Vente'],2026-05-07
https://www.emploi.ma/offre-emploi-maroc/directeur-technique-meknes-9301373,Directeur Technique - Meknès,SOMACOS,"Description du poste : Directeur Technique H Secteur : Plasturgie – Irrigation (Goutte-à-goutte et accessoires) Dans le cadre du renforcement de notre organisation, une société industrielle spécialisée dans la fabrication de tuyaux de goutte-à-goutte et d’accessoires d’irrigation, recrute un Directeur d’Usine / Directeur Technique. Missions principales : Rattaché à la Direction Générale, vous aurez pour principales responsabilités : Assurer la direction globale de l’usine (production, maintenance, qualité, sécurité) Définir et mettre en œuvre la stratégie technique et industrielle Planifier, organiser et optimiser la production (extrusion, injection, recyclage plastique, etc.) Garantir la performance industrielle (productivité, coûts, délais, qualité) Superviser les équipes techniques et de production Mettre en place et suivre les indicateurs de performance (KPI) Piloter les projets d’amélioration continue et d’industrialisation Veiller au respect des normes qualité, sécurité et environnement Participer aux choix d’investissements industriels et technologiques Nous offrons : Un poste stratégique au sein d’un groupe industriel en développement Un environnement technique stimulant Rémunération attractive selon profil et expérience Type d'emploi : Temps plein, CDI Type d'emploi : CDI","Production, maintenance, qualité","Industrie, production, fabrication, autres",CDI,Agadir - Béni Mellal-Khénifra - Casablanca-Mohammedia - Dakhla - Errachidia - Fès - Guelmim - Laâyoune - Marrakech-Safi - Meknès - Oujda - Rabat-Salé-Kénitra - Settat - Tanger-Tétouan-Al Hoceïma - International,Meknès,Non,Expérience entre 5 ans et 10 ans - Expérience > 10 ans,Bac+4 - Bac+5 et plus,"['Irrigation', 'Plasturgie', 'Atelier de Production', 'Gestion Industrielle', 'Procédés', 'Génie Industriel', 'Productivité', 'Injection Plastique', 'Production', 'TPM', 'Maintenance', 'Industrialisation', 'Injection', 'Amélioration Continue', 'Qualité', 'Extrusion', 'Irrigation']",2026-04-10
https://www.emploi.ma/offre-emploi-maroc/mecanicien-industriel-had-soualem-9358249,Mécanicien Industriel - Had Soualem,TECTRA RECRUTEMENT MAROC,"Nous recherchons un Mécanicien Industriel pour rejoindre notre équipe. Ce poste implique la maintenance, la réparation et l'entretien des équipements industriels afin d'assurer leur bon fonctionnement et leur performance optimale dans un environnement de production dynamique. Missions : Effectuer la maintenance préventive et corrective des machines industrielles pour minimiser les temps d'arrêt. Diagnostiquer et réparer les pannes techniques sur différents équipements de production. Participer à l'installation et à la mise en service de nouveaux équipements. Assurer la conformité des machines aux normes de sécurité et de qualité. Collaborer avec les équipes de production pour optimiser le fonctionnement des installations.","Production, maintenance, qualité","Industrie, production, fabrication, autres",Intérim,Casablanca-Mohammedia,Had Soualem,,Débutant < 2 ans - Expérience entre 2 ans et 5 ans,Bac+2 - Bac+3 - Bac+4 - Bac+5 et plus,"['Machines', 'Production', 'Maintenance Industrielle', 'Qualité', 'Réparation', 'Maintenance', 'Maintenance Préventive']",2026-05-05
https://www.emploi.ma/offre-emploi-maroc/centraliste-beton-rabat-9360438,Centraliste Béton - Rabat,TECTRA RABAT - KENITRA,"Nous recherchons un Centraliste Béton pour rejoindre notre équipe. Ce poste implique la gestion et la préparation du béton sur chantier, en assurant la qualité et la conformité des mélanges, tout en coordonnant avec les équipes de construction. Le rôle nécessite une expertise technique dans le secteur du BTP et une capacité à travailler dans un environnement dynamique. Missions : Préparer et doser le béton selon les spécifications techniques et les plans fournis. Assurer la qualité des mélanges et la conformité aux normes en vigueur. Coordonner avec les équipes de chantier pour garantir la livraison en temps voulu. Gérer le matériel de bétonnage et veiller à son bon fonctionnement. Respecter les règles de sécurité sur le site et assurer la sécurité des opérations de bétonnage.",Métiers du BTP,"BTP, construction",Intérim,Rabat-Salé-Kénitra,Rabat,,Expérience entre 2 ans et 5 ans - Expérience entre 5 ans et 10 ans - Expérience > 10 ans,Bac - Bac+1 - Bac+2 - Bac+3 - Bac+4 - Bac+5 et plus,"['Bétonnage', 'Expertise Technique', 'BTP', 'Construction', 'Bétonnage']",2026-05-06
https://www.emploi.ma/offre-emploi-maroc/commis-rang-tanger-9304865,Commis de Rang - Tanger,TECTRA TANGER – RECRUTEMENT,"L’Humain est au cœur de notre métier ! TECTRA est aujourd’hui leader du conseil en Ressources Humaines au Maroc. Avec plus de 1000 clients actifs multisectoriels et une force de réseaux de 27 agences partout dans le Royaume, Tectra vous accompagne dans votre recherche d’emploi. Pour l’un de ses clients, dans le secteur hôtellerie, TECTRA recherche un(e) Commis de Rang , à Tanger . Missions principales : S’occuper des tâches de nettoyage, mise en place et du dressage des tables du restaurant, ou des fonctions prévues, Organiser et entretenir les offices avant et après chaque service, ▪ Respecter les consignes du Chef de Rang, Participer au bon déroulement du service en effectuant les tâches confiées par le Chef de Rang, Servir les clients, et exécuter des tâches de soutien au service, Débarrasser les tables, réaliser la mise en place pour le prochain service, ranger le matériel de service, Respecter les engagements envers l’environnement","Tourisme, hôtellerie, restauration","Tourisme, loisirs",Intérim,Tanger-Tétouan-Al Hoceïma,Tanger,,Expérience entre 2 ans et 5 ans,Bac+2 - Bac+3,"['Restauration', 'Dressage', 'Hôtellerie']",2026-04-11
https://www.emploi.ma/offre-emploi-maroc/agent-administratif-logistique-parc-automobile-casablanca-9278614,Agent Administratif Logistique Parc Automobile - Casablanca,TECTRA CASA BOURGOGNE – RECRUTEMENT,"Pour l'un de ces clients concessionnaire d'automobile ; Tectra recrute 2 Agents Administratifs Logistique Parc Automobile. Mission principales : Gestion Administrative : Suivi des documents (cartes grises, assurances, contrôle technique), gestion des cartes carburant, des contraventions, des sinistres, des factures. Logistique & Organisation : Planification des affectations, optimisation des plannings, gestion des livraisons/restitutions, allocation des ressources. Suivi Technique : S'assurer de la conformité réglementaire (VGP, etc.), organiser l'entretien et les réparations, vérifier les niveaux et l'équipement des véhicules. Relationnel & Reporting : Conseiller les utilisateurs, informer la direction, rédiger des rapports d'activité.","Gestion, comptabilité, finance","Automobile, matériels de transport, réparation",Intérim,Casablanca-Mohammedia,Casablanca,,Expérience entre 2 ans et 5 ans - Expérience entre 5 ans et 10 ans - Expérience > 10 ans,Bac+2 - Bac+3 - Bac+4 - Bac+5 et plus,"['Comptabilité', 'Finance', 'Gestion', 'Comptabilité']",2026-03-24
https://www.emploi.ma/offre-emploi-maroc/assistante-ressources-humaines-rabat-9274093,Assistante des Ressources Humaines - Rabat,INNOV ENGINEERING CONSULTING,"Nous sommes à la recherche d'une Assistante des Ressources Humaines. Missions : Participer à l'ensemble du processus de recrutement (sourcing, tri de CV, entretiens téléphoniques et physiques). Gérer l'administration du personnel de l'ensemble de la région. Assurer le suivi des documents liés à l'embauche (contrat de travail, fiche de poste, etc.) ainsi que les documents administratifs (attestation mutuelle, avenants, etc.). Assurer le suivi de la gestion du personnel (congés payés, etc.). Mettre à jour les tableaux de bords RH.",Métiers du BTP,"BTP, construction",CDI,Rabat-Salé-Kénitra,Rabat,,Débutant < 2 ans,Bac+3 - Bac+4 - Bac+5 et plus,[],2026-03-20
https://www.emploi.ma/offre-emploi-maroc/gestionnaire-relation-client-casablanca-9340089,Gestionnaire Relation Client - Casablanca,CRIT,"Nous sommes à la recherche d'un Gestionnaire Relation Client. Rattaché(e) à la Direction des Opérations, le Gestionnaire Relation Client assure la prise en charge des demandes clients et veille à leur satisfaction. À ce titre, vous serez amené(e) à : Assister les clients en cas de panne, accident ou vol de leur véhicule Traiter les demandes clients dans les meilleurs délais Analyser les besoins et proposer des solutions adaptées Assurer le suivi des dossiers jusqu’à leur résolution Réceptionner les déclarations de sinistres et conseiller les clients Saisir et mettre à jour les données clients sur les outils (CRM, Salesforce…) Accompagner les clients dans leurs relations avec les réparateurs Veiller à la qualité de service et à l’efficacité des échanges","Commercial, vente","Intérim, recrutement",Intérim,Casablanca-Mohammedia,Casablanca,Non,Débutant < 2 ans,Bac+3 - Bac+4 - Bac+5 et plus,"['Relation Clients', 'Actions Commerciales', 'Relation Clients', 'CRM', 'Vente']",2026-05-01
https://www.emploi.ma/offre-emploi-maroc/conseiller-commercial-vehicules-occasion-casablanca-9328839,Conseiller Commercial Véhicules d’Occasion - Casablanca,CRIT,"Nous sommes à la recherche d'un Conseiller Commercial Véhicules d’Occasion. Rattaché(e) à la direction commerciale, vous êtes en charge de la commercialisation des véhicules d’occasion. Vous accueillez et conseillez les clients en fonction de leurs besoins, assurez la présentation des véhicules et accompagnez les prospects jusqu’à la conclusion de la vente.Vous développez votre portefeuille clients, assurez le suivi des leads et contribuez activement à l’atteinte des objectifs commerciaux. Vous participez également à la valorisation du parc VO et veillez à offrir une expérience client de qualité.","Commercial, vente","Automobile, matériels de transport, réparation",CDI,Casablanca-Mohammedia,Casablanca,Non,Expérience entre 2 ans et 5 ans,Bac+2 - Bac+3,"['Vente', 'Commercialisation']",2026-05-02
https://www.emploi.ma/offre-emploi-maroc/developpeur-c-senior-multiplateforme-rabat-9285636,Développeur C++ Senior (Multiplateforme) - RABAT,JOB CONNECT,"Nous recrutons pour le compte de notre client basé à Rabat, Un Développeur C++ Senior (Multiplateforme) , expérimenté, doté d’une expertise technique avancée et d’une forte capacité à travailler sur des environnements complexes et innovants. Missions principales : Développer et maintenir des applications C++ multiplateformes (Windows, macOS, Linux), en garantissant performance, fiabilité et compatibilité Solides connaissances en (Bibliothèque standard C++, Gestion mémoire, Architecture logicielle, Maintenance de code existant Concevoir, implémenter et maintenir des API simples, robustes et performantes Participer activement aux phases de conception (design reviews) et aux revues de code Assurer la maintenance corrective et évolutive du code existant Mettre en place et maintenir des tests unitaires ainsi que des processus d’intégration continue Travailler en méthodologie Agile avec des livraisons régulières Contribuer au développement de composants modernes, notamment : IntelliSense (serveur LSP, compilateur) Évolution d’un serveur web embarqué Extensions Visual Studio Code (édition, débogage, autocomplétion avancée) Intégration d’outils d’intelligence artificielle (recherche sémantique, assistants de code) Excellente maîtrise du C++ (niveau avancé) Solides connaissances en (Bibliothèque standard C++, Gestion mémoire, Architecture logicielle, Maintenance de code existant Bonne maitrise en développement multiplateforme (Windows, macOS, Linux) Bonne compréhension des outils de développement modernes et environnements IDE Maîtrise obligatoire du français (réunions, revues de code, spécifications) Établir les sujets techniques variés et innovants (C++ core, IA, outils de développement, serveurs embarqués)","Informatique, nouvelles technologies","Informatique, SSII, Internet",CDI,Rabat-Salé-Kénitra,RABAT,,Expérience entre 5 ans et 10 ans - Expérience > 10 ans,Bac+4 - Bac+5 et plus,"['LINUX', 'API', 'AGILE', 'C++']",2026-03-31
https://www.emploi.ma/offre-emploi-maroc/directeur-ressources-humaines-secteur-btp-marrakech-9282805,Directeur des Ressources Humaines – Secteur BTP - Marrakech,TECTRA,"L’Humain est au cœur de notre métier ! TECTRA est aujourd’hui leader du conseil en Ressources Humaines au Maroc. Avec plus de 1000 clients actifs multisectoriels et une force de réseaux de 27 agences partout dans le Royaume, Tectra vous accompagne dans votre recherche d’emploi. TECTRA recrute un Directeur des Ressources Humaines à Marrakech pour le compte de l’un de ses clients du secteur du BTP. Missions principales : Définir et piloter la stratégie RH en cohérence avec les objectifs de l’entreprise Superviser le recrutement, l’intégration et la gestion des talents Assurer la gestion administrative du personnel et veiller au respect de la législation sociale Mettre en place des politiques de formation et de développement des compétences Gérer les relations sociales et animer le dialogue avec les partenaires sociaux Accompagner les managers opérationnels dans la gestion de leurs équipes Piloter les projets RH (digitalisation, performance, culture d’entreprise…) Suivre les indicateurs RH et proposer des actions d’amélioration","Gestion, comptabilité, finance","BTP, construction",CDI,Marrakech-Safi,Marrakech,,Expérience entre 2 ans et 5 ans,Bac+5 et plus,"['Indicateurs RH', 'Finance', 'Formation', 'Gestion Administrative', 'Stratégie RH', 'Gestion', 'Projets RH', 'Comptabilité', 'Recrutement']",2026-03-27
https://www.emploi.ma/offre-emploi-maroc/architecte-casablanca-9306253,Architecte - Casablanca,EMPREINTE D'ARCHITECTE,"L’agence H+E Architecture Casablanca recrute! Nous renforçons notre équipe et recherchons des Architectes passionnés et motivés, capables d’intervenir sur toutes les phases d’un projet avec : Rigueur Autonomie Esprit d’équipe",Métiers du BTP,"BTP, construction",CDI,Casablanca-Mohammedia,Casablanca,,Débutant < 2 ans - Expérience entre 2 ans et 5 ans - Expérience entre 5 ans et 10 ans - Expérience > 10 ans,Bac+3 - Bac+4 - Bac+5 et plus,"['Formation', 'Architecture']",2026-05-07
https://www.emploi.ma/offre-emploi-maroc/chargee-recouvrement-telephonique-hf-casablanca-9347300,Chargé(e) de Recouvrement Téléphonique (H/F) - Casablanca,GENERAL PRIVATE INTERIM,"Dans le cadre de notre développement, nous recrutons un(e) Chargé(e) de Recouvrement Téléphonique . Missions : Assurer le recouvrement des créances par téléphone Relancer les clients en retard de paiement Négocier des solutions de règlement adaptées Assurer le suivi des dossiers et la mise à jour des information","Gestion, comptabilité, finance","BTP, construction",CDD - Intérim,Casablanca-Mohammedia,Casablanca,,Expérience entre 2 ans et 5 ans - Expérience entre 5 ans et 10 ans - Expérience > 10 ans,Bac+2 - Bac+3,"['Comptabilité', 'Finance', 'Gestion', 'Recouvrement']",2026-05-06
https://www.emploi.ma/offre-emploi-maroc/agent-hygiene-casablanca-9280068,Agent d'Hygiène - Casablanca,TECTRA AGENCE AIN SBAA,"Pour l’un de ses clients, dans le secteur de l'agroalimentaire, TECTRA recherche un Agent d'Hygiène , à Casablanca. Missions Principales : Nettoyage et désinfection : Sols, surfaces, sanitaires, mobilier, vitres, et espaces communs. Gestion des déchets : Vider les poubelles, tri sélectif, évacuation. Approvisionnement : Gestion des stocks de produits de nettoyage et consommables (savon, papier). Respect des règles : Application stricte des protocoles d'hygiène, sécurité et port des EPI. Maintenance : Nettoyage et entretien du matériel de nettoyage",Métiers des services,Agroalimentaire,Intérim,Casablanca-Mohammedia,Casablanca,,Débutant < 2 ans - Expérience entre 2 ans et 5 ans - Expérience entre 5 ans et 10 ans - Expérience > 10 ans,Qualification avant bac - Bac - Bac+1 - Bac+2,"['Sécurité', 'Entretien', 'Nettoyage', 'Maintenance']",2026-03-25
https://www.emploi.ma/offre-emploi-maroc/assistant-marketing-designer-meknes-9273670,Assistant Marketing Designer - Meknès,SOMACOS,"Nous sommes à la recherche d'un Assistant Marketing Designer. Missions principales Élaborer et mettre en œuvre des stratégies marketing Gérer les campagnes de communication (digitales et/ou offline) Analyser les performances (KPI, ROI, rapports) Participer à la création de contenus (réseaux sociaux, emailing, désigne , supports commerciaux) Réaliser des études de marché et de veille concurrentielle","Production, maintenance, qualité","Industrie, production, fabrication, autres",CDI,Agadir - Béni Mellal-Khénifra - Casablanca-Mohammedia - Dakhla - Errachidia - Fès - Guelmim - Laâyoune - Marrakech-Safi - Meknès - Oujda - Rabat-Salé-Kénitra - Settat - Tanger-Tétouan-Al Hoceïma - International,Meknès,Non,Expérience entre 2 ans et 5 ans - Expérience entre 5 ans et 10 ans,Bac+2 - Bac+3 - Bac+4 - Bac+5 et plus,"['Actions Marketing', 'Design', 'Maintenance', 'Qualité']",2026-03-20
https://www.emploi.ma/offre-emploi-maroc/ingenieur-biomedical-rabat-9318992,Ingénieur Biomédical - Rabat,INNOV ENGINEERING CONSULTING,"Nous sommes à la recherche d'un Ingénieur Biomédical . Missions principales : Assurer l’installation, la maintenance et le suivi des équipements biomédicaux Diagnostiquer les pannes et proposer des solutions techniques adaptées Veiller à la conformité et à la sécurité des dispositifs médicaux Participer à la gestion du parc d’équipements (inventaire, renouvellement, optimisation) Former le personnel médical à l’utilisation des équipements Collaborer avec les fournisseurs et prestataires techniques",Métiers de la santé et du social,"BTP, construction",CDI,Rabat-Salé-Kénitra,Rabat,Non,Expérience entre 5 ans et 10 ans - Expérience > 10 ans,Bac+5 et plus,"['Santé', 'Laboratoire']",2026-04-18
https://www.emploi.ma/offre-emploi-maroc/gerant-restaurant-casablanca-9357171,Gérant de Restaurant - Casablanca,GENERAL PRIVATE INTERIM,"Dans le cadre de développement de notre restaurant, nous recrutons un Gérant de Restaurant. Missions principales : Superviser l’ensemble des opérations du restaurant Gérer les équipes (salle et cuisine) Assurer la qualité du service et la satisfaction client Suivre les performances et la rentabilité","Tourisme, hôtellerie, restauration","Hôtellerie, restauration",CDI - CDD - Intérim,Casablanca-Mohammedia,Casablanca,,Expérience entre 2 ans et 5 ans - Expérience entre 5 ans et 10 ans - Expérience > 10 ans,Bac - Bac+1 - Bac+2 - Bac+3 - Bac+4 - Bac+5 et plus,"['Restauration', 'Management de la Restauration', 'Cuisine', 'Restauration', 'Tourisme']",2026-05-04
https://www.emploi.ma/offre-emploi-maroc/chef-partie-pastry-riyadh-saudi-arabia-9342213,"Chef de Partie - Pastry - Riyadh, Saudi Arabia",AFRICAWORK,"We are recruiting a Chef de Partie - Pastry for our client, a leading hospitality and catering group operating in Saudi Arabia , specializing in large-scale banqueting, corporate catering, and premium event services. Missions & Tasks: Produce a full range of international and oriental pastries, desserts, and baked goods for daily operations and banquet events. Prepare traditional Arabic sweets and oriental patisserie (kunafa, baklava, luqaimat, etc.) to authentic standards. Support bakery production – breads, rolls, viennoiserie, and basic baked goods as required. Execute pastry menus for banquets and catering events including dessert buffets and individual plated desserts. Lead mise en place for the pastry section – production planning for events. Supervise and train commis pastry chefs. Ensure HACCP compliance, correct temperature management, and allergen labeling in the pastry kitchen. Control ingredient stock, minimize waste, and maintain freshness standards. Reporting To: Executive Pastry Chef / Sous Chef / Executive Sous Chef. Directly Supervises: Commis Pastry Chefs – 2 to 3 staff. Coordinates With: CDP Hot, CDP Cold, Banqueting team, Stores & Procurement. Salary Range: SAR 3,500 – 5,000 net/month (USD 930 - 1,330 net/month) depending on experience and specialization. Accommodation and transport included for expat candidates. Social Benefits: Accommodation | Transportation | flight ticket | Medical insurance | 21 days annual leave | End-of-service gratuity.",Métiers des services,"Hôtellerie, restauration",CDI,International,"Riyadh, Saudi Arabia",Non,Expérience entre 5 ans et 10 ans - Expérience > 10 ans,Bac+2 - Bac+3 - Bac+4 - Bac+5 et plus,"['Support', 'Boulangerie', 'Tourisme', 'Catering']",2026-05-02
https://www.emploi.ma/offre-emploi-maroc/commercial-terrain-b2b-pret-porter-homme-gros-casablanca-9337763,Commercial Terrain B2B Prêt‑à‑porter Homme (Gros) - Casablanca,,"Société de prêt‑à‑porter homme basée à Casablanca recherche un Commercial Terrain B2B expérimenté pour développer les ventes en gros auprès de petites boutiques multi‑marques dans différentes villes du Maroc. Votre mission principale est de vendre nos collections en gros à des détaillants indépendants : vous visitez les boutiques, présentez les produits, conseillez les gérants sur les assortiments adaptés à leur clientèle et prenez les commandes dans le respect de la politique commerciale de l’entreprise. Vous travaillez en étroite collaboration avec la direction pour structurer et développer un portefeuille durable de clients professionnels. Notre société dispose d’un stock important en costumes, chemises et cravates, ainsi que d’un assortiment complémentaire de pantalons coton, pulls et vestes. Nous recherchons un profil de terrain, déjà habitué à travailler avec des boutiques de prêt‑à‑porter, capable de transformer ce stock en chiffre d’affaires régulier via une présence active sur le terrain, une bonne organisation de tournées et une forte capacité de suivi. Missions principales : Prospecter et visiter régulièrement des boutiques de prêt‑à‑porter homme (multi‑marques) dans différentes villes du Maroc. Présenter les collections (costumes, chemises, cravates, pantalons coton, pulls, vestes) et mettre en avant les points forts de chaque gamme. Conseiller les détaillants sur les assortiments, tailles, couleurs et quantités en fonction de leur clientèle et de leur niveau de stock. Négocier les conditions dans le cadre de la politique définie par la direction (quantités, remises, délais, modalités de règlement). Prendre les commandes de façon rigoureuse et assurer une transmission claire aux équipes internes. Assurer le suivi des clients existants : relances, présentation des nouveautés, gestion des réassorts, aide à la rotation des stocks en magasin. Participer, si nécessaire, à certains encaissements ou recouvrements, en coordination avec l’administration. Remonter les informations du terrain : prix pratiqués par la concurrence, bestsellers, difficultés rencontrées par les détaillants, opportunités de nouvelles zones ou nouveaux types de boutiques.","Commercial, vente","Distribution, vente, commerce de gros",CDI,Casablanca-Mohammedia,Casablanca,Non,Expérience entre 5 ans et 10 ans - Expérience > 10 ans,Bac+2 - Bac+3 - Bac+4 - Bac+5 et plus,"['Expérience textile / prêt‑à‑porter', 'Prospection terrain et tournées clients', 'Négociation avec boutiques multi‑marques', 'Gestion et suivi portefeuille clients', 'Atteinte d’objectifs de chiffre d’affaires', 'Relance commerciale et fidélisation', 'Bon relationnel', 'sérieux et fiabilité', 'Organisation des tournées et planning', 'Permis B', 'déplacements fréquents Maroc', 'Suivi des Clients', 'Négociation', 'Prospection Terrain', 'Vente', 'Prospection']",2026-05-07
https://www.emploi.ma/offre-emploi-maroc/assistante-administrative-casablanca-9322606,Assistante Administrative - Casablanca,CRIT,Nous sommes à la recherche d'une Assistante Administrative. Missions : Gérer les achats et le suivi des fournisseurs Assurer la gestion de l’agenda et l’organisation des rendez-vous Suivre et mettre à jour les fichiers Excel Gérer la facturation et les bons de livraison (BL) Assurer l’accueil physique et téléphonique Gérer la caisse et les opérations courantes Assurer la gestion administrative du bureau Participer à la gestion et au suivi des appels d’offres,"Secrétariat, assistanat","Industrie, production, fabrication, autres",Intérim,Casablanca-Mohammedia,Casablanca,Non,Expérience entre 2 ans et 5 ans,Bac+3,"['Assistance Administrative', ""Appel d'Offres"", 'Secrétariat Bureautique', 'Fichiers', 'Gestion Administrative', 'Gestion des Appels', 'Secrétariat', 'Accueil Physique', 'Assistance', 'Bureautique', 'Facturation', 'Assistanat']",2026-04-21
https://www.emploi.ma/offre-emploi-maroc/chargee-accueil-anglophone-casablanca-9336953,Chargée D'Accueil Anglophone - Casablanca,BOTTU,"Bottu cherche à recruter une Chargée d'Accueil Anglophone . Missions : Assurer une gestion efficace du standard téléphonique et de l’accueil des visiteurs contribuant ainsi à l’efficacité et à une bonne image de l’entreprise. Être un support administratif auprès de la Direction RH Principales Attributions : Assurer une gestion optimale du standard téléphonique, en garantissant une prise en charge rapide, courtoise et efficace des appels entrants et sortants ; Garantir une gestion efficace de l’accueil des visiteurs de l’entreprise en facilitant leur orientation vers les services ou personnes appropriés et en incarnant l’image institutionnelle de l’entreprise ; Participer à la coordination et la mise en œuvre des aspects logistiques nécessaires au bon déroulement des réunions ; Apporter un soutien aux activités de secrétariat de la Direction RH lorsque cela s’avère nécessaire.","Secrétariat, assistanat",Industrie pharmaceutique,CDI,Casablanca-Mohammedia,Casablanca,,Expérience entre 2 ans et 5 ans,Bac+2 - Bac+3 - Bac+4,"['Support', 'Assistanat', 'Appels Entrants', 'Secrétariat']",2026-04-30
https://www.emploi.ma/offre-emploi-maroc/cloud-system-administrator-mf-8251967,Cloud System Administrator (M/F),AFRICASHORE,"We are looking for Cloud System Administrator profiles / CVs to share with our clients for their future recruitment campaigns. Mission: Installing, configuring and maintain softwares, servers (on premise / Cloud), Networks and firewalls . Overseeing/troubleshoot system performance, troubleshooting issues and outages Creating a backup and safeguarding the data(on premise / Cloud) if there are any hindrances Performing system upgrades following new releases. Ensuring/Sustaining Network integrity, server deployment, security and efficiency of IT infrastructure . Monitoring and maintaining Network servers such as file servers, VPN gateways and intrusion detection systems. Ensuring high-level security and efficiency resulting in 100% output . Perform server administration tasks, including user/group administration, security permissions, group policies, print services, research event log warnings and errors, and resource monitoring, ensuring system architecture components work together seamlessly. Monitor datacentre health using pre-existing management tools and respond to hardware issues as they arise; help build, test, and maintain new servers as needed. Deploying and configuring virtual Networks Orchestrating routing paths, especially in a hybrid Cloud . Managing public and private IP addresses . Significant experience building, configuring, and maintaining physical and virtual servers. Maintain internal infrastructure requirements including, laptop and desktop computers, servers, routers, switches, firewalls, printers, phones, security updates; support interNet, intraNet, LANs, WANs, and Network segments. Interact with the help desk and other teams to assist in troubleshooting, identify root cause, and provide technical support when needed. Perform routine/scheduled audits of the systems, including all backups IT Inventory management reporting Application Code deployments to various Cloud/ on premise servers.","Informatique, nouvelles technologies","Informatique, SSII, Internet",CDI - CDD - Freelance,Agadir - Béni Mellal-Khénifra - Casablanca-Mohammedia - Dakhla - Errachidia - Fès - Guelmim - Laâyoune - Marrakech-Safi - Meknès - Oujda - Rabat-Salé-Kénitra - Settat - Tanger-Tétouan-Al Hoceïma - International,/ Travail En Remote,,Expérience entre 5 ans et 10 ans,Bac+3,"['CVS', 'WAN', 'PREMISE', 'CENTOS', 'AZURE', 'REDHAT', 'DOCKER', 'VPN', 'PERL', 'LINUX', 'PYTHON']",2026-04-13
https://www.emploi.ma/offre-emploi-maroc/teleconseiller-reception-appels-casablanca-9301874,Téléconseiller en Réception D’Appels - Casablanca,TECTRA CASA TERTIAIRE – RECRUTEMENT,"Offre d’emploi : Téléconseiller en Réception d’Appels (H/F). Localisation : Sidi Maârouf – Casablanca TECTRA recrute des Téléconseillers en réception d’appels pour le compte de son client basé à Casablanca. Ce poste constitue une opportunité idéale pour les profils débutants souhaitant intégrer le monde professionnel et développer une première expérience en relation client. Une formation rémunérée est assurée au démarrage afin de vous accompagner dans la prise de poste. Vous serez formé(e) aux outils, aux procédures internes ainsi qu’aux techniques de gestion des appels. Missions principales : Réception des appels entrants Ouverture et suivi des dossiers clients Traitement des demandes et orientation des clients Rédaction des comptes rendus","Commercial, vente","Banque, assurance, finances",Intérim,Casablanca-Mohammedia,Casablanca,Non,"Etudiant, jeune diplômé",Bac+2 - Bac+3,"['Gestion des Appels', 'Rédaction', ""Réception d'Appels"", 'Dossiers', 'Vente', 'Secrétariat', 'Appels Entrants', 'Suivi des Dossiers', 'Assistanat']",2026-04-10
https://www.emploi.ma/offre-emploi-maroc/stagiaire-magasinier-casablanca-9272537,Stagiaire Magasinier - Casablanca,GROUPE MCE,"Dans le cadre du renforcement de notre équipe, nous recherchons un Stagiaire Magasinier motivé pour rejoindre notre structure à Casablanca. Missions : Participer à la réception et au contrôle des marchandises Assurer le rangement et l’organisation du stock Aider à la préparation des commandes Participer à l’inventaire du stock Veiller à la bonne tenue du magasin",Achats,"Distribution, vente, commerce de gros",Stage,Casablanca-Mohammedia,Casablanca,,Débutant < 2 ans,Bac+1 - Bac+2,"['Transport', 'Inventaire', 'Achats', 'Rangement']",2026-03-19
https://www.emploi.ma/offre-emploi-maroc/coordinateur-production-marrakech-9325820,Coordinateur Production - Marrakech,TECTRA MARRAKECH – HÔTELLERIE,"L’Humain est au cœur de notre métier !TECTRA est aujourd’hui leader du conseil en Ressources Humaines au Maroc. Avec plus de 1000 clients actifs multisectoriels et un réseau de 27 agences à travers le Royaume, TECTRA vous accompagne dans votre recherche d’emploi. Dans le cadre du développement de l’un de ses clients spécialisé dans le catering, TECTRA recrute un Coordinateur de Production basé à Marrakech. Missions principales : Assurer la planification et la coordination de la production culinaire selon les besoins clients. Superviser la préparation des repas en veillant au respect des normes de qualité, d’hygiène et de sécurité alimentaire. Coordonner les équipes en cuisine et en logistique (production, conditionnement, livraison). Gérer les plannings du personnel en fonction de l’activité. Veiller au respect des délais de production et de livraison. Assurer le suivi des stocks (matières premières, produits finis) et anticiper les besoins. Contrôler les coûts de production et optimiser les ressources. Gérer les imprévus liés aux événements et proposer des solutions rapides et efficaces. Veiller au respect des procédures internes et des normes HACCP.","Production, maintenance, qualité","Hôtellerie, restauration",Intérim,Marrakech-Safi,Marrakech,,"Etudiant, jeune diplômé - Débutant < 2 ans - Expérience entre 2 ans et 5 ans",Bac+2,"['Maintenance', 'Cuisine', 'Hygiène', 'Restauration', 'Qualité', 'Production', 'Tourisme', 'Catering', 'Production Culinaire', 'Normes de Qualité', 'Sécurité Alimentaire']",2026-04-22
https://www.emploi.ma/offre-emploi-maroc/controleur-comptable-financier-rabat-9313933,Contrôleur Comptable et Financier - Casablanca,TECTRA RABAT - KENITRA,"Nous sommes à la recherche d'un Contrôleur Comptable et Financier. Missions : Assurer le contrôle de la qualité, de la fiabilité et de la cohérence des données comptables, ainsi que la correcte imputation des opérations de CDG Capital. Identifier, analyser et traiter les anomalies comptables, en assurant le suivi de leur résolution avec les différentes parties prenantes. Établir et contrôler les (états de rapprochement bancaire, positions titres, services aux émetteurs…) et piloter l’apurement des suspens associés. Réaliser les rapprochements des données comptables et assurer un suivi rigoureux de l’apurement des écarts et suspens. Veiller à la réalisation des travaux de cadrage mensuel des positions de bilan, hors-bilan et du résultat, dans le respect des procédures internes. Contribuer aux travaux d’arrêté des comptes et à la production des reportings réglementaires de la banque. Garantir la conformité des traitements comptables aux normes en vigueur (PCEC, IFRS le cas échéant) ainsi qu’aux procédures internes. Assurer la documentation et la traçabilité des contrôles effectués (pistes d’audit, dossiers de justification). Participation, coordination des projets et travaux transverses.","Gestion, comptabilité, finance","Banque, assurance, finances",Intérim,Rabat-Salé-Kénitra,Casablanca,,Débutant < 2 ans - Expérience entre 2 ans et 5 ans - Expérience entre 5 ans et 10 ans - Expérience > 10 ans,Bac+3 - Bac+4 - Bac+5 et plus,"['Controlling', 'Comptabilité', 'Finance', 'Rapprochement Bancaire', 'IFRS', 'Audit', 'Gestion']",2026-04-15
https://www.emploi.ma/offre-emploi-maroc/magasinier-pieces-rechange-industriel-meknes-9273631,Magasinier Pièces de Rechange Industriel - Meknès,SOMACOS,"Dans le cadre du renforcement de notre équipe, nous recherchons un Magasinier Pièces de Rechange Industriel spécialisé en gestion de pièces de rechange industrielles. Il sera chargé d’assurer la gestion du stock, la réception et la distribution des pièces nécessaires aux opérations de maintenance et de production. Missions principales : Réceptionner, vérifier et stocker les pièces de rechange industrielles. Assurer l’organisation et le rangement du magasin. Préparer et délivrer les pièces demandées par le service maintenance ou production. Suivre les entrées et sorties de stock sur le système de gestion. Réaliser les inventaires périodiques. Signaler les besoins de réapprovisionnement.","Production, maintenance, qualité","Industrie, production, fabrication, autres",CDI - CDD,Agadir - Béni Mellal-Khénifra - Casablanca-Mohammedia - Dakhla - Errachidia - Fès - Guelmim - Laâyoune - Marrakech-Safi - Meknès - Oujda - Rabat-Salé-Kénitra - Settat - Tanger-Tétouan-Al Hoceïma - International,Meknès,Non,Expérience entre 2 ans et 5 ans - Expérience entre 5 ans et 10 ans - Expérience > 10 ans,Bac+2 - Bac+3,"['Gestion de Magasin', 'Analyse Industrielle', 'Maintenance', 'Production', 'Pièces Mécaniques', 'Maintenance Industrielle', 'Qualité']",2026-03-20
https://www.emploi.ma/offre-emploi-maroc/agent-facturation-8152518,Agent de Facturation,TECTRA,"Poste : Société cherche un Agent de Facturation disponible immédiatement ayant une expérience dans la facturation minimum d'1 an. Missions : Effectuer les démarches auprès du service commercial pour collecter les informations nécessaires à la facturation; Analyser, dans la base de données clients ou le CRM, les composantes du compte client : historique des différents contacts, bon de commande, contrat ; Vérifier la stricte conformité des données aux dispositions légales, faire valider la facture par la force de vente.","Gestion, comptabilité, finance","Hôtellerie, restauration",Intérim,Casablanca-Mohammedia,Casablanca,,Débutant < 2 ans,Bac+3,"['3D 2D', 'Comptabilité', 'Gestion', 'Finance', 'Facturation']",2026-04-14
https://www.emploi.ma/offre-emploi-maroc/chargee-accueil-francophone-rabat-9348381,Chargée D’Accueil Francophone - Rabat,CRIT,"Nous recrutons pour le compte de notre client, acteur reconnu dans le secteur automobile, une Chargée d’Accueil Francophone . Missions principales : Accueillir les clients avec professionnalisme et courtoisie Gérer les appels téléphoniques et orienter les demandes Assurer le suivi administratif des dossiers clients Participer à la bonne organisation du service après-vente Représenter l’image de l’entreprise auprès de la clientèle","Secrétariat, assistanat","Automobile, matériels de transport, réparation",Intérim,Rabat-Salé-Kénitra,Rabat,,Expérience entre 2 ans et 5 ans,Bac+2,"['Dossiers', 'Assistanat', 'Secrétariat', 'Suivi Administratif', 'Dossiers']",2026-05-07
https://www.emploi.ma/offre-emploi-maroc/commis-chocolatier-casablanca-9272743,Commis Chocolatier - Casablanca,TECTRA CASA TERTIAIRE – RECRUTEMENT,"Pour l’un de ses clients, dans l'Hôtellerie et Restauration, TECTRA recherche un(e) Commis Chocolatier , à Casablanca. Missions Principales : Assister le chocolatier dans la préparation et la réalisation des produits chocolatés. Participer aux différentes étapes de fabrication (tempérage, moulage, enrobage, décoration). Préparer les ingrédients et le matériel nécessaires à la production Veiller au respect des normes d’hygiène et de qualité. Participer à l’organisation et au nettoyage du poste de travail","Tourisme, hôtellerie, restauration","Hôtellerie, restauration",Intérim,Casablanca-Mohammedia,Casablanca,,Débutant < 2 ans - Expérience entre 2 ans et 5 ans - Expérience entre 5 ans et 10 ans - Expérience > 10 ans,Bac - Bac+1 - Bac+2 - Bac+3 - Bac+4 - Bac+5 et plus,"['Restauration', 'Pâtisserie', 'Hôtellerie']",2026-03-19
https://www.emploi.ma/offre-emploi-maroc/chargee-accueil-casablanca-9335507,Chargée d'Accueil - Casablanca,TECTRA,"Pour l’un de ses clients, TECTRA recherche une Chargée d'Accueil présentable et expérimentée sur Casablanca . Missions Principales : Accueil physique des clients Réception des appels téléphoniques Classement des dossiers Gestion de l'agenda du directeur Passation des réservation Organisation et préparation de la salle de réunion - Contrat : CDI + avantages sociaux - Rémunération : 5500 dh net","Secrétariat, assistanat","Ameublement, décoration",CDI,Casablanca-Mohammedia,Casablanca,Non,Expérience entre 2 ans et 5 ans,Bac+3,"['Assistanat', 'Classement des Dossiers', 'Secrétariat', 'Accueil Physique', 'Dossiers']",2026-04-29
https://www.emploi.ma/offre-emploi-maroc/consultant-sap-ehs-hf-8338271,Consultant SAP EHS (H/F),AFRICASHORE,"Nous recherchons un Consultant SAP EHS (H/F) pour notre client, une société multinationale dans le domaine des services informatiques. Mission : Définir le champ d'application et les priorités opérationnelles pour les changements à petite échelle et peut participer à des exercices de définition du champ d'application à plus grande échelle. Spécifier et documenter les exigences opérationnelles selon les instructions, en assurant la traçabilité jusqu'à la source. Les analysées pour s'assurer qu'elles correspondent aux objectifs de l'entreprise et qu'elles sont cohérentes, en les remettant en question de manière positive le cas échéant. Collaborer avec les parties prenantes pour hiérarchiser les exigences. Participer à l'analyse des objectifs des parties prenantes et des questions sous-jacentes découlant des enquêtes sur les exigences commerciales et les problèmes, et identifie les options à prendre en considération. Travailler de manière itérative avec les parties prenantes afin d'identifier les avantages potentiels et les options disponibles à prendre en considération, ainsi que pour définir les tests d'acceptation. Bonne compréhension du cycle de vie du projet et de toutes ses phases. Examiner les plans de projet et à y contribuer en termes de compréhension des dépendances et d'évaluation précise de l'effort pour ses propres contributions ou pour le suivi dont il fait partie. Suivre et à signaler l'état d'avancement du projet ou de la tâche, les risques et les problèmes. Participer activement à la préparation, à la conception, à la réalisation et à la mise en service des projets de mise en œuvre des clients. Démontrer la capacité de planifier, d'animer et de gérer des ateliers de travail ou des réunions avec des clients internes et externes. Faciliter les réunions de projet, les ateliers, le transfert de savoir-faire et la documentation.","Informatique, nouvelles technologies","Informatique, SSII, Internet",CDI - Freelance,Agadir - Béni Mellal-Khénifra - Casablanca-Mohammedia - Dakhla - Errachidia - Fès - Guelmim - Laâyoune - Marrakech-Safi - Meknès - Oujda - Rabat-Salé-Kénitra - Settat - Tanger-Tétouan-Al Hoceïma - International,/ Travail En Remote,,Expérience entre 2 ans et 5 ans,Bac+3,"['REACH', 'SAP']",2026-04-13
https://www.emploi.ma/offre-emploi-maroc/technicien-regleur-injection-meknes-9190964,Technicien Régleur en Injection - Meknès,SOMACOS,"Lieu : Meknès Organisation : Production continue – Horaires 3×8 Horaires : 06h00 – 14h00 14h00 – 22h00 22h00 – 06h00 Description du poste Dans le cadre de notre activité industrielle en production continue , nous recrutons un Technicien Régleur en Injection .Vous interviendrez directement sur les lignes de production et participerez activement à l’organisation et au bon déroulement des opérations tout en respectant les exigences qualité, sécurité et productivité . Vous serez un technicien opérationnel , impliqué sur le terrain et en lien direct avec le Responsable de Production . Missions principales Organiser et affecter les tâches au sein de l’équipe durant le poste. Assurer la bonne réalisation de la production conformément aux besoins clients et aux standards qualité et sécurité. Intervenir directement sur les opérations techniques : changements de série, montage et démontage des moules, réglages des machines d’injection, suivi et préparation des mélanges. Assurer la maintenance de premier niveau des équipements. Mettre en place et veiller au respect des 5S . Réaliser les contrôles qualité en cours de production. Rédiger les rapports de production et documents de suivi. Gérer les aléas de production et proposer des actions d’amélioration. Assurer le lien entre l’équipe terrain et le Responsable de Production (suivi des performances, reporting).","Production, maintenance, qualité","Industrie, production, fabrication, autres",CDI,Agadir - Béni Mellal-Khénifra - Casablanca-Mohammedia - Dakhla - Errachidia - Fès - Guelmim - Laâyoune - Marrakech-Safi - Meknès - Oujda - Rabat-Salé-Kénitra - Settat - Tanger-Tétouan-Al Hoceïma - International,Meknès,Non,Expérience entre 2 ans et 5 ans - Expérience entre 5 ans et 10 ans - Expérience > 10 ans,Bac+2 - Bac+3 - Bac+4 - Bac+5 et plus,"['Injection Plastique', ""Gestion d'Équipe"", 'Production', 'Machines', 'Démontage', 'Qualité', 'Montage', 'Injection', 'Maintenance', 'Productivité', 'Extrusion']",2026-04-09
https://www.emploi.ma/offre-emploi-maroc/magasinier-rangement-casablanca-9118779,Magasinier Rangement - Casablanca,,"Nous recrutons des Magasiniers pour rejoindre notre équipe dynamique dans le cadre du rangement et de l’organisation des produits dans nos magasins à travers le Maroc. Missions principales : Réception et vérification des livraisons de produits. Rangement, classification et gestion des stocks dans le respect des procédures. Veiller à la bonne organisation des rayons, en veillant à la présentation et à la rotation des produits. Assurer la propreté et l’ordre des espaces de stockage. Gestion des inventaires périodiques. Collaborer avec les responsables de magasin pour optimiser l’espace de stockage.","Transport, logistique","Distribution, vente, commerce de gros",CDD,Casablanca-Mohammedia,Casablanca,Non,Débutant < 2 ans - Expérience entre 2 ans et 5 ans,Qualification avant bac - Bac - Bac+1 - Bac+2,"['Stocks', 'Transport', 'Gestion des Stocks', 'Gestion des Inventaires', 'Stockage', 'Rangement']",2026-03-21
https://www.emploi.ma/offre-emploi-maroc/professeur-permanent-francais-casablanca-9338117,Professeur Permanent en Français - Casablanca,EDVANTIS HIGHER EDUCATION GROUP,"Dans le cadre de son développement, le groupe Edvantis recrute pour son campus à Casablanca des Professeurs Permanents en Français . Missions : Enseignement (cours et des Travaux Dirigés) et autres activités pédagogiques Encadrement pédagogique et suivi de projets étudiants Recherche scientifique dans le domaine de spécialisation.",Métiers des services,"Éducation, formation",CDI,Casablanca-Mohammedia,Casablanca,,Expérience entre 2 ans et 5 ans - Expérience entre 5 ans et 10 ans - Expérience > 10 ans,Bac+5 et plus,[],2026-04-30
https://www.emploi.ma/offre-emploi-maroc/ingenieur-genie-electrique-bureau-etudes-techniques-bet-rabat-9288624,Ingénieur en Génie Électrique – Bureau D’Études Techniques (BET) - Rabat,JOB CONNECT,"Nous recrutons pour le compte de notre client basé à Rabat, Un Ingénieur en Génie Électrique – Bureau d’Études Techniques (BET) dans le secteur BTP / Ingénierie Missions principales : Réaliser des études techniques détaillées (APS, APD, EXE) en génie électrique, avec un positionnement clair dans un BET. Maîtriser les normes obligatoires : NF C 15-100, IEC 60364, normes incendie, adaptées aux projets de bâtiments, hôpitaux, data centers et industries. Utiliser de manière indispensable les logiciels BET : Caneco BT, Caneco EP, Dialux, Relux, Autocad, Revit, Excel/MEP. Produire des notes de calcul rigoureuses : bilans de puissance, courants de court-circuit, dimensionnement des câbles et disjoncteurs. Préparer et livrer les documents BET : notes de calcul, schémas unifiés, plans d’exécution, dossiers APS, APD, EXE. Nommer précisément les projets réalisés et détailler ses responsabilités, interactions avec la maîtrise d’œuvre (MOE) et la maîtrise d’ouvrage (MOA), ainsi que les bureaux de contrôle. Assurer une rigueur technique et méthodologique : justification normative, traçabilité des hypothèses, traitement des observations du bureau de contrôle.",Métiers des services,"BTP, construction",CDI,Rabat-Salé-Kénitra,Rabat,,Expérience entre 2 ans et 5 ans - Expérience entre 5 ans et 10 ans - Expérience > 10 ans,Bac+5 et plus,"['AUTOCAD', 'REVIT', 'BTP', 'Dimensionnement', 'Génie Électrique', 'Secteur BTP', 'DIALUX', 'CANECO BT']",2026-04-02
https://www.emploi.ma/offre-emploi-maroc/chef-equipe-casablanca-9346176,Chef d'Équipe - Casablanca,COLORADO,"Nou sommes à la recherche d'un Chef d'Équipe. Rattaché au pôle industriel et technique, vos missions sont les suivantes : Exécuter les programmes de production ; Respecter les processus en vigueur ; Contrôler les produits conditionnés avant leur transfert au magasin produits finis ; Jouer un rôle actif dans la lutte contre les incendies; Gérer des équipes opérationnelles ; Organiser les postes de travail.","Production, maintenance, qualité","Chimie, pétrochimie, matières premières, mines",CDI,Casablanca-Mohammedia,Casablanca,,Expérience entre 2 ans et 5 ans,Bac+2 - Bac+3 - Bac+4 - Bac+5 et plus,"['Gestion de la Production', ""Gestion d'Équipe"", 'Maintenance', 'Hygiène', 'Processus', 'Fabrication', 'Production', 'Qualité', 'Gestion de la Production']",2026-05-05
https://www.emploi.ma/offre-emploi-maroc/chauffeur-dg-anglophone-casablanca-9297012,Chauffeur DG Anglophone - Casablanca,TECTRA CASA TERTIAIRE – RECRUTEMENT,"Pour l’un de ses clients, dans le secteur d'Automobile, TECTRA recherche un Chauffeur DG Anglophone , à Casablanca. Missions Principales : Assurer les déplacements du Directeur Général en toute sécurité Veiller à l’entretien et au bon état du véhicule Garantir ponctualité, discrétion et professionnalisme","Transport, logistique","Transports, logistique, services postaux",Intérim,Casablanca-Mohammedia,Casablanca,,Débutant < 2 ans - Expérience entre 2 ans et 5 ans - Expérience entre 5 ans et 10 ans - Expérience > 10 ans,Qualification avant bac - Bac - Bac+1 - Bac+2 - Bac+3 - Bac+4 - Bac+5 et plus,[],2026-04-07
https://www.emploi.ma/offre-emploi-maroc/restaurant-manager-cameroun-yaounde-9289150,Restaurant Manager - Cameroun - Yaoundé,AFRICAWORK,"Nous recrutons pour l'un de nos clients, un restaurant Lounge, un(e) Restaurant Manager. Position basée à Yaoundé - Cameroun Responsabilités: Rattaché(e) à la direction générale, vous serez en charge de: Gestion opérationnelle quotidienne; Gestion Financière; Gestion du personnel; Gestion des stocks; Gestion du Marketing et développement commercial; Expérience client et image de marque;","Management, direction générale","Hôtellerie, restauration",CDD,International,Cameroun - Yaoundé,Non,Expérience > 10 ans,Bac+2 - Bac+3 - Bac+4 - Bac+5 et plus,"['Management Hôtelier', 'Gestion', 'Tourisme', 'Leadership', 'Management', 'Restauration']",2026-04-02
https://www.emploi.ma/offre-emploi-maroc/network-architect-mf-8251973,Network Architect (M/F),AFRICASHORE,"We are looking for Network Architect profiles / CVs to share with our clients for their future recruitment campaigns. Mission: Deliver Core Backbone Network Designs in alignment with industry best practices. Deliver Customer Network Designs in alignment with industry best practices. Support and Alignment with Internal Teams. Contributor to Automation Stakeholders to deliver speed and accuracy for the enablement of new services. Perform Core Network Changes. Manage technical Network solutions and framework of [24]7 Network infrastructure. Perform Network troubleshooting to isolate and diagnose common Network problems. Upgrade Network hardware and software components as required. Perform Network planning, modeling, and analysis. Design, implement and manage security countermeasures when Network vulnerabilities arise. Develop and deliver professional proposals and design documentation for new/old program ramp-up or ramp-down. Testing the performance of upgraded or newly installed systems for performance, scalability, and security. Research, plan, evaluate and recommend Network architecture technology solutions across Data Center, Wide Area and Corporate Network. Perform hands on development work with Terraform, Terragrunt, env0, Python, Ansible, and other development frameworks as applied to Network Automation. Assess technology trends and articulate technology recommendations for Data Center and Wide Area Networking technologies, Network design, and implementation.","Informatique, nouvelles technologies","Informatique, SSII, Internet",CDI - CDD - Freelance,Agadir - Béni Mellal-Khénifra - Casablanca-Mohammedia - Dakhla - Errachidia - Fès - Guelmim - Laâyoune - Marrakech-Safi - Meknès - Oujda - Rabat-Salé-Kénitra - Settat - Tanger-Tétouan-Al Hoceïma - International,/ Travail En Remote,,Expérience entre 5 ans et 10 ans,Bac+3,"['DNS', 'SNMP', 'MPLS', 'PYTHON', 'JUNIPER', 'BGP', 'CVS', 'WAN', 'DHCP', 'ETHERNET', 'CISCO', 'TCP IP']",2026-04-13
https://www.emploi.ma/offre-emploi-maroc/charge-back-office-recouvrement-tresorerie-contrat-interim-casablanca-9341787,Chargé de Back Office Recouvrement et Trésorerie (Contrat D'intérim) - Casablanca,DEKRA SERVICES,"Nous cherchons dans le cadre de l’intérim, un(e) Chargé de Back Office Recouvrement et Trésorerie (H/F) pour le compte d’un groupe international, leader mondial dans la Commercialisation et assemblage de camions, autocars, autobus et Importation d'engins de travaux publics, sis au quartier industriel Ahl Loghlam. Vous serez en charge de : Recouvrement : Effectuer les relances écrites et téléphoniques, assurer le suivi des dossiers clients et mettre à jour les outils de gestion Effectuer les relances écrites et téléphoniques, assurer le suivi des dossiers clients et mettre à jour les outils de gestion Gestion des impayés : Suivi des dossiers de recouvrement de l'ouverture à la clôture, relances par courrier ou courriel. Lettrage des comptes clients, réconciliation des paiements et régularisation des comptes. Envoi des relevés clients Suivi et reporting : Gestion des demandes d’augmentation temporaire et de blocage des comptes clients sur CREDIT PORTAL. Analyse de la balance âgée, suivi des encaissements et reporting. Procédures contentieuses : Préparation des dossiers pour le recouvrement judiciaire ou la transmission aux cabinets spécialisés. Back office Trésorerie: Scannérisations des chèques et effets Suivi du portefeuille des effets Suivi quotidien des positions bancaires, équilibrage des comptes Gestion des encaissements/ décaissements Assurer le règlement/livraison des transactions, initier les virements et gérer les positions cash Effectuer les rapprochements bancaires, analyser les suspens comptables et justifier les écarts Produire les états de position de trésorerie, les prévisions de liquidité et les rapports d'incidents.","Gestion, comptabilité, finance","Automobile, matériels de transport, réparation",Intérim,Casablanca-Mohammedia,Casablanca,Non,Expérience entre 2 ans et 5 ans - Expérience entre 5 ans et 10 ans,Bac+3 - Bac+4 - Bac+5 et plus,"['Finance', 'Gestion', 'Gestion des Encaissements', 'Gestion des Impayés', 'Comptabilité', 'Trésorerie', 'Recouvrement', 'Finance']",2026-05-02
https://www.emploi.ma/offre-emploi-maroc/assistante-administratifve-facturation-achats-rabat-9322609,Assistant(e) Administratif(ve) – Facturation et Achats - Rabat,JOB CONNECT,"Nous recrutons, pour le compte de notre client basé à Rabat, un(e) Assistant(e) Administratif(ve) – Facturation et Achats (ve) . Son rôle principal est d’assurer la gestion administrative, le suivi des achats, la facturation ainsi que le support comptable, contribuant ainsi au bon fonctionnement de la structure. Missions principales : Gérer le volet administratif et le service achat Assurer l’accueil physique et téléphonique, orienter les visiteurs et gérer les appels Gérer les stocks et les approvisionnements (commandes, réceptions, inventaires) Suivre les dossiers administratifs des résidents Vérifier, saisir et suivre les dossiers de remboursement Participer à la gestion administrative courante (courriers, convocations, relances) Assister dans le traitement des remboursements (CNSS, CNOPS, assurances) Suivre les dossiers des stagiaires, bénévoles et bénéficiaires de l’accueil du jour Participer à la gestion administrative de l’association (courriers, convocations, relances) Assister dans le traitement et le suivi des remboursements (CNSS, CNOPS, assurances) Apporter un appui administratif et comptable aux différentes activités de la structure","Secrétariat, assistanat",Activités associatives,CDI,Rabat-Salé-Kénitra,Rabat,,Expérience entre 2 ans et 5 ans - Expérience entre 5 ans et 10 ans,Bac+2 - Bac+3 - Bac+4,"['Dossiers', 'Support', 'Facturation', 'Assistanat', 'Accueil Physique', 'Dossiers Administratifs', 'WORD', 'Gestion Administrative']",2026-04-21
https://www.emploi.ma/offre-emploi-maroc/nodejs-developer-mf-8251949,NODE.JS Developer (M/F),AFRICASHORE,"We are looking for NODE.JS Developer profiles / CVs to pass on to our clients for their future recruitment campaigns. Mission: Design and develop business logic and backend services for full-scale applications. Be responsible for designing, coding, testing, and implementing web applications. Write scalable, robust, testable, efficient, and easily maintainable code for our online comparison calculators and internal tools. Be responsible for system design and application development of web applications. Documenting Node.js processes, including database schemas, as well as preparing reports. Design and implementation of low-latency, high-availability, and high-performance applications. Should have Implemented the code to maintain security and data protection. Develop software architecture further, improve performance and caching. Support, maintain and optimize our development and production system environments including the continuous delivery pipeline. Take very high product responsibility and shape the IT agenda significantly. Demonstrate creativity and good analytical skills in independently identifying practical approaches to develop solutions. Mentor, support and guide less experienced colleagues. Work closely with the CTO and the Head of Engineering.","Informatique, nouvelles technologies","Informatique, SSII, Internet",CDI - CDD - Freelance,Agadir - Béni Mellal-Khénifra - Casablanca-Mohammedia - Dakhla - Errachidia - Fès - Guelmim - Laâyoune - Marrakech-Safi - Meknès - Oujda - Rabat-Salé-Kénitra - Settat - Tanger-Tétouan-Al Hoceïma - International,/ Travail à Distance,,Expérience entre 5 ans et 10 ans,Bac+3,"['JSON', 'JIRA', 'MONGODB', 'REST', 'MVC', 'CVS', 'SQL', 'NODE JS', 'MYSQL', 'CSS3', 'JAVASCRIPT', 'GIT', 'BOOTSTRAP', 'DOCKER', 'REDIS', 'NOSQL', 'LESS', 'POSTGRESQL', 'XML', 'JQUERY', 'REACT']",2026-04-13
https://www.emploi.ma/offre-emploi-maroc/charge-portefeuille-agadir-9282843,Chargé de Portefeuille - Agadir,FONDATION ARRAWAJ,"Nous sommes à la recherche des Chargés de Portefeuille. Missions : En tant que « Chargé de Portefeuille », vous aurez pour principales missions : Gérer et développer le portefeuille client Faire des prospections de nouveaux clients Mettre en avant nos produits et nos services auprès des clients potentiels Accompagner et conseiller les clients Fidéliser les clients Veiller à garder un contact régulier avec les clients Gérer et suivre les dossiers en cours Faire du recouvrement terrain.","Commercial, vente","Banque, assurance, finances",CDI,Agadir,Agadir,,Débutant < 2 ans - Expérience entre 2 ans et 5 ans - Expérience entre 5 ans et 10 ans - Expérience > 10 ans,Bac+3 - Bac+4 - Bac+5 et plus,"['Comptabilité', 'Communication', 'Vente', 'Marketing', 'Recouvrement', 'Gestion', 'Finance']",2026-03-27
https://www.emploi.ma/offre-emploi-maroc/react-developer-mf-8251954,REACT Developer (M/F),AFRICASHORE,"We are looking for REACT Developer profiles / CVs to pass on to our clients for their future recruitment campaigns. Mission: Responsible for requirement analysis, Design and Development of modules. Using React and Redux, design and develop user interface components for JavaScript-based online and mobile apps. Develop new user-facing features. Build reusable code and libraries for future use. Ensure the technical feasibility of UI/UX designs. Writing application interface codes using JavaScript following react.js workflows. Review code, elicit requirements and design specifications. Prepares the deployment documents and deploys the code. Reports status to Project management and interfaces with other IT project teams as needed. Optimize application for maximum speed and scalability. Coordinate with development teams and designers to develop web applications that run on numerous platforms.","Informatique, nouvelles technologies","Informatique, SSII, Internet",CDI - CDD - Freelance,Agadir - Béni Mellal-Khénifra - Casablanca-Mohammedia - Dakhla - Errachidia - Fès - Guelmim - Laâyoune - Marrakech-Safi - Meknès - Oujda - Rabat-Salé-Kénitra - Settat - Tanger-Tétouan-Al Hoceïma - International,/ Travail à Distance,,Expérience entre 5 ans et 10 ans,Bac+3,"['BOOTSTRAP', 'JAVA', 'CVS', 'GIT', 'JAVASCRIPT', 'JQUERY', 'LESS', 'CSS', 'REACT']",2026-04-13
https://www.emploi.ma/offre-emploi-maroc/conseiller-vente-casablanca-9346123,Conseiller de Vente - Casablanca,BRICOMA,"Dans le cadre de renforcement de notre force de vente, BRICOMA AIN SEBAA recrute un Conseiller de Vente. Missions : Rattachés au chef de rayon, vos principales missions sont : Accueil et approche client ’’Écoute, Conseil’’ Assurer une bonne tenue de rayon (Présentation produits, balisage, etc.) Réaliser les objectifs de chiffres d’affaires fixés avec le Chef de Rayon et la Direction Magasin.","Commercial, vente","Ameublement, décoration",CDI - CDD - Stage,Casablanca-Mohammedia,Casablanca,Non,"Etudiant, jeune diplômé - Débutant < 2 ans - Expérience entre 2 ans et 5 ans",Bac+2,"['Vente', 'Plomberie Sanitaire', 'Vente']",2026-05-05
https://www.emploi.ma/offre-emploi-maroc/receptionniste-caissiere-casablanca-9287781,Réceptionniste Caissière - Casablanca,TECTRA RECRUTEMENT MAROC,"L’Humain est au cœur de notre métier ! TECTRA est aujourd’hui leader du conseil en Ressources Humaines au Maroc. Avec plus de 1000 clients actifs multisectoriels et une force de réseaux de 27 agences partout dans le Royaume, Tectra vous accompagne dans votre recherche d’emploi. Nous sommes à la recherche d'une Réceptionniste Caissière. Missions Principales : Accueil & Service : Accueil courtois, gestion du standard téléphonique, réponse aux demandes clients. Réception : Check-in (arrivée), check-out (départ), remise des clés, gestion des réservations. Facturation/Caisse : Enregistrement des consommations/services, édition des factures, encaissement (espèces, TPE), gestion du fonds de caisse. Administratif : Classement, suivi des e-mails, gestion des réclamations, coordination avec les autres services (ménage, technique).","Secrétariat, assistanat",Secrétariat,Intérim,Casablanca-Mohammedia,Casablanca,,Débutant < 2 ans,Bac - Bac+1 - Bac+2,"['Bureautique', 'Assistanat', 'WORD', 'Encaissement', 'Facturation']",2026-04-02
https://www.emploi.ma/offre-emploi-maroc/responsable-commerciale-showroom-casablanca-9190522,Responsable Commercial(e) – Showroom - Casablanca,SKETCH DESIGN MAROC,"Nous sommes à la recherche d'un(e) Responsable Commercial(e) – Showroom. Missions : Assurer l’accueil, le conseil et l’accompagnement des clients Développer et fidéliser un portefeuille clients (particuliers, architectes, décorateurs, promoteurs) Piloter l’activité commerciale du showroom et atteindre les objectifs de vente Superviser l’équipe de vente et garantir l’excellence du service client Participer à la mise en valeur du showroom (merchandising, mise en scène, image de marque) Assurer le suivi des commandes, devis et projets clients de A à Z","Commercial, vente","Ameublement, décoration",CDI,Casablanca-Mohammedia,Casablanca,Non,Expérience entre 5 ans et 10 ans,Bac+3 - Bac+4 - Bac+5 et plus,"['Leadership', 'Devis', 'Négociation', 'Techniques de Vente', 'Merchandising', 'Vente']",2026-05-05
https://www.emploi.ma/offre-emploi-maroc/gestionnaire-stock-bouskoura-9332559,Gestionnaire de Stock - Bouskoura,GROUPE MCE,"Dans le cadre du développement de l’activité de notre client, nous recrutons un(e) Responsable Entreposage, Gestion de Stock & Flux , basé(e) à Bouskoura . Missions principales : Assurer la gestion globale de l’entrepôt (réception, stockage, préparation et expédition) Superviser et optimiser les flux logistiques internes et externes Garantir la fiabilité des stocks (inventaires, traçabilité, contrôle des écarts) Mettre en place et suivre les indicateurs de performance (KPI) Encadrer et animer les équipes opérationnelles Veiller au respect des procédures, des normes de sécurité et de qualité Proposer des axes d’amélioration continue des processus logistiques",Achats,"Distribution, vente, commerce de gros",Intérim,Casablanca-Mohammedia,Bouskoura,,Débutant < 2 ans,Bac+2,"['Supply Chain', 'Achats', 'Stockage', 'Entreposage', 'Supply']",2026-04-28
https://www.emploi.ma/offre-emploi-maroc/decorateurtrice-casablanca-9273726,Décorateur(trice) - Casablanca,GROUPE MCE,"Nous recrutons pour le compte de notre client un(e) Décorateur / Décoratrice disposant d’une expérience minimum de 3 ans dans un poste similaire. Missions : Concevoir et proposer des concepts de décoration intérieure. Aménager et valoriser les espaces selon les besoins du client. Sélectionner les matériaux, couleurs, meubles et accessoires décoratifs. Assurer le suivi et la coordination des projets de décoration.",Métiers du BTP,"BTP, construction",CDI,Casablanca-Mohammedia,Casablanca,,Expérience entre 2 ans et 5 ans,Bac+2 - Bac+3 - Bac+4 - Bac+5 et plus,"['Architecture', ""Architecture d'Intérieur"", 'Décoration', 'Aménagement']",2026-03-20
https://www.emploi.ma/offre-emploi-maroc/coach-sportif-bouznika-9282571,Coach Sportif - Bouznika,TECTRA RABAT - KENITRA,"Nous sommes à la recherche d'un Coach Sportif. Missions : Évaluer la condition physique de ses clients et définir des objectifs réalistes. Créer des programmes d’entraînement sur mesure en fonction des besoins et des limitations de chaque client. Encourager, motiver et suivre la progression de ses clients. Enseigner les bonnes techniques d’exercice pour éviter les blessures. Fournir des conseils en nutrition et en gestion du poids. Assurer un suivi régulier pour ajuster les programmes en conséquence.","Tourisme, hôtellerie, restauration","Hôtellerie, restauration",Intérim,Rabat-Salé-Kénitra,Bouznika,,Expérience entre 2 ans et 5 ans - Expérience entre 5 ans et 10 ans - Expérience > 10 ans,Bac+2 - Bac+3 - Bac+4 - Bac+5 et plus,['Tourisme'],2026-03-27
https://www.emploi.ma/offre-emploi-maroc/conseiller-commercial-vehicules-occasion-agadir-9322321,Conseiller Commercial Véhicules D’Occasion - Agadir,CRIT,"Nous sommes à la recherche d'un Conseiller Commercial Véhicules d’Occasion. Rattaché(e) à la direction commerciale, vous êtes en charge de la commercialisation des véhicules d’occasion. Vous accueillez et conseillez les clients en fonction de leurs besoins, assurez la présentation des véhicules et accompagnez les prospects jusqu’à la conclusion de la vente. Vous développez votre portefeuille clients, assurez le suivi des leads et contribuez activement à l’atteinte des objectifs commerciaux. Vous participez également à la valorisation du parc VO et veillez à offrir une expérience client de qualité.","Commercial, vente","Intérim, recrutement",CDI,Agadir,Agadir,Non,Débutant < 2 ans - Expérience entre 2 ans et 5 ans,Bac+2,"['Actions Commerciales', 'Animation Commerciale', 'Animation des Ventes', 'Commercialisation', 'Vente']",2026-04-22
https://www.emploi.ma/offre-emploi-maroc/assistante-direction-casablanca-9342080,Assistante de Direction - Casablanca,PROFILS RECRUTEMENT,"Nous recrutons pour notre client, Société opérant dans la vente, l'installation et le service après-vente de matériels et dispositifs médicaux hospitaliers, dans le cadre de son développement une Assistante de Direction expérimentée.","Secrétariat, assistanat","Santé, pharmacie, hôpitaux, équipements médicaux",CDI,Casablanca-Mohammedia,Casablanca,,Expérience entre 2 ans et 5 ans - Expérience entre 5 ans et 10 ans - Expérience > 10 ans,Bac+3 - Bac+4 - Bac+5 et plus,"['Assistanat', 'Secrétariat']",2026-05-02
https://www.emploi.ma/offre-emploi-maroc/chef-projet-mecanique-casablanca-9229073,Chef de Projet Mécanique - Casablanca,EXPERT EYE ENGINEERING,"Nous sommes à la recherche d'un Chef de Projet Mécanique. Missions : Piloter les études et travaux mécaniques sur des projets industriels (mines, pétrochimie, énergie, infrastructures). Assurer la coordination entre les équipes internes (ingénieurs, projeteurs, techniciens) et les sous-traitants. Élaborer et suivre le planning des livrables. Garantir le respect des normes de sécurité, qualité et environnement. Animer les réunions de coordination et rédiger les comptes rendus. Suivre le budget du lot mécanique et établir les reportings périodiques au client.",Métiers des services,"Ingénierie, études développement",CDI,Casablanca-Mohammedia,Casablanca,,Expérience entre 5 ans et 10 ans - Expérience > 10 ans,Bac+5 et plus,"['BTP', 'Manutention', 'Mécanique', 'SOLIDWORKS', 'Sécurité', 'Tuyauterie', 'Énergie']",2026-04-07
https://www.emploi.ma/offre-emploi-maroc/agent-tri-colis-casablanca-9278700,Agent de Tri des Colis - Casablanca,GENERAL PRIVATE INTERIM,إعلان توظيف تعلن شركة متخصصة في خدمات توصيل الطرود الكائنة بمنطقة حي المحمدي عن فتح باب التوظيف لشغل منصب: عاملات فرز الطرود (Agents de Tri des Colis) للعمل خلال الفترة النهارية المهام الرئيسية : فرز وترتيب الطرود حسب الوجهة. التأكد من سلامة الطرود وتنظيمها داخل منطقة العمل. المساهمة في تجهيز الطرود لعملية التوزيع. احترام تعليمات السلامة والتنظيم داخل المخزن.,"Transport, logistique","Transports, logistique, services postaux",CDD,Casablanca-Mohammedia,Casablanca,,Débutant < 2 ans - Expérience entre 2 ans et 5 ans - Expérience entre 5 ans et 10 ans - Expérience > 10 ans,Qualification avant bac - Bac - Bac+1 - Bac+2 - Bac+3 - Bac+4 - Bac+5 et plus,[],2026-03-24
https://www.emploi.ma/offre-emploi-maroc/contremaitre-instrumentation-industrielle-hf-mohammedia-9296798,Contremaitre Instrumentation Industrielle H/F - Mohammedia,AFRICAWORK,"Présentation de l’entreprise : Entreprise industrielle dans le secteur Électrolyse et Pétrochimie. Informations sur le poste Titre du poste : Contremaitre Instrumentation Industrielle Nombre de poste(s) : 01 Type de contrat : CDI Lieu : Mohammedia Informations sur le profil du candidat Rattaché à : Direction Électrique & Instrumentation Travaille en collaboration avec : Directeur Électrique & Instrumentation Ingénieur Instrumentation Missions et Tâches Superviser et coordonner les équipes d’instrumentation sur le terrain Superviser, coordonner et optimiser les travaux d’instrumentation sur nos installations Jouer le rôle clé dans la gestion des équipes techniques et dans assurance de la performance, de la sécurité et de la qualité des interventions Planifier, organiser et suivre les travaux d’installation, de maintenance et de calibration des instruments Assurer le respect des normes de sécurité, de qualité et des procédures internes Lire et interpréter les plans, schémas P&ID et documents techniques Collaborer avec les départements d’ingénierie, de production et de maintenance Participer au diagnostic et à la résolution des problèmes techniques Rédiger des rapports d’avancement et assurer le suivi des échéanciers","Production, maintenance, qualité","Chimie, pétrochimie, matières premières, mines",CDI,Agadir - Béni Mellal-Khénifra - Casablanca-Mohammedia - Dakhla - Errachidia - Fès - Guelmim - Laâyoune - Marrakech-Safi - Meknès - Oujda - Rabat-Salé-Kénitra - Settat - Tanger-Tétouan-Al Hoceïma - International,Mohammedia,,Expérience entre 5 ans et 10 ans - Expérience > 10 ans,Bac+2 - Bac+3 - Bac+4 - Bac+5 et plus,"['Instrumentation Industrielle', 'Sécurité Industrielle', 'Instrumentation', 'Production', 'Maintenance', 'Qualité', 'Ingénierie de Production']",2026-04-07
https://www.emploi.ma/offre-emploi-maroc/mecanicien-entretien-interim-casablanca-9326774,Mécanicien d'Entretien en Intérim - Casablanca,TECTRA CASA BOURGOGNE – RECRUTEMENT,"Pour l'un de ces client opérant dans la grande industrie, Tectra recrute des Mécaniciens d'Entretien. Missions Principales : Maintenance Préventive : Nettoyer, graisser et réviser régulièrement les machines pour éviter les pannes. Maintenance Corrective : Diagnostiquer l'origine des pannes et réparer les organes mécaniques défectueux. Installation et Réglage : Monter, installer et mettre au point de nouveaux systèmes mécaniques. Sécurité : Veiller au respect strict des consignes de sécurité et à l'utilisation des équipements de protection.","Production, maintenance, qualité","Equipements mécaniques, machines",Intérim,Casablanca-Mohammedia,Casablanca,,Expérience entre 2 ans et 5 ans - Expérience entre 5 ans et 10 ans - Expérience > 10 ans,Qualification avant bac - Bac - Bac+1 - Bac+2 - Bac+3 - Bac+4 - Bac+5 et plus,"['Hydraulique', 'Maintenance Préventive', 'Maintenance Industrielle', 'Maintenance', 'Maintenance Corrective', 'Pneumatique', 'Qualité']",2026-04-23
https://www.emploi.ma/offre-emploi-maroc/controleur-gestion-casablanca-9302462,Contrôleur de Gestion - Casablanca,GROUPE MCE,"Dans le cadre de son développement, nous recherchons un Contrôleur de Gestion ayant une expérience confirmée dans le secteur de l’intérim. Missions principales : Suivre et analyser les performances financières Élaborer et suivre les budgets et prévisions Mettre en place des outils de contrôle et de reporting Analyser les écarts et proposer des actions correctives Accompagner la prise de décision stratégique","Gestion, comptabilité, finance","Intérim, recrutement",CDI,Casablanca-Mohammedia,Casablanca,,Expérience entre 2 ans et 5 ans - Expérience entre 5 ans et 10 ans - Expérience > 10 ans,Bac+5 et plus,"['Gestion', 'Comptabilité', 'Finance']",2026-04-10
https://www.emploi.ma/offre-emploi-maroc/agent-administratif-logistique-bouskoura-9339182,Agent Administratif Logistique - Bouskoura,BRICOMA,"Dans le cadre du lancement de notre centrale d’achat à Bouskoura, nous recrutons des Agents Administratifs Logistique . Vous serez le garant de la fiabilité administrative des opérations de réception, préparation ou expédition selon son affectation. Vous assurez l’enregistrement, le contrôle et la mise à jour des données logistiques dans les systèmes d’information. Missions principales : Assurer la saisie des flux logistiques (réceptions, préparations, expéditions) dans le système d’information (WMS) Effectuer le rapprochement entre les données saisies et les documents de référence (bons de commande, bons de livraison, documents de transport) Vérifier les informations (quantités, références, dates), détecter les écarts dans les données et corriger les anomalies auprès des personnes concernés. Organiser et classer les documents administratifs de façon claire et accessible. Préparer des reportings fiables transmis à temps aux responsables.","Transport, logistique","Distribution, vente, commerce de gros",CDI - CDD,Casablanca-Mohammedia,Bouskoura,,Débutant < 2 ans,Bac - Bac+1 - Bac+2,"['Flux Logistiques', 'Gestion des Commandes', 'Transport', 'Expédition']",2026-05-01
https://www.emploi.ma/offre-emploi-maroc/chef-patissier-tanger-9313353,Chef Pâtissier - Tanger,GROUPE MCE,"Nous recrutons pour le compte de notre client un Chef Pâtissier pour rejoindre notre établissement basé à Tanger. Missions principales : Élaborer et renouveler la carte des desserts et pâtisseries Superviser la production quotidienne (pâtisseries, viennoiseries, desserts) Garantir la qualité, la présentation et la régularité des produits Gérer les stocks et les approvisionnements Encadrer, former et motiver l’équipe pâtisserie Veiller au respect des normes d’hygiène et de sécurité","Tourisme, hôtellerie, restauration","Hôtellerie, restauration",CDI,Tanger-Tétouan-Al Hoceïma,Tanger,,Expérience entre 2 ans et 5 ans - Expérience entre 5 ans et 10 ans - Expérience > 10 ans,Bac+3 - Bac+4 - Bac+5 et plus,"['Tourisme', 'Pâtisserie', 'Hôtellerie']",2026-04-15
https://www.emploi.ma/offre-emploi-maroc/coiffeuse-technicienne-nouakchotte-mauritanie-9203961,"Coiffeuse Technicienne - Nouakchotte, Mauritanie",FASQ HOTEL,"Nous sommes à la recherche d'une Coiffeuse Technicienne. Missions : Offrir des services de coiffure de haute qualité à notre clientèle. Maintenir un environnement propre et professionnel Accueillir les clients avec courtoisie et professionnalisme. Faire des poses de perruques (tissage, lace frontal, lace wig, etc.) Confectionner des perruques sur mesure Réaliser une pédicure et une manucure de qualité professionnelle Accueillir la clientèle avec professionnalisme Être organisée, dynamique et ponctuelle","Tourisme, hôtellerie, restauration","Hôtellerie, restauration",CDD,Agadir - Béni Mellal-Khénifra - Casablanca-Mohammedia - Dakhla - Errachidia - Fès - Guelmim - Laâyoune - Marrakech-Safi - Meknès - Oujda - Rabat-Salé-Kénitra - Settat - Tanger-Tétouan-Al Hoceïma - International,"Nouakchotte, Mauritanie",Non,Expérience entre 2 ans et 5 ans - Expérience entre 5 ans et 10 ans - Expérience > 10 ans,Qualification avant bac - Bac - Bac+1 - Bac+2 - Bac+3 - Bac+4 - Bac+5 et plus,['Tourisme'],2026-05-01
https://www.emploi.ma/offre-emploi-maroc/modeliste-senior-kenitra-9273665,Modéliste Senior - Kénitra,TECTRA,"TECTRA recrute, pour le compte de l’un de ses clients un(e) Modéliste Sénior. Missions Principales : Développer et optimiser les patrons en utilisant Lectra V8 Expert. Analyser les résultats d'essayage et ajuster les patrons. Superviser, accompagner et former l'équipe de modélisme. Assurer la précision du prototype jusqu'à la pré-production et la production. Optimiser les patrons pour l'efficacité, la consommation de tissu et la faisabilité en confection. Collaborer avec les équipes coupe, couture, qualité et production. Participer au contrôle qualité pour les produits critiques. Suivre et mettre à jour les dossiers techniques et les flux de travail jusqu'à l'industrialisation.","Production, maintenance, qualité","Industrie, production, fabrication, autres",CDI,Rabat-Salé-Kénitra,Kénitra,,Expérience entre 2 ans et 5 ans,Bac+3,"['Confection', 'Prototype', 'Qualité', 'Machines', 'Processus', 'Production', 'Industrialisation', 'Maintenance']",2026-03-20
https://www.emploi.ma/offre-emploi-maroc/bim-modeleur-mep-cvc-plomberie-casablanca-9272584,BIM Modeleur MEP (CVC / Plomberie) - Casablanca,JOB CONNECT,"Pour notre client basé à Casablanca , nous recherchons un BIM Modeleur MEP (CVC / Plomberie) . Mission principale Vous serez en charge de la production et de la mise à jour des maquettes BIM MEP (CVC & Plomberie) en respectant les standards BIM, le niveau de détail (LOD/LOI) ainsi que les contraintes de synthèse technique. Responsabilités Modélisation des réseaux CVC (gainables et hydrauliques) et plomberie (EF / EC / EV / EU). Implantation des équipements techniques, connexions et réservations. Application des règles de modélisation et de tracé (pentes, priorités de passage, altimétries, cotes d’about). Préparation des exports techniques (IFC, DWG, PDF). Gestion et mise à jour des documents sur CDE (ACC / BIM 360). Participation aux réunions de coordination BIM. Réalisation de clash détection via Navisworks et correction des interférences.",Métiers du BTP,"BTP, construction",CDI,Casablanca-Mohammedia,Casablanca,,Expérience entre 2 ans et 5 ans - Expérience entre 5 ans et 10 ans - Expérience > 10 ans,Bac+3 - Bac+4 - Bac+5 et plus,"['BIM', 'REVIT', 'Plomberie']",2026-03-27
https://www.emploi.ma/offre-emploi-maroc/ingenieur-full-stack-hf-rabat-9328853,Ingénieur Full Stack (H/F) - Rabat,,"Dans le cadre de notre développement, nous recrutons un Ingénieur Full Stack (H/F). Missions principales Concevoir, développer et maintenir des applications web et/ou desktop Participer à l’analyse des besoins techniques et fonctionnels Développer des solutions performantes en Front-End et Back-End Garantir la qualité, la sécurité et la performance des applications Collaborer avec les équipes techniques dans un environnement agile","Informatique, nouvelles technologies","BTP, construction",CDI,Rabat-Salé-Kénitra,Rabat,,Expérience entre 2 ans et 5 ans - Expérience entre 5 ans et 10 ans - Expérience > 10 ans,Bac+5 et plus,"['AGILE', 'HTML', 'C#', 'NET', 'FULL STACK', 'CSS', 'GIT', 'SQL', 'LARAVEL', 'API', 'SPRING', 'JAVASCRIPT', 'JAVA', 'MYSQL', 'REST']",2026-04-24
https://www.emploi.ma/offre-emploi-maroc/assistante-direction-nouaceur-9301378,Assistante de Direction - Nouaceur,,"Nous sommes à la recherche d'une Assistante de Direction. Missions principales: Gérer les notes de frais. Réaliser des commandes de matériel, de fournitures, de consommables et vérifier la conformité des livraisons. Assurer le suivi des conditions d’exécution d’un contrat, être le support ponctuel à l’administration des ventes (commandes clients, factures clients, BL…). Organiser le tri et l’archivage des documents importants Gérer et actualiser la documentation professionnelle et réglementaire. Organiser le tri et l’archivage des documents importants rédiger des rapports de gestion . suivre et traiter les contrats","Management, direction générale",Agroalimentaire,CDI,Casablanca-Mohammedia,Nouaceur,Non,Expérience entre 2 ans et 5 ans - Expérience entre 5 ans et 10 ans - Expérience > 10 ans,Bac+4 - Bac+5 et plus,"['MAITRISE DES OUTILS INFOMATIQUE', 'Compétences managériales', 'Gestion Administrative', 'Communication', 'Communication Écrite', 'Administration', ""Management d'Entreprise"", 'Assistanat', 'Support', 'Management', 'Documentation', 'Gestion', 'Archivage']",2026-05-07
https://www.emploi.ma/offre-emploi-maroc/agent-service-achat-senior-rabat-9349600,Agent Service Achat Senior - Rabat,JOB CONNECT,"Dans le cadre du développement de ses activités, notre client, acteur reconnu dans le secteur du bâtiment, recrute un Agent Service Achat Senior afin de renforcer son département approvisionnement. Missions principales : Identifier les besoins en matériaux, équipements et prestations pour les chantiers Rechercher, sélectionner et évaluer les fournisseurs Négocier les conditions d’achat (prix, délais, qualité) Établir et suivre les bons de commande Assurer le suivi logistique des livraisons jusqu’à réception Optimiser les coûts tout en garantissant la qualité des produits Mettre en place des tableaux de suivi et reporting achats",Métiers du BTP,"BTP, construction",CDI,Rabat-Salé-Kénitra,Rabat,,Expérience entre 5 ans et 10 ans - Expérience > 10 ans,Bac+3 - Bac+4 - Bac+5 et plus,['BTP'],2026-05-07
https://www.emploi.ma/offre-emploi-maroc/objective-c-developer-mf-8251950,OBJECTIVE-C Developer (M/F),AFRICASHORE,"We are looking for OBJECTIVE-C Developer profiles / CVs to pass on to our clients for their future recruitment campaigns. Mission: Design and build advanced applications for the iOS platform. Analyze client business requirements and user experience to shape, design, and build custom mobile experiences for the clients. Collaborate with cross-functional teams to define, design, and ship new features. Ensure the performance, quality, and responsiveness of applications. Unit-test code for robustness, including edge cases, usability, and general reliability. Work on bug fixing and improving application performance. Help maintain code quality, organization, and automatization. Work on new products and services and provide support to existing applications. Integrate REST services into mobile applications and familiar with App localization technique. Continuously discover, evaluate, and implement new technologies to maximize development efficiency.","Informatique, nouvelles technologies","Informatique, SSII, Internet",CDI - CDD - Freelance,Agadir - Béni Mellal-Khénifra - Casablanca-Mohammedia - Dakhla - Errachidia - Fès - Guelmim - Laâyoune - Marrakech-Safi - Meknès - Oujda - Rabat-Salé-Kénitra - Settat - Tanger-Tétouan-Al Hoceïma - International,/ Travail à Distance,,Expérience entre 5 ans et 10 ans,Bac+3,"['COCOA', 'REST', 'MAC', 'JSON', 'XML', 'APP', 'LINUX', 'OSX', 'CVS', 'GIT', 'JQUERY', 'EDGE', 'CSS', 'HTML', 'MERCURIAL', 'ANDROID', 'JAVASCRIPT', 'SWIFT']",2026-04-13
https://www.emploi.ma/offre-emploi-maroc/carrossier-peintre-casablanca-9337577,Carrossier Peintre - Casablanca,TECTRA CASA BOURGOGNE – RECRUTEMENT,"Nous recherchons un Carrossier peintre pour rejoindre notre équipe. Ce poste implique la réparation et la peinture de véhicules en utilisant des techniques professionnelles, notamment le travail au pistolet, et nécessite de travailler dans un environnement dynamique et exigeant. Missions : Préparer les surfaces des véhicules à réparer en effectuant le ponçage et le nettoyage appropriés. Appliquer la peinture sur les véhicules en utilisant un pistolet pour assurer une finition de haute qualité. Réparer les carrosseries endommagées en utilisant des techniques de soudure et de remise en état. Contrôler la qualité de la peinture et des réparations effectuées pour respecter les standards de l'entreprise. Respecter les délais et les consignes de sécurité lors de chaque intervention.","Transport, logistique","Automobile, matériels de transport, réparation",Intérim,Casablanca-Mohammedia,Casablanca,,Débutant < 2 ans - Expérience entre 2 ans et 5 ans - Expérience entre 5 ans et 10 ans - Expérience > 10 ans,Qualification avant bac - Bac - Bac+1 - Bac+2 - Bac+3 - Bac+4 - Bac+5 et plus,"['peintre avec pistolet', 'Transport']",2026-04-30
https://www.emploi.ma/offre-emploi-maroc/assistante-departement-ressources-humaines-casablanca-9322408,Assistante Département Ressources Humaines - Casablanca,CRIT,"Nous sommes à la recherche d'une Assistante Département Ressources Humaines. Missions : Vous assistez le département RH dans la gestion administrative du personnel. Vos missions incluent la mise à jour des dossiers du personnel, le suivi des absences et congés, la préparation des documents administratifs RH ainsi que l’appui dans le processus de recrutement. Vous participez également à la gestion quotidienne des demandes des collaborateurs et au bon fonctionnement du service.","RH, formation","Intérim, recrutement",Intérim,Casablanca-Mohammedia,Casablanca,Non,Expérience entre 2 ans et 5 ans,Bac+2 - Bac+3 - Bac+4 - Bac+5 et plus,"['Administration RH', 'Recrutement', 'Formation', 'Gestion des Ressources Humaines', 'Gestion Administrative', 'Processus de Recrutement', 'Administration RH']",2026-04-22
https://www.emploi.ma/offre-emploi-maroc/area-manager-gamme-ville-afrique-afrique-9301658,Area Manager – Gamme Ville (Afrique) - Afrique,AMANYS PHARMA,"Amanys Pharma recrute Area Manager – Gamme Ville (Afrique). Rattachement : Business Development Lead – AMEA Responsabilités clés 1. Développement stratégique & commercial : Définir et déployer la stratégie commerciale et marketing Identifier et concrétiser de nouvelles opportunités de croissance (produits, marchés, canaux). Contribuer à la stratégie d’accès au marché et au développement du portefeuille. 2. Gestion des partenaires & distribution Développer, structurer et piloter un réseau de distributeurs et partenaires locaux. Superviser les agences de promotion et assurer un suivi rigoureux des plans d’activation terrain. Négocier les accords commerciaux (pricing, incentives, exclusivité) et garantir leur exécution. 3. Performance & pilotage business Atteindre les objectifs de chiffre d’affaires, de parts de marché et de rentabilité. Suivre et analyser la performance des partenaires (sell-in / sell-out). Mettre en place des plans correctifs et d’optimisation (distribution, couverture, promotion). 4. Marketing & activation Définir, mettre en œuvre et suivre les plans marketing adaptés à chaque marché. Piloter les lancements produits en coordination avec les équipes internes. 5. Analyse & intelligence marché Analyser les tendances du marché, la concurrence et les évolutions réglementaires. Identifier les opportunités de croissance et les risques business. Construire des recommandations stratégiques basées sur les données (IMS, sell-out, pricing). 6. Coordination interne Travailler en étroite collaboration avec les équipes : Affaires réglementaires, Supply chain, Marketing « ( Finance -Assure une exécution fluide des opérations sur les différents marchés. 7. Reporting & pilotage financier Élaborer des reportings (performance, forecast, risques/opportunités). Suivre les KPIs clés : CA, marges, parts de marché, stocks, prévisions. Contribuer à la construction du budget annuel et du plan stratégique. 8. Représentation & networking Représenter Amanys Pharma auprès des partenaires, autorités de santé et KOLs. Participer aux congrès et événements professionnels. Développer un réseau solide dans l’écosystème pharmaceutique africain.","Commercial, vente",Industrie pharmaceutique,CDI,Rabat-Salé-Kénitra - International,Afrique,Non,Expérience entre 5 ans et 10 ans - Expérience > 10 ans,Bac+5 et plus,"['Business Development', 'Négociation', 'Négociation Commerciale', 'Marketing', 'Stratégie Commerciale', 'Vente', 'Communication']",2026-05-06
https://www.emploi.ma/offre-emploi-maroc/responsable-zone-casablanca-9298343,Responsable de Zone - Casablanca,,"Nous sommes à la recherche d'un Responsable de Zone. Missions : En tant que Responsable de zone , vos missions principales consistent à : Gérer et animer une équipe de gérants ; Assurer le contrôle interne dans le respect des procédures en vigueur ; Assurer le reporting régulier auprès de la direction de l’entreprise ; Animer les stations ; Surveiller les écarts entre les objectifs prévisionnels et les objectifs réalisés et proposer des actions correctives ; Assurer une veille concurrentielle et le benchmarking ; Rechercher de nouveaux partenaires ; Établir les plannings de prospection des nouveaux clients et effectuer des visites aux clients en vue de leur fidélisation et de recensement des besoins.","Commercial, vente","Distribution, vente, commerce de gros",CDI,Casablanca-Mohammedia,Casablanca,,Expérience entre 2 ans et 5 ans - Expérience entre 5 ans et 10 ans,Bac+4 - Bac+5 et plus,"['Prospection Commerciale', 'gestion d’equipe', 'FIDÉLISATION CLIENT', 'Suivi des objectifs', 'Reporting', 'Négociation Commerciale', 'Animation réseau', 'Portefeuille clients', 'Communication', 'Prospection Commerciale', 'Management', 'Marketing', 'Benchmarking', 'Prospection', 'Négociation', 'Gestion']",2026-04-08
https://www.emploi.ma/offre-emploi-maroc/assistante-ressources-humaines-casablanca-sidi-maarouf-9318869,Assistant(e) Ressources Humaines - Casablanca Sidi Maarouf,DEKRA SERVICES,"Notre client, opérateur international dans le domaine des télécommunications et leader mondial de son secteur, recherche un(e) Assistant(e) Ressources Humaines dans le cadre d'un CDD. Missions : Soutien au département RH régional : suivi des tâches, collecte des avancements, analyse de données et support opérationnel. Assistance au responsable de département : gestion de l'agenda, organisation des déplacements et autres besoins. Prise en charge des tâches RH courantes et proposition d'améliorations sur les missions assignées. Gestion et suivi de toute autre mission ad hoc confiée par la hiérarchie.","RH, formation",Télécom,CDD,Casablanca-Mohammedia,Casablanca Sidi Maarouf,Non,Débutant < 2 ans - Expérience entre 2 ans et 5 ans,Bac+5 et plus,"['Formation', 'Gestion Administrative']",2026-04-18
https://www.emploi.ma/offre-emploi-maroc/business-developer-data-center-cdd-hf-casablanca-sidi-maarouf-9306124,Business Developer – Data Center en CDD (H/F) - Casablanca Sidi Maarouf,DEKRA SERVICES,"Notre client, opérateur international dans le domaine des télécommunications et leader mondial de son secteur, cherche dans le cadre du développement de ses activités dans le domaine des Data Centers, un(e) Business Developer spécialisé(e) dans les solutions d’infrastructures critiques dans le cadre d'un CDD. Vous jouerez un rôle clé dans l’expansion de notre présence sur le marché marocain des Data Centers, en développant de nouvelles opportunités commerciales et en renforçant notre réseau de partenaires. Vos missions principales : Développer de nouveaux clients dans le domaine des infrastructures de Data Centers (DCF) Promouvoir les solutions proposées (UPS, refroidissement de précision, Modular DC, DCIM, etc.) Identifier et recruter de nouveaux partenaires commerciaux Entretenir et développer les relations avec les distributeurs, partenaires et clients existants Participer activement à la stratégie commerciale et à la croissance du business","Commercial, vente",Télécom,CDD,Casablanca-Mohammedia,Casablanca Sidi Maarouf,,Expérience entre 2 ans et 5 ans - Expérience entre 5 ans et 10 ans,Bac+5 et plus,"['Négociation', 'Vente', 'Stratégie Commerciale']",2026-04-11
https://www.emploi.ma/offre-emploi-maroc/assistante-controle-qualite-casablanca-9329017,Assistante Contrôle Qualité - Casablanca,BOTTU,"Bottu cherche à recruter une Assistante Contrôle Qualité. Mission : Assurer l’interface du laboratoire de contrôle avec les clients internes en matière de gestion, de conservation et de diffusion des documents et informations liés à l’activité du laboratoire. Principales Attributions : Assurer la saisie des données des dossiers analytiques et éditer les bulletins d’analyse. Assurer la gestion et la diffusion du courrier et requêtes des clients internes. Prendre en charge les travaux courants d’assistanat et gérer la documentation concernant la Direction Contrôle Qualité. Participer au suivi des produits et matériels nécessaires aux Analyses du Contrôle Qualité.","Secrétariat, assistanat",Industrie pharmaceutique,CDI,Casablanca-Mohammedia,Casablanca,,Expérience entre 2 ans et 5 ans,Bac+2,"['Dossiers', 'Conservation', 'Assistanat', 'Secrétariat', 'Documentation']",2026-04-24
https://www.emploi.ma/offre-emploi-maroc/business-developer-with-experience-in-recruitment-rabat-9350205,Business Developer With Experience In Recruitment - Rabat,EMPLOI.MA,"We are recruiting a B2B Business Developer (English–French bilingual) with experience in recruitment , to sell our recruitment products and services to our international clients. You must have prior experience as a Sales Representative in the recruitment sector .You must be fluent in both English and French . Key Responsibilities: As the manager of your portfolio of corporate accounts, your main duties will include: Prospecting new clients Selling our products and services by phone to an international business clientele Identifying client needs Managing contracts Ensuring ongoing client relationship management and follow-up The position is based in Rabat .","Commercial, vente","Informatique, SSII, Internet",CDI,Rabat-Salé-Kénitra,Rabat,,Expérience entre 2 ans et 5 ans,Bac+4 - Bac+5 et plus,"['Prospection', 'Suivi Commercial', 'Vente', 'Télévente', 'Techniques de Vente', 'Prospection']",2026-05-07
https://www.emploi.ma/offre-emploi-maroc/chef-equipe-eia-taliouine-askaoun-9314987,Chef d’Equipe EIA - Taliouine - Askaoun,AYA GOLD AND SILVER,"Nous sommes à la recherche d'un Chef d’Équipe EIA. Mission générale : Assurer le suivi direct et la supervision des activités de maintenance EIA (électrique, instrumentation et automatisme) sur le site, en veillant à la disponibilité, la fiabilité et la sécurité des équipements en respectant les procédures QSE. Maintenance préventive Veille à la bonne exécution du planning préventif des équipements EIA. Supervise les interventions curatives et valide les diagnostics établis par les techniciens. Participe à la recherche de pannes complexes et aux analyses de causes racines. Valide les rapports d’intervention. Exprimer le besoin en PDR Effectue le rapport des travaux réalisés par son équipe Préparation de la maintenance curative Valide les rapports le planning journalier des travaux Veille à l’établissement des analyses de risques Priorise le traitement des demandes d'intervention curatives selon le planning journalier des travaux en coordination avec les autres corps de métiers et les équipes d’exploitation. Suit l'exécution du planning journalier des travaux. Identifie les besoins en pièces de rechange nécessaires. Affecte et coordonne le travail de son équipe. Suit la réalisation des interventions curatives sur les équipements EIA et veille à leur efficacité. Assiste son équipe dans la réalisation des interventions complexes. Assiste aux différentes réunions de coordination. Exprimer le besoin en PDR Projets PAC Conduit la réalisation des interventions sur les équipements EIA dans les projets de révision conformément aux plannings et organigramme établis, en respectant les règles de sécurité en vigueur. Assure le suivi des interventions sous-traitées sur installations EIA dans les projets de révision Veille au respect des délais et à la réussite de la révision. Gestion des équipes Répartit les travaux sur son équipe interne et les sous-traitants (planning journalier des interventions) Assure le suivi du temps de travail des sous-traitants Évalue la performance au quotidien de ses collaborateurs et recadre leurs actions en cas d’écart ou de non-respect des normes et procédures. Est à l'écoute de son équipe et veille à sa formation et sa motivation. Veille à l’affectation de ses collaborateurs selon le planning de formation Respecte et fait respecter les procédures par son équipe et les sous-traitants. Est à l'écoute de son équipe et veille à sa formation et sa motivation. Veille à l’affectation de ses collaborateurs selon le planning de formation Respecte et fait respecter les procédures par son équipe et les sous-traitants. En termes de gestion de la santé et la sécurité Applique et fait appliquer la réglementation, les règles fondamentales, les standards et les procédures en vigueur en matière de santé et sécurité. Identifie les compétences requises et disponibles en matière de santé et sécurité, de son équipe et veille à répondre aux besoins en compétences par la formation et le coaching. Fait preuve d’un comportement exemplaire en la matière, aussi bien au sein de son entité qu’à l’extérieur.","Production, maintenance, qualité","BTP, construction",CDI,Agadir - Laâyoune - Marrakech-Safi,Taliouine - Askaoun,,Débutant < 2 ans - Expérience entre 2 ans et 5 ans - Expérience entre 5 ans et 10 ans - Expérience > 10 ans,Bac+2 - Bac+3 - Bac+4 - Bac+5 et plus,"['Automatisme', 'Maintenance Préventive', 'Qualité', 'Maintenance', 'Procédés', 'Électromécanique', 'Gestion de la Maintenance', 'Informatique Industrielle', 'Exploitation', 'Système QSE', 'QSE', 'Maintenance Curative', 'Instrumentation']",2026-04-16
https://www.emploi.ma/offre-emploi-maroc/responsable-back-office-casablanca-9336826,Responsable Back-Office - Casablanca,CALLIOPE,"Calliope est une entreprise spécialisée dans la distribution de programmes, méthodes et manuels pédagogiques, notamment dans le domaine des langues. Nous accompagnons les établissements scolaires et institutions éducatives avec des solutions pédagogiques de qualité. Dans le cadre de notre développement, nous recrutons un(e) Responsable Back-Office pour encadrer et piloter une équipe de conseillers pédagogiques. Rattaché(e) à la Direction, vous aurez pour principales responsabilités : Encadrer, animer et accompagner une équipe de conseillers pédagogiques Organiser et superviser l’activité du back-office Assurer le suivi des objectifs commerciaux et pédagogiques Mettre en place des outils de reporting et assurer le suivi des performances Garantir la qualité du service et la satisfaction des établissements partenaires Coordonner les actions entre les équipes terrain et l’administration Participer aux réunions stratégiques et contribuer au développement de l’activité Effectuer des déplacements réguliers à Rabat et dans les régions","Commercial, vente","Distribution, vente, commerce de gros",CDI,Casablanca-Mohammedia,Casablanca,Non,Expérience entre 2 ans et 5 ans - Expérience entre 5 ans et 10 ans - Expérience > 10 ans,Bac+3 - Bac+4 - Bac+5 et plus,"['Leadership', 'CRM', ""Gestion d'Équipe"", 'Management', 'Gestion']",2026-04-29
https://www.emploi.ma/offre-emploi-maroc/cloud-engineer-mf-8251965,Cloud Engineer (M/F),AFRICASHORE,"We are looking for Cloud Engineer profiles / CVs to share with our clients for their future recruitment campaigns. Mission: Implement IAM policies and configure VPCs to create a scalable and secure Network for the application workloads. Develop and manage AWS development and migration programs. Build Data Integration scripts using Python to integrate with upstream/downstream systems (within AWS Cloud Services ecosystem). Develop application code for programs while following coding standards. Resolve queries/issues and provide Application/functional support. Recommend changes to improve established Data Integration processes. Provides solutions or alternatives to avoid potential problems. Analyze workload requirements and work with IT stakeholders to define proper sizing for Cloud workloads on AWS. Build, Deploy and Manage production workloads including applications on EC2 instance, APIs on Lambda Functions and more. Good communication skills, ability to persuade and clearly identify audiences. Utilizes good judgment when and how to communicate. Understands and adheres to development methodology, standards and Principles.","Informatique, nouvelles technologies","Informatique, SSII, Internet",CDI - CDD - Freelance,Agadir - Béni Mellal-Khénifra - Casablanca-Mohammedia - Dakhla - Errachidia - Fès - Guelmim - Laâyoune - Marrakech-Safi - Meknès - Oujda - Rabat-Salé-Kénitra - Settat - Tanger-Tétouan-Al Hoceïma - International,/ Travail En Remote,,Expérience entre 5 ans et 10 ans,Bac+3,"['ARM', 'RDS', 'CVS', 'REST', 'API', 'IAM', 'PUPPET', 'PYTHON', 'BGP']",2026-04-13
https://www.emploi.ma/offre-emploi-maroc/stagiaire-community-manager-casablanca-9345360,Stagiaire Community Manager - Casablanca,IZIRY,"Nous sommes à la recherche d'un Stagiaire Community Manager. Sous la supervision de la direction, vous participerez activement au rayonnement de la marque sur le web : Animation des réseaux sociaux : Gestion et animation quotidienne de nos comptes (Facebook, Instagram, LinkedIn). Création de contenu : Conception de visuels, rédaction de publications impactantes et montage de vidéos courtes (Reels/TikTok). Modération : Interaction avec notre communauté, réponse aux messages et commentaires. Veille stratégique : Suivre les tendances du secteur et proposer des idées innovantes pour booster notre engagement. Reporting : Analyse des performances des publications et suivi des indicateurs clés (KPIs).","Commercial, vente",Agroalimentaire,CDI - CDD - Intérim - Stage - Freelance - Anapec - Alternance - Temps partiel - Statutaire,Casablanca-Mohammedia,Casablanca,,"Etudiant, jeune diplômé - Débutant < 2 ans - Expérience entre 2 ans et 5 ans - Expérience entre 5 ans et 10 ans - Expérience > 10 ans",Qualification avant bac - Bac - Bac+1 - Bac+2 - Bac+3 - Bac+4 - Bac+5 et plus,['Vente'],2026-05-05
https://www.emploi.ma/offre-emploi-maroc/vendeur-tanger-8916767,Vendeur - Tanger,,Nous recherchons des Vendeuses dynamiques pour rejoindre notre équipe dans le secteur de la vente de produit de la cuisine et ménage à TANGER MALABATA. Les tâches : Accueillir et conseiller les clients dans leurs choix de produits. Présenter les caractéristiques des produits et leurs avantages. Assurer la mise en rayon et l’organisation du magasin. Participer à la gestion des stocks et aux inventaires. Contribuer à la réalisation des objectifs de vente.,"Commercial, vente","Distribution, vente, commerce de gros",CDD,Tanger-Tétouan-Al Hoceïma,Tanger,,Débutant < 2 ans - Expérience entre 2 ans et 5 ans,Bac - Bac+1 - Bac+2 - Bac+3,['Vente'],2026-04-07
https://www.emploi.ma/offre-emploi-maroc/piqueuse-surjeteuse-casablanca-9275572,Piqueuse / Surjeteuse - Casablanca,GENERAL PRIVATE INTERIM,"Nous sommes une société d’intérim qui recrute pour le compte de notre client opérant dans le secteur textile et confection , des Piqueuses / Surjeteuses . Missions : Réaliser les opérations de couture et d’assemblage des pièces textiles. Utiliser les machines de couture industrielles (piqueuse plate, surjeteuse…). Respecter les consignes techniques et les exigences de qualité. Contrôler la qualité des produits réalisés. Maintenir un poste de travail propre et organisé. Les machines comme la piqueuse et la surjeteuse permettent d’assembler et de finaliser les pièces textiles dans la fabrication des vêtements et autres produits en tissu.","Production, maintenance, qualité","Industrie, production, fabrication, autres",Intérim,Casablanca-Mohammedia,Casablanca,,Débutant < 2 ans - Expérience entre 2 ans et 5 ans - Expérience entre 5 ans et 10 ans - Expérience > 10 ans,Qualification avant bac,"['Assemblage', 'Confection', 'Qualité', 'Machines', 'Maintenance']",2026-03-21
https://www.emploi.ma/offre-emploi-maroc/chef-injection-meknes-9301307,Chef d'Injection - Meknès,SOMACOS,"Nous recrutons un Chef d'Injection. Missions principales Pilotage de la production injection Maîtrise du process injection Qualité & performance Management des équipes Sécurité, hygiène et organisation Maintenance et équipements Responsabilités Performance globale de l’atelier injection Qualité et conformité des pièces produites Sécurité des personnes et des équipements Disponibilité des machines Niveau de compétence des équipes injection","Production, maintenance, qualité","Industrie, production, fabrication, autres",CDI,Agadir - Béni Mellal-Khénifra - Casablanca-Mohammedia - Dakhla - Errachidia - Fès - Guelmim - Laâyoune - Marrakech-Safi - Meknès - Oujda - Rabat-Salé-Kénitra - Settat - Tanger-Tétouan-Al Hoceïma - International,Meknès,Non,Expérience entre 5 ans et 10 ans - Expérience > 10 ans,Bac+2 - Bac+3 - Bac+4,"['Injection Plastique', 'Irrigation', 'Hygiène', 'Procédés', 'Plasturgie', 'Process', 'Paramétrage', 'Injection Plastique', 'Production', 'Machines', 'Maintenance', 'Injection', 'Qualité']",2026-04-10
https://www.emploi.ma/offre-emploi-maroc/consultante-relations-publiques-casablanca-9282703,Consultant(e) en Relations Publiques - Casablanca,DEKRA SERVICES,"Notre client, opérateur international dans le domaine de télécommunication et l’un des leaders mondiaux dans son secteur d’activité, recrute dans le cadre d’un CDD, son Consultant(e) en Relations Publiques . Le/la candidat(e) retenu(e) jouera un rôle essentiel dans la communication entre notre organisation et nos différentes parties prenantes, notamment les organismes gouvernementaux, les organisations de normalisation, les médias et la presse. Missions principales : Communication avec les parties prenantes Représenter le groupe auprès des clients gouvernementaux, des organismes de normalisation des secteurs des télécommunications et de l'énergie, ainsi que des médias Établir et entretenir des relations solides avec les organismes gouvernementaux et les parties prenantes clés Gestion événementielle Planifier, coordonner et exécuter des événements en accord avec les objectifs de l'organisation Définir les objectifs des événements, superviser leur mise en œuvre et préparer les bilans post-événements Traiter et accomplir efficacement les tâches urgentes confiées par la direction Collaborer avec les équipes internes pour atteindre les objectifs fixés","Marketing, communication",Télécom,CDD,Casablanca-Mohammedia,Casablanca,,Débutant < 2 ans,Bac+5 et plus,"['Médias', 'Relations Publiques', 'Communication Marketing', 'Marketing', 'Communication']",2026-03-27
https://www.emploi.ma/offre-emploi-maroc/responsable-logistique-distribution-casablanca-9341376,Responsable Logistique Distribution - Casablanca,SDK WOOD,"Dans le cadre du développement de nos activités, nous recherchons un Responsable Logistique Distribution capable de piloter et optimiser l’ensemble des opérations de distribution de l’entreprise. Missions principales : Superviser les opérations logistiques de bout en bout (réception, stockage, préparation des commandes, chargement et livraison) Garantir la fiabilité des réceptions (contrôle des quantités et qualité des marchandises) Assurer la disponibilité des produits et le respect des délais de livraison Optimiser les flux logistiques (réception → stockage → expédition) et les coûts de transport Organiser et optimiser les tournées de livraison et les circuits de distribution Encadrer et animer les équipes opérationnelles (réception, magasin, préparation, chauffeurs, caristes) Assurer la gestion et le suivi de la flotte (camions, carburant, maintenance) Mettre en place et suivre les indicateurs de performance (KPI) liés à la logistique et à la distribution Assurer la coordination avec les équipes commerciales, achats et finance Veiller au respect des procédures, des règles de sécurité et de la réglementation transport","Transport, logistique","Distribution, vente, commerce de gros",CDI,Casablanca-Mohammedia,Casablanca,Non,Expérience entre 5 ans et 10 ans - Expérience > 10 ans,Bac+5 et plus,"['Stockage', 'Distribution', 'Transport', 'Chargement', 'Expédition', 'Opérations Logistiques', 'Flux Logistiques']",2026-05-02
https://www.emploi.ma/offre-emploi-maroc/spa-therapeute-rabat-9361535,Spa Thérapeute - Rabat,TECTRA CASA TERTIAIRE – RECRUTEMENT,"L’Humain est au cœur de notre métier ! TECTRA est aujourd’hui leader du conseil en Ressources Humaines au Maroc. Avec plus de 1000 clients actifs multisectoriels et une force de réseaux de 27 agences partout dans le Royaume, Tectra vous accompagne dans votre recherche d’emploi. Pour l’un de ses clients, dans l'hôtellerie , TECTRA recherche une Spa Thérapeute , à Casablanca / Rabat / Mohammadia . Missions Principales : Fournir des soins spa : Effectuer une variété de soins spa tels que les massages, les soins du visage, les enveloppements corporels, les bains relaxants, etc. Adapter les traitements en fonction des besoins individuels des clients. Accueil des clients : Accueillir chaleureusement les clients au spa, expliquer les différents soins disponibles et les conseiller sur les traitements appropriés. Assurer le confort des clients tout au long de leur visite au spa. Évaluation des besoins : Mener des entretiens initiaux pour comprendre les besoins spécifiques des clients et recommander des soins adaptés. Aider les clients à choisir des produits de soins pour une utilisation à domicile. Maintien des normes d'hygiène : Suivre des protocoles stricts d'hygiène et de propreté pour assurer un environnement spa sûr et sain. Stériliser et entretenir les équipements de manière régulière. Conseils post-soin : Fournir des conseils post-soin aux clients, notamment sur la manière de prolonger les bienfaits des traitements à la maison. Promouvoir des pratiques de bien-être et de santé.","Tourisme, hôtellerie, restauration","Hôtellerie, restauration",Intérim,Casablanca-Mohammedia - Rabat-Salé-Kénitra,Rabat,,Expérience entre 2 ans et 5 ans - Expérience entre 5 ans et 10 ans - Expérience > 10 ans,Bac+2 - Bac+3 - Bac+4 - Bac+5 et plus,"['Tourisme', 'Hôtellerie', 'Accueil']",2026-05-07
https://www.emploi.ma/offre-emploi-maroc/conseillere-showroom-marrakech-9330548,Conseillère Showroom - Marrakech,COLORADO,"Nous recrutons en urgence pour le compte de notre société une Conseillère Showroom à Marrakech. Missions : Accueillir et informer les clients sur nos produits, Analyser les besoins clients, Conseiller efficacement sur les produits,","Commercial, vente","Industrie, production, fabrication, autres",CDI,Marrakech-Safi,Marrakech,,"Etudiant, jeune diplômé - Débutant < 2 ans - Expérience entre 2 ans et 5 ans",Bac+2 - Bac+3 - Bac+4 - Bac+5 et plus,"['Communication', 'Vente', 'Marketing', 'Communication']",2026-04-25
https://www.emploi.ma/offre-emploi-maroc/demi-chef-partie-fes-9322252,Demi Chef de Partie - Fès,TECTRA FÈS,"Un hôtel basé à Fès est actuellement à la recherche de Demi-Chefs de Partie. Sous la responsabilité du chef, vous aurez pour mission de contrôler la cuisson et l'assaisonnement des plats, tout en garantissant une présentation soignée et une qualité gustative optimale.","Tourisme, hôtellerie, restauration","Hôtellerie, restauration",Intérim,Fès,Fès,,Expérience entre 2 ans et 5 ans,Bac+2,[],2026-04-21
https://www.emploi.ma/offre-emploi-maroc/ingenieur-senior-etudes-ouvrages-art-rabat-9325230,Ingénieur Senior Études en Ouvrages D’Art - Rabat,INNOV ENGINEERING CONSULTING,"Nous sommes à la recherche d'un Ingénieur Senior Études en Ouvrages d’Art. Missions : Assurer la conception, le dimensionnement et le suivi des études techniques relatives aux ouvrages d’art (ponts, viaducs, passerelles, murs de soutènement, etc.), en garantissant la conformité aux normes en vigueur et l’optimisation technico-économique des projets Réaliser les études de conception (APS, APD, EXE) des ouvrages d’art Effectuer les calculs de dimensionnement (béton armé, béton précontraint, structures métalliques) Élaborer les notes de calcul et les rapports techniques Superviser la production des plans (en coordination avec les projeteurs) Assurer la conformité aux normes marocaines et internationales (BAEL, Eurocodes…) Participer aux réunions techniques avec les clients et partenaires Encadrer les ingénieurs juniors et techniciens Contribuer aux réponses aux appels d’offres",Métiers du BTP,"BTP, construction",CDI,Rabat-Salé-Kénitra,Rabat,Non,Expérience entre 5 ans et 10 ans - Expérience > 10 ans,Bac+5 et plus,"['Eurocodes', 'Dimensionnement']",2026-04-22
https://www.emploi.ma/offre-emploi-maroc/referent-qualite-junior-casablanca-9356076,Référent Qualité Junior - Casablanca,EDVANTIS HIGHER EDUCATION GROUP,"Nous sommes à la recherche d'un Référent Qualité Junior. Le Référent Qualité Junior contribue à la mise en œuvre, au suivi et à l’amélioration du Système de Management de la Qualité (SMQ) des écoles du Groupe EDVANTIS Higher Education. Sous la supervision de la Responsable Contrôle de Gestion & Contrôle Interne, il veille à la conformité des processus internes, à la mise à jour de la documentation qualité et à la préparation des audits et accréditations. Ses principales missions incluent : Le suivi opérationnel des processus qualité et du Manuel Qualité. La gestion documentaire : procédures, formulaires, rapports, tableaux d’indicateurs. L’alimentation et l’analyse des tableaux de bord qualité. L’identification des écarts, la proposition d’actions d’amélioration et la participation au Rapport de Révision de la Direction. La sensibilisation des équipes à la démarche qualité. La préparation des dossiers d’accréditation et de classement, ainsi que la consolidation des données institutionnelles. Le poste couvre l’ensemble des campus ISGA (Casablanca, Rabat, Marrakech, Fès) et ART’COMSUP (Casablanca et Rabat).","Production, maintenance, qualité","Éducation, formation",CDI,Casablanca-Mohammedia,Casablanca,,"Etudiant, jeune diplômé - Débutant < 2 ans",Bac+5 et plus,"['Production', 'Qualité', 'Ingénierie Industrielle', 'PDCA', 'SMQ', 'Processus', 'Maintenance', 'Management de la Qualité', 'Production', 'Maintenance Management']",2026-05-04
https://www.emploi.ma/offre-emploi-maroc/gerant-station-service-tanger-9339214,Gérant de Station-Service - Tanger,,"Nous sommes à la recherche d'un Gérant de Station-Service. Rattaché(e) à la Direction Réseau Direct, vous êtes l'interlocuteur principal du client, Vos principales missions seront : Gestion et fiabilisation des stocks carburants et lubrifiants; Établissement des rapports journaliers et décadaires d’activités; Suivi et recouvrement des crédits clients; Être le garant de la qualité de service; Être le garant de la sécurité des équipes et des clients; Management et animation des équipes; Prospection des clients.","Commercial, vente","Distribution, vente, commerce de gros",CDI,Tanger-Tétouan-Al Hoceïma,Tanger,,Débutant < 2 ans - Expérience entre 2 ans et 5 ans,Bac+3,"['Gestion', 'Stocks', 'Prospection', 'Recouvrement', 'Finance', 'Comptabilité', 'Gestion']",2026-05-01
https://www.emploi.ma/offre-emploi-maroc/office-manager-assistante-direction-meknes-9360413,Office Manager / Assistant(e) de Direction - Meknès,SOMACOS,"Nous sommes à la recherche d'un(e) Office Manager / Assistant(e) de Direction. Missions principales Rattaché(e) à la Responsable Administrative et financière , vous serez en charge de : Assister la RAF dans la gestion quotidienne des activités Gérer son agenda, les réunions. Assurer le suivi administratif et organisationnel Préparer les documents, présentations et comptes rendus Gérer les communications internes et externes Suivre les dossiers clients et fournisseurs Coordonner les services internes (RH, comptabilité, logistique…) Veiller au bon fonctionnement du bureau (fournitures, prestataires, etc.)","Gestion, comptabilité, finance","Industrie, production, fabrication, autres",CDI,Agadir - Béni Mellal-Khénifra - Casablanca-Mohammedia - Dakhla - Errachidia - Fès - Guelmim - Laâyoune - Marrakech-Safi - Meknès - Oujda - Rabat-Salé-Kénitra - Settat - Tanger-Tétouan-Al Hoceïma - International,Meknès,,Expérience entre 2 ans et 5 ans - Expérience entre 5 ans et 10 ans - Expérience > 10 ans,Bac+2 - Bac+3 - Bac+4 - Bac+5 et plus,"['Finance', 'Comptabilité', 'Gestion', 'Suivi Administratif']",2026-05-06
https://www.emploi.ma/offre-emploi-maroc/juriste-contentieux-filiales-casablanca-9270708,Juriste Contentieux - Filiales - Casablanca,BOTTU,"Nous sommes à la recherche d'un Juriste Contentieux - Filiales. Principales Attributions : Identifier, analyser et suivre les dossiers litigieux et contentieux, depuis la phase amiable jusqu’aux procédures judiciaires. Assurer la gestion et le suivi des dossiers contentieux (commercial, administratif, social si nécessaire). Rédiger les correspondances juridiques (mises en demeure, réponses aux réclamations, protocoles transactionnels). Coordonner et suivre l’intervention des avocats, huissiers et conseils externes. Représenter l’entreprise auprès des autorités judiciaires ou administratives lorsque nécessaire. Veiller à la mise en œuvre des procédures de recouvrement amiable et judiciaire des créances. Tenir à jour les tableaux de bord relatifs aux dossiers contentieux. Établir des rapports périodiques sur l’état des litiges et les risques juridiques. Contribuer à la prévention des risques juridiques liés aux activités des filiales.",Juridique,Industrie pharmaceutique,CDI,Casablanca-Mohammedia,Casablanca,,Expérience entre 5 ans et 10 ans - Expérience > 10 ans,Bac+5 et plus,"['Droit', 'Risques Juridiques', 'Contentieux']",2026-03-18
https://www.emploi.ma/offre-emploi-maroc/chef-projet-casablanca-9359814,Chef de Projet - Casablanca,GROUPE MCE,"Nous sommes à la recherche d'un Chef de Projet. Missions principales : Piloter les projets de la conception à la réalisation Définir les objectifs, les délais et les budgets Coordonner les équipes internes et les prestataires externes Assurer le suivi de l’avancement et le respect des délais Identifier les risques et mettre en place des actions correctives Mettre en place des outils de suivi et de reporting Assurer une communication fluide entre les différents intervenants","R&D, gestion de projets","Hôtellerie, restauration",CDI,Casablanca-Mohammedia,Casablanca,,Expérience entre 2 ans et 5 ans - Expérience entre 5 ans et 10 ans - Expérience > 10 ans,Bac+5 et plus,[],2026-05-06
https://www.emploi.ma/offre-emploi-maroc/charge-back-office-recouvrement-tresorerie-hf-casablanca-9317205,Chargé de Back Office Recouvrement et Trésorerie (H/F) - Casablanca,DEKRA SERVICES,"Nous cherchons dans le cadre de l’intérim, un(e) Chargé de Back Office Recouvrement et Trésorerie (H/F) pour le compte d’un groupe international, leader mondial dans la Commercialisation et assemblage de camions, autocars, autobus et Importation d'engins de travaux publics, sis au quartier industriel Ahl Loghlam. Vous serez en charge de : Recouvrement : Effectuer les relances écrites et téléphoniques, assurer le suivi des dossiers clients et mettre à jour les outils de gestion Effectuer les relances écrites et téléphoniques, assurer le suivi des dossiers clients et mettre à jour les outils de gestion Gestion des impayés : Suivi des dossiers de recouvrement de l'ouverture à la clôture, relances par courrier ou courriel. Lettrage des comptes clients, réconciliation des paiements et régularisation des comptes. Envoi des relevés clients Suivi et reporting : Gestion des demandes d’augmentation temporaire et de blocage des comptes clients sur CREDIT PORTAL. Analyse de la balance âgée, suivi des encaissements et reporting. Procédures contentieuses : Préparation des dossiers pour le recouvrement judiciaire ou la transmission aux cabinets spécialisés. Back office Trésorerie: Scannérisations des chèques et effets Suivi du portefeuille des effets Suivi quotidien des positions bancaires, équilibrage des comptes Gestion des encaissements/ décaissements Assurer le règlement/livraison des transactions, initier les virements et gérer les positions cash Effectuer les rapprochements bancaires, analyser les suspens comptables et justifier les écarts Produire les états de position de trésorerie, les prévisions de liquidité et les rapports d'incidents.","Gestion, comptabilité, finance","Automobile, matériels de transport, réparation",Intérim,Casablanca-Mohammedia,Casablanca,Non,Expérience entre 2 ans et 5 ans - Expérience entre 5 ans et 10 ans,Bac+3 - Bac+4 - Bac+5 et plus,"['Finance', 'Gestion', 'Gestion des Encaissements', 'Gestion des Impayés', 'Comptabilité', 'Trésorerie', 'Recouvrement']",2026-04-17
https://www.emploi.ma/offre-emploi-maroc/pharmacien-assistant-production-casablanca-9315489,Pharmacien Assistant Production - Casablanca,BOTTU,Nous sommes à la recherche d'un Pharmacien Assistant Production. Missions : Assurer l'exécution des lancements des ordres de fabrication Participer à la qualification des nouvelles installations et à la validation des nouveaux produits Assurer le suivi des indicateurs de performance de la production Respecter et faire respecter les bonnes pratiques de fabrication (BPF)…,"Production, maintenance, qualité",Industrie pharmaceutique,CDI,Casablanca-Mohammedia,Casablanca,,Débutant < 2 ans,Bac+5 et plus,"['Qualité', 'Maintenance', 'Production', 'BPF', 'Fabrication', 'Bonnes Pratiques de Fabrication', 'Santé', 'Qualité']",2026-04-08
https://www.emploi.ma/offre-emploi-maroc/technicien-maintenance-ain-aouda-9257428,Technicien Maintenance - Ain Aouda,AMANYS PHARMA,"Nous sommes à la recherche d'un Technicien Maintenance. Missions : Assurer la maintenance préventive et corrective des équipements industriels (production, utilités, conditionnement, etc.) Diagnostiquer les pannes et intervenir rapidement afin de minimiser les arrêts de production Participer à l’installation, au réglage et à la mise en service des nouveaux équipements Contribuer à l’amélioration continue des installations et proposer des actions d’optimisation Renseigner les interventions dans le système de gestion de maintenance (GMAO) Veiller au respect des normes de sécurité, d’hygiène et des BPF Participer aux qualifications techniques et aux audits internes si nécessaire Assurer un reporting régulier à votre hiérarchie","Production, maintenance, qualité",Industrie pharmaceutique,CDI,Rabat-Salé-Kénitra,Ain Aouda,Non,Expérience entre 2 ans et 5 ans,Bac+2 - Bac+3,"['Amélioration Continue', 'Maintenance Préventive', 'Pneumatique', 'Hygiène', 'Automatisme', 'Électromécanique', 'Qualité', 'Production', 'Électricité Industrielle', 'Maintenance Industrielle', 'BPF', 'Maintenance', 'Génie Électrique', 'Agroalimentaire']",2026-05-07
https://www.emploi.ma/offre-emploi-maroc/technicien-genie-civil-rabat-9350685,Technicien en Génie Civil - Rabat,TECTRA RABAT - KENITRA,"Nous recherchons un Technicien en Génie Civil pour rejoindre notre équipe. Ce poste implique la réalisation d'études techniques, la supervision de projets de construction et la collaboration avec les équipes sur le terrain. Il nécessite une expertise dans le domaine du BTP et une capacité à analyser des plans et des structures. Missions : Analyser les plans et les documents techniques pour assurer la conformité des projets. Superviser les travaux de construction et veiller au respect des normes de sécurité et de qualité. Coordonner avec les équipes de chantier pour assurer l'avancement des projets dans les délais impartis. Participer à l'élaboration des devis et des estimations de coûts. Assurer le suivi administratif et technique des projets en collaboration avec les ingénieurs et les gestionnaires.",Métiers du BTP,"BTP, construction",CDI,Rabat-Salé-Kénitra,Rabat,,Expérience entre 2 ans et 5 ans - Expérience entre 5 ans et 10 ans - Expérience > 10 ans,Bac+3 - Bac+4 - Bac+5 et plus,"['Analyse Technique', 'BTP', 'Construction', 'Domaine du BTP']",2026-04-30
https://www.emploi.ma/offre-emploi-maroc/comptable-fournisseurs-tresorerie-internationale-rabat-9325847,Comptable Fournisseurs – Trésorerie Internationale - Rabat,JOB CONNECT,"Dans le cadre de son développement à l’international, une société spécialisée dans les solutions IT recrute un(e) Comptable Fournisseurs , en charge de la trésorerie et des opérations fournisseurs internationales . Missions Suivi quotidien des flux de trésorerie Rapprochements bancaires et reporting de trésorerie Participation aux prévisions de trésorerie Préparation et exécution des paiements fournisseurs (multi-devises, multi-pays) Suivi des échéanciers et respect des délais de paiement Saisie, contrôle et validation des factures fournisseurs Gestion des comptes fournisseurs et traitement des litiges Garantie de la fiabilité des données comptables dans l’ERP","Gestion, comptabilité, finance","Conseil, audit, comptabilité",Temps partiel,Rabat-Salé-Kénitra,Rabat,,Expérience entre 5 ans et 10 ans - Expérience > 10 ans,Bac+4 - Bac+5 et plus,"['Comptabilité', 'Gestion', 'Finance', 'Trésorerie', 'Comptabilité Fournisseurs']",2026-04-22
https://www.emploi.ma/offre-emploi-maroc/technicien-sav-essaouira-9347744,Technicien SAV - Essaouira,DEKRA SERVICES,"Notre client, grande structure, leader dans le domaine de services interbancaires, recrute dans le cadre de son développement, des Techniciens SAV à Essaouira Missions principales : Installation, maintenance et dépannage des terminaux de paiement électronique (TPE) Diagnostic et résolution des pannes afin d’assurer une disponibilité optimale des équipements Coordination avec les commerçants, suivi des stocks de TPE et contribution à la satisfaction client Gestion du planning d’interventions et rédaction des rapports d’activité","Informatique, nouvelles technologies","Banque, assurance, finances",CDI,Marrakech-Safi,Essaouira,,Expérience entre 2 ans et 5 ans,Bac+2 - Bac+3,"['Électronique', 'Électronique Informatique', 'Production', 'Qualité', 'Maintenance', 'Qualité Électronique', 'Électronique']",2026-05-06
https://www.emploi.ma/offre-emploi-maroc/chargee-export-casablanca-9291302,Chargé(e) Export - Casablanca,INGELEC,"Rejoignez une entreprise dynamique dans le secteur de l' électricité en tant que Chargée Export , basé(e) à Casablanca . C'est une opportunité unique de contribuer activement au développement international de nos activités. Votre mission principale sera de développer et gérer notre portefeuille clients à l'international . Vous serez le pilier de notre stratégie d'exportation , en assurant la croissance de nos ventes sur les marchés étrangers et en renforçant notre présence globale. Au quotidien, vos responsabilités incluront : Gérer et suivre les dossiers export de A à Z Préparer les documents d’expédition : Factures commerciales Listes de colisage (packing list) Certificats d’origine Documents douaniers Assurer la coordination avec les transitaires, transporteurs et douanes Organiser les expéditions internationales (maritime, aérien ou routier) Suivre les délais de livraison et gérer les éventuels litiges logistiques Vérifier la conformité des documents avec les exigences des pays importateurs Gérer les crédits documentaires (lettres de crédit) et autres moyens de paiement internationaux Assurer le suivi des paiements clients en lien avec le service financier Mettre à jour les bases de données et les tableaux de suivi export Être l’interface entre les différents services internes (production, logistique, finance) Assurer une veille réglementaire sur les procédures douanières et les règles d’exportation","Commercial, vente","Electricité, eau, gaz, nucléaire, énergie",CDI,Casablanca-Mohammedia,Casablanca,Non,Débutant < 2 ans,Bac+3,"['Techniques de Vente', 'Négociation', 'CRM', 'Vente']",2026-04-17
https://www.emploi.ma/offre-emploi-maroc/responsable-evenementiel-casablanca-9336802,Responsable Événementiel - Casablanca,CALLIOPE,"Calliope recrute un(e) Responsable Événementiel pour concevoir et gérer ses événements de bout en bout. Missions : Proposer et développer des concepts d’événements innovants dans le domaine éducatif et culturel Assurer l’organisation complète des événements (planification, coordination, réalisation) Gérer les prestataires, partenaires et intervenants Suivre le budget, la logistique et le planning Veiller à la qualité et à l’impact de chaque événement","Marketing, communication","Distribution, vente, commerce de gros",CDI,Casablanca-Mohammedia,Casablanca,Non,Expérience entre 2 ans et 5 ans - Expérience entre 5 ans et 10 ans - Expérience > 10 ans,Bac+3 - Bac+4 - Bac+5 et plus,"['Communication Marketing', 'Marketing', 'Communication', 'Communication Marketing']",2026-04-29
https://www.emploi.ma/offre-emploi-maroc/juriste-senior-anglophone-casablanca-9315492,Juriste Senior (Anglophone) - Casablanca,BOTTU,Nous sommes à la recherche d'un Juriste Senior (Anglophone). Missions : Élaborer et gérer les contrats et conventions liant Bottu à des tiers Proposer et faire valider par la hiérarchie les conditions de forme et de fond lors de la rédaction d’un contrat Garantir que la formulation du contrat couvre toutes les garanties légales et conventionnelles requises pour un bon aboutissement de la relation contractuelle Assurer le suivi des contrats dans le respect de la règlementation nationale et internationale Assister et conseiller les opérationnels dans la gestion de la relation clients/ fournisseurs/partenaires conformément aux dispositions contractuelles Centraliser l’ensemble des contrats de la société tout en garantissant leur validité juridique et commerciale Assurer une veille réglementaire et législative Participer à la maîtrise des risques juridiques et à la gestion rigoureuse des contentieux.,Juridique,Industrie pharmaceutique,CDI,Casablanca-Mohammedia,Casablanca,,Expérience entre 5 ans et 10 ans,Bac+5 et plus,"['Droit', 'Contentieux', 'Risques Juridiques']",2026-04-16
https://www.emploi.ma/offre-emploi-maroc/chargee-accueil-accueil-visiteurs-hf-casablanca-9336779,Chargé(e) D´Accueil - Accueil des Visiteurs (H/F) - Casablanca,CALLIOPE,Nous sommes à la recherche de profils dynamiques et professionnels pour rejoindre notre équipe en tant que Chargé(e) d'Accueil au sein de notre tour. Vous serez l'interface principale pour l’accueil des visiteurs et veillerez à offrir une expérience agréable et fluide. Missions : Accueillir les visiteurs avec professionnalisme et bienveillance. Assurer l’enregistrement et le contrôle des accès. Fournir des informations et orienter les visiteurs. Gérer les appels entrants et la correspondance. Assurer une présentation soignée de l’espace d’accueil.,"Secrétariat, assistanat","Distribution, vente, commerce de gros",CDI - Anapec,Casablanca-Mohammedia,Casablanca,Non,Expérience entre 2 ans et 5 ans - Expérience entre 5 ans et 10 ans - Expérience > 10 ans,Qualification avant bac - Bac - Bac+1 - Bac+2,"['Secrétariat', 'Assistanat', 'Appels Entrants', 'Secrétariat']",2026-04-29
https://www.emploi.ma/offre-emploi-maroc/controleur-gestion-junior-casablanca-9292910,Contrôleur de Gestion Junior - Casablanca,TECTRA CASA BOURGOGNE – RECRUTEMENT,"Nous recrutons pour le compte de notre client spécialisé dans l'industrie agro alimentaire son contrôleur de gestion agro alimentaire Missions principales Reporting mensuel : Produire des tableaux de bord, suivre les indicateurs clés de performance (KPIs) et analyser la facturation client. Contrôle budgétaire : Participer à l'élaboration du budget et analyser les écarts entre le réalisé et le prévisionnel. Analyse des coûts : Suivre la rentabilité des activités et la chargeabilité réelle/prévisionnelle. Support opérationnel : Assister les responsables de départements dans le pilotage de leur activité.","Gestion, comptabilité, finance",Agroalimentaire,Intérim,Casablanca-Mohammedia,Casablanca,,Débutant < 2 ans - Expérience entre 2 ans et 5 ans - Expérience entre 5 ans et 10 ans - Expérience > 10 ans,Bac+5 et plus,"['Facturation', 'Gestion', 'Analyse des Coûts', 'Comptabilité', 'Finance']",2026-04-04
https://www.emploi.ma/offre-emploi-maroc/ingenieur-securite-incendie-casablanca-9229069,Ingénieur en Sécurité Incendie - Casablanca,EXPERT EYE ENGINEERING,"Nous sommes à la recherche d'un Ingénieur en Sécurité Incendie. Missions principales Réaliser les études de sécurité incendie pour projets industriels, tertiaires et infrastructures. Établir les scénarios d’incendie et dimensionner les systèmes de détection, extinction et désenfumage. Rédiger les dossiers techniques (APS, APD, DCE) intégrant les prescriptions incendie. Vérifier la conformité aux normes NFPA, FM Global, APSAD, et aux réglementations marocaines. Assurer la coordination avec les autres disciplines (électricité, GC, HVAC).",Métiers des services,"Ingénierie, études développement",CDI,Casablanca-Mohammedia,Casablanca,Non,Expérience entre 2 ans et 5 ans - Expérience entre 5 ans et 10 ans - Expérience > 10 ans,Bac+5 et plus,"['Sécurité Incendie', 'BTP', 'Sécurité', 'Désenfumage']",2026-04-08
https://www.emploi.ma/offre-emploi-maroc/poseur-casablanca-region-9331524,Poseur - Casablanca et Région,TECTRA CASA BOURGOGNE – RECRUTEMENT,"Nous recherchons un Poseur pour rejoindre notre équipe. Ce poste implique l'installation et la mise en place de cuisines encastrables, en assurant la qualité et la conformité des travaux réalisés, dans un environnement professionnel dynamique. Missions : Installer et ajuster les cuisines encastrables selon les plans et spécifications techniques. Vérifier la conformité des installations avec les normes de qualité et de sécurité. Assurer la finition et le réglage précis des éléments installés. Interagir avec les clients pour garantir leur satisfaction et répondre à leurs questions. Respecter les délais et les consignes de sécurité sur le chantier.",Métiers du BTP,"Ameublement, décoration",Intérim,Casablanca-Mohammedia,Casablanca Et Région,,Expérience entre 2 ans et 5 ans - Expérience entre 5 ans et 10 ans - Expérience > 10 ans,Qualification avant bac - Bac - Bac+1 - Bac+2 - Bac+3 - Bac+4 - Bac+5 et plus,['BTP'],2026-04-25
https://www.emploi.ma/offre-emploi-maroc/responsable-commercial-relation-entreprises-casablanca-9336777,Responsable Commercial et Relation Entreprises - Casablanca,CALLIOPE,"Nous recherchons un(e) Responsable Commercial et Relation Entreprises enthousiaste et engagé dans le secteur de la formation et de l'éducation. Votre mission consistera à développer notre clientèle et à mettre en avant nos solutions de formation sur mesure, répondant aux besoins spécifiques des entreprises et des institutions. Missions principales : Concevoir et mettre en œuvre une stratégie commerciale pour valoriser nos programmes de formation. Cultiver des relations durables avec les clients et veiller à leur satisfaction. Organiser des réunions de suivi pour recueillir des retours et adapter notre offre. Collaborer avec l’équipe marketing pour créer des campagnes percutantes. Suivre et analyser les performances commerciales à l’aide d’indicateurs clés. Préparer des rapports d’activité réguliers à destination de la direction.","Commercial, vente","Distribution, vente, commerce de gros",CDI,Casablanca-Mohammedia,Casablanca,Non,Expérience entre 2 ans et 5 ans - Expérience entre 5 ans et 10 ans - Expérience > 10 ans,Bac+5 et plus,"['Vente', 'Prospection', 'Négociation', 'Développement Commercial', 'Stratégie Commerciale', 'Actions Commerciales', 'Gestion Commerciale', 'Vente']",2026-04-29
https://www.emploi.ma/offre-emploi-maroc/ingenieur-genie-electrique-bureau-etudes-techniques-rabat-9289440,Ingénieur en Génie Électrique – Bureau d’Études Techniques - Rabat,JOB CONNECT,"Nous recrutons pour le compte de notre client basé à Rabat, Un (e) Ingénieur en Génie Électrique – Bureau d’Études Techniques dans le secteur BTP / Ingénierie. Missions principales : Réaliser des études techniques détaillées (APS, APD, EXE) en génie électrique, avec un positionnement clair dans un BET. Maîtriser les normes obligatoires : NF C 15-100, IEC 60364, normes incendie, adaptées aux projets de bâtiments, hôpitaux, data centers et industries. Utiliser de manière indispensable les logiciels BET : Caneco BT, Caneco EP, Dialux, Relux, Autocad, Revit, Excel/MEP. Produire des notes de calcul rigoureuses : bilans de puissance, courants de court-circuit, dimensionnement des câbles et disjoncteurs. Préparer et livrer les documents BET : notes de calcul, schémas unifiés, plans d’exécution, dossiers APS, APD, EXE. Nommer précisément les projets réalisés et détailler ses responsabilités, interactions avec la maîtrise d’œuvre (MOE) et la maîtrise d’ouvrage (MOA), ainsi que les bureaux de contrôle. Assurer une rigueur technique et méthodologique : justification normative, traçabilité des hypothèses, traitement des observations du bureau de contrôle.",Métiers des services,"Ingénierie, études développement",CDI,Rabat-Salé-Kénitra,Rabat,,Expérience entre 5 ans et 10 ans,Bac+5 et plus,[],2026-04-02
https://www.emploi.ma/offre-emploi-maroc/comptable-fournisseur-casablanca-9361296,Comptable Fournisseur - Casablanca,TECTRA RECRUTEMENT MAROC,"Nous recherchons un Comptable Fournisseur pour rejoindre notre équipe. Ce poste implique la gestion des comptes fournisseurs, le traitement des factures, la réconciliation des paiements et la tenue de la comptabilité dans un environnement industriel et de production. Missions : Assurer la saisie et le suivi des factures fournisseurs dans le système comptable. Gérer les règlements et les paiements en respectant les délais impartis. Effectuer la réconciliation des comptes fournisseurs et résoudre les écarts éventuels. Participer à la clôture mensuelle et à la préparation des documents comptables. Collaborer avec les équipes internes pour assurer la conformité des opérations comptables.","Gestion, comptabilité, finance","Industrie, production, fabrication, autres",Intérim,Casablanca-Mohammedia,Casablanca,,Expérience entre 2 ans et 5 ans,Bac+2 - Bac+3,"['Techniques Comptables', 'Comptabilité', 'Finance', 'Gestion']",2026-05-07
https://www.emploi.ma/offre-emploi-maroc/pre-vendeur-rabat-marakkech-9347778,Pré-Vendeur - Rabat et Marakkech,CRIT,"Nous sommes à la recherche d'un Pré-Vendeur. Le pré-vendeur assure la prise de commandes auprès des clients (épiceries, commerces de proximité) sur sa zone. Il est chargé de développer le chiffre d’affaires, de fidéliser le portefeuille clients et d’assurer la bonne visibilité des produits. Il veille également au suivi des commandes et remonte les informations terrain (besoins clients, concurrence, disponibilité des produits).","Commercial, vente","Intérim, recrutement",CDI,Rabat-Salé-Kénitra,Rabat Et Marakkech,Non,Débutant < 2 ans,Bac+2,"['Animation des Ventes', 'Relation Clients', 'Vente']",2026-05-06
https://www.emploi.ma/offre-emploi-maroc/juriste-casablanca-9272636,Juriste - Casablanca,CABINET AVOCATS,"Nous sommes à la recherche d'un Juriste. Missions principales 1. Droit des sociétés / Secrétariat juridique Collecter les informations nécessaires à la préparation de la documentation juridique relative à un portefeuille de sociétés de droit marocain ; Rédiger la documentation sociétaire liée à la vie sociale des sociétés (assemblées générales, décisions des organes sociaux, modifications statutaires, etc.) ; Assurer la coordination et le suivi des formalités juridiques auprès des autorités compétentes et des prestataires externes ; Veiller à la bonne tenue du secrétariat juridique et au respect des obligations légales et réglementaires applicables. 2. Droit des contrats Coordonner la collecte des informations nécessaires à la rédaction et à la revue des contrats commerciaux ; Rédiger, analyser et participer à la négociation de contrats avec les clients, fournisseurs et partenaires du groupe ; Identifier les risques juridiques associés et proposer les ajustements nécessaires. 3. Conseil juridique opérationnel Apporter un support juridique courant aux clients en matière de droit des affaires et de droit social 4. Gestion des litiges Assurer le suivi pré-contentieux des litiges Coordonner le traitement des dossiers contentieux avec les avocats externes en charge des procédures ; Suivre l’avancement des procédures et assurer le reporting interne.",Juridique,"Conseil, audit, comptabilité",CDI,Casablanca-Mohammedia,Casablanca,Non,"Etudiant, jeune diplômé - Débutant < 2 ans - Expérience entre 2 ans et 5 ans - Expérience entre 5 ans et 10 ans - Expérience > 10 ans",Bac+5 et plus,"['Contentieux', 'Droit', 'Risques Juridiques', 'Droit Social', 'Droit des Sociétés', 'Droit des Contrats']",2026-04-24
https://www.emploi.ma/offre-emploi-maroc/technico-commercial-signaletique-impression-numerique-casblanca-9309782,Technico-Commercial en Signalétique et Impression Numérique - Casablanca,PANELCO,Nous sommes à la recherche d'un Technico-Commercial en Signalétique et Impression Numérique. Missions Accueillir et conseiller les clients au comptoir Comprendre le besoin du client et proposer la solution adaptée Préparer les devis et bons de commande Suivre les commandes clients Coordonner avec l’atelier et le service production Répondre aux demandes par téléphone et WhatsApp Fidéliser les clients et développer les ventes Participer au développement commercial de l’entreprise,"Commercial, vente","Ameublement, décoration",CDI - CDD,Casablanca-Mohammedia,Casablanca,Non,"Etudiant, jeune diplômé - Débutant < 2 ans - Expérience entre 2 ans et 5 ans",Bac+2 - Bac+3 - Bac+4 - Bac+5 et plus,"['Comptabilité', 'Finance', 'Vente', 'Gestion', 'Devis', 'Développement Commercial', 'BTP']",2026-05-02
https://www.emploi.ma/offre-emploi-maroc/ios-developer-mf-8251943,IOS Developer (M/F),AFRICASHORE,"We are looking for iOS Developer profiles / CVs to pass on to our clients for their future recruitment campaigns. Mission: Implement, develop, and fix code according to corporate coding standards. Design and build advanced applications for the iOS platform. IOS Developer, who is responsible for App development with quality and by following the best practices. Ability to write scalable and maintainable code. Coordinate with other team members to ensure that all TMs are in sync. Be self-starter and goal-oriented with strong analytical and problem-solving skills. Ability to work cooperatively within a strong diverse technical community to expedite development tasks. Collaborate with designers, developers and product owners to implement scalable and interactive iOS applications. Build sophisticated and elegant user interfaces. Be a team player who should be able to code, do the code review. Able to test an app in the testing environment and clear any bugs or issues. Implement functionalities using swift. Provides input for documentation of new or existing programs Knowledge of the general mobile landscape, architectures, trends, and emerging technologies. Continuously discover, evaluate, and implement new technologies to maximize development efficiency.","Informatique, nouvelles technologies","Informatique, SSII, Internet",CDI - CDD - Freelance,Agadir - Béni Mellal-Khénifra - Casablanca-Mohammedia - Dakhla - Errachidia - Fès - Guelmim - Laâyoune - Marrakech-Safi - Meknès - Oujda - Rabat-Salé-Kénitra - Settat - Tanger-Tétouan-Al Hoceïma - International,/ Travail à Distance,,Expérience entre 5 ans et 10 ans,Bac+3,"['CVS', 'COCOA', 'GIT', 'AGILE', 'APP', 'FOUNDATION', 'TMS', 'SWIFT']",2026-04-13
https://www.emploi.ma/offre-emploi-maroc/python-developer-mf-8251952,PYTHON Developer (M/F),AFRICASHORE,"We are looking for PYTHON Developer profiles / CVs to pass on to our clients for their future recruitment campaigns. Mission: Design, implement, maintain and deploy applications. Convert specifications and requirements into functional application code. Demonstrate focus on quality (unit testing, system testing, user acceptance testing) and product support ownership... Support deployments and releases. Creating products that are user-friendly, effective and appealing. Enforce good programming practices. Contribute to develop, maintain and improve in house python applications. Work closely with other development teams to ensure successful implementation of applications. Conduct software analysis, debugging and trouble-shooting issues. Create test suites for web applications.","Informatique, nouvelles technologies","Informatique, SSII, Internet",CDI - CDD - Freelance,Agadir - Béni Mellal-Khénifra - Casablanca-Mohammedia - Dakhla - Errachidia - Fès - Guelmim - Laâyoune - Marrakech-Safi - Meknès - Oujda - Rabat-Salé-Kénitra - Settat - Tanger-Tétouan-Al Hoceïma - International,/ Travail à Distance,,Expérience entre 5 ans et 10 ans,Bac+3,"['TORNADO', 'CVS', 'SCRUM', 'AGILE', 'API', 'CSS', 'DJANGO', 'SQL', 'PYTHON', 'HTML']",2026-04-13
https://www.emploi.ma/offre-emploi-maroc/agent-import-el-jadida-9361336,Agent Import - EL Jadida,TECTRA EL JADIDA – RECRUTEMENT,"L’Humain est au cœur de notre métier ! TECTRA est aujourd’hui leader du conseil en Ressources Humaines au Maroc. Avec plus de 1000 clients actifs multisectoriels et une force de réseaux de 27 agences partout dans le Royaume, Tectra vous accompagne dans votre recherche d’emploi. Pour l’un de ses clients, TECTRA recherche un Agent Import à EL Jadida. Missions Principales : Suivi des opérations d'import de A à Z Coordination avec fournisseurs et transitaires, Gestion des documents d'import Suivi des formalités douanières Respect des délais de livraison","Transport, logistique","Import, export",Intérim,Casablanca-Mohammedia,EL Jadida,,Débutant < 2 ans,Bac+2,"['Import', 'Activités Logistiques', 'Import']",2026-05-07
https://www.emploi.ma/offre-emploi-maroc/ingenieur-genie-civil-specialite-infrastructures-transport-rabat-9305523,Ingénieur Génie Civil – Spécialité Infrastructures de Transport - Rabat,INNOV ENGINEERING CONSULTING,"Dans le cadre du développement de nos projets d’infrastructures, nous recrutons un Ingénieur Génie Civil spécialisé en infrastructures de transport . Vous serez amené(e) à : Concevoir et suivre des projets d’infrastructures (routes, autoroutes, voies ferrées, ouvrages associés) Réaliser les études techniques (APS, APD, EXE) Assurer le suivi des travaux et le respect des délais, coûts et qualité Coordonner avec les différents intervenants (maîtrise d’ouvrage, bureaux d’études, entreprises) Participer aux réunions de chantier et rédiger les rapports d’avancement Veiller à la conformité aux normes et réglementations en vigueur",Métiers du BTP,"BTP, construction",CDI,Rabat-Salé-Kénitra,Rabat,Non,Expérience entre 5 ans et 10 ans - Expérience > 10 ans,Bac+5 et plus,"['AUTOCAD', 'COVADIS']",2026-04-11
https://www.emploi.ma/offre-emploi-maroc/controleur-gestion-junior-casablanca-9270558,Contrôleur de Gestion Junior - Casablanca,,Nous sommes à la recherche d'un Contrôleur de Gestion Junior.,"Gestion, comptabilité, finance",Agroalimentaire,CDI,Casablanca-Mohammedia,Casablanca,Non,"Etudiant, jeune diplômé - Débutant < 2 ans",Bac+5 et plus,"['Comptabilité', 'Gestion', 'Finance']",2026-03-18
https://www.emploi.ma/offre-emploi-maroc/responsable-spa-bien-etre-tanger-9361367,Responsable Spa et Bien-Être - Tanger,GROUPE MCE,"Dans le cadre de l’ouverture prochaine d’un hôtel 5 étoiles à Tanger, nous recherchons une Responsable Spa et Bien-Être capable de créer une expérience élégante, raffinée et mémorable autour du bien-être et du service. Ce poste s’adresse à une professionnelle passionnée, organisée et orientée excellence, souhaitant participer au lancement d’un projet ambitieux dans l’univers du luxe et de l’hospitalité haut de gamme. Votre mission : Superviser l’ouverture et l’exploitation du spa et de l’espace bien-être Développer une expérience client premium et personnalisée Recruter, former et encadrer les équipes Mettre en place les standards de qualité, d’accueil et de service Gérer les plannings, les performances et les objectifs commerciaux Développer l’offre de soins et les partenariats bien-être Garantir l’excellence opérationnelle et la satisfaction client","Tourisme, hôtellerie, restauration","Hôtellerie, restauration",CDI,Tanger-Tétouan-Al Hoceïma,Tanger,,Expérience entre 2 ans et 5 ans - Expérience entre 5 ans et 10 ans - Expérience > 10 ans,Bac+3 - Bac+4 - Bac+5 et plus,"['Accueil', 'Tourisme']",2026-05-07
https://www.emploi.ma/offre-emploi-maroc/chargee-mission-achats-casablanca-9274175,Chargé(e) de Mission Achats - Casablanca,,"Nous sommes à la recherche d'un(e) Chargé(e) de Mission Achats. Rattaché(e) au Département Achats, vous contribuez à la mise en œuvre de la stratégie d’achats de l’entreprise en optimisant les coûts, les délais et la qualité des approvisionnements. À ce titre, vos principales responsabilités seront : Traiter les demandes d’achat de matières premières (adhésifs, colorants, etc.) validées par les services concernés. Analyser les besoins d’achat en vérifiant la disponibilité, les délais, la désignation et les quantités. Consulter et sélectionner les fournisseurs référencés selon les critères qualité et conformité. Étudier les devis reçus et établir des tableaux comparatifs pour faciliter la prise de décision. Négocier les meilleures conditions commerciales (prix, délais, qualité). Établir les bons de commande après validation hiérarchique. Assurer le suivi des commandes et relancer les fournisseurs en cas de retard. Coordonner avec les équipes réception et qualité pour garantir la conformité des produits livrés. Gérer les réclamations et litiges liés aux achats. Assurer le suivi administratif des dossiers d’achats et déclencher les paiements après vérification. Identifier et sourcer de nouveaux fournisseurs. Participer à l’évaluation et la classification des fournisseurs. Assurer une veille technologique sur les familles de produits. Mettre en place un reporting achats à partir de Sage X3 .",Achats,"Industrie, production, fabrication, autres",CDD,Casablanca-Mohammedia,Casablanca,Non,"Etudiant, jeune diplômé - Débutant < 2 ans",Bac+2 - Bac+3,"['Approvisionnements', 'Supply', 'Supply Chain', 'Achats']",2026-03-20
https://www.emploi.ma/offre-emploi-maroc/charge-supply-chain-hf-debutants-casablanca-9290503,Chargé Supply Chain (H/F) Débutants - Casablanca,DEKRA SERVICES,"Notre client, opérateur international dans le domaine des télécommunications et leader mondial de son secteur, recherche un Chargé Supply Chain dans le cadre d'un CDD. Missions: Gérer de manière proactive les risques d'approvisionnement et d'équilibre offre/demande Piloter les KPI de performance supply du projet Identifier et ajuster les solutions d'approvisionnement en temps réel selon les changements de configuration Élaborer les prévisions de demande et les plans de ressources matérielles/logistiques Identifier les risques d'approvisionnement en amont et développer des plans de contingence Assister au développement des sous-plans supply (expéditions usine, arrivées, licences d'importation, dédouanement, livraison client) Assister au développement des plans de commandes, suivre leur exécution et déclencher la préparation des documents import/export Accompagner l'acceptation client et la signature des POD commerciaux, déclencher la facturation Collaborer avec les clients dans tous les domaines possibles Supporter les appels d'offres commerciaux et structurer le langage transactionnel Gérer les attentes clients et assurer leur satisfaction","Transport, logistique",Télécom,CDD,Casablanca-Mohammedia,Casablanca,,Débutant < 2 ans,Bac+5 et plus,"['Export', 'Import', 'Dédouanement', 'Importation', 'Transport']",2026-04-03
https://www.emploi.ma/offre-emploi-maroc/coursier-casablanca-9331002,Coursier - Casablanca,PROFILS RECRUTEMENT,"Nous recrutons pour notre client, Société opérant dans la vente, l'installation et le service après-vente de matériels et dispositifs médicaux hospitaliers, dans le cadre de son développement, un Coursier , poste basé à Casablanca - vous auriez comme mission: collecter les commandes emballés et pointage des produits avec le magasinier; veiller sur les marchandises au moment du chargement et au cours de la livraison; assurer tous les déplacements ponctuels: Achat divers, dépôt de courriers, distribution de factures auprès des clients... assurer toute mission d'aide à l'équipe commerciale, technique et administrative; veiller à l'entretien du moyen de transport à disposition.","Secrétariat, assistanat","Santé, pharmacie, hôpitaux, équipements médicaux",CDI,Casablanca-Mohammedia,Casablanca,,Expérience entre 2 ans et 5 ans - Expérience entre 5 ans et 10 ans - Expérience > 10 ans,Bac - Bac+1 - Bac+2 - Bac+3 - Bac+4 - Bac+5 et plus,"['Secrétariat', 'Assistanat']",2026-04-25
https://www.emploi.ma/offre-emploi-maroc/gestionnaire-plateforme-technique-hf-casablanca-9319230,Gestionnaire de Plateforme Technique H/F - Casablanca,BUDGET LOCASOM,"Nous sommes à la recherche d’un (e) Gestionnaire de Plateforme Technique H/F pour rejoindre notre équipe dynamique. Vous aurez pour mission de gérer et d’optimiser notre plateforme technique, garantissant ainsi son bon fonctionnement et ses performances. Responsabilités : Effectuer un suivi du montage pneumatique des véhicules. Procéder aux relances relatives aux visites techniques des véhicules. Recevoir et traiter les appels en provenance des clients. Orienter les clients et leur fournir l’assistance nécessaire en cas de besoin. Se charger de la prise de rendez-vous avec les prestataires pour les interventions techniques sur les véhicules et établir les Bon de commande relatifs à ces dernières.",Métiers des services,"Automobile, matériels de transport, réparation",CDI,Casablanca-Mohammedia,Casablanca,,"Etudiant, jeune diplômé - Débutant < 2 ans",Bac+2,"['Pneumatique', 'Montage', 'Assistance', 'Formation', 'Mécanique']",2026-05-06
https://www.emploi.ma/offre-emploi-maroc/animateur-hse-casablanca-9085632,Animateur HSE - Casablanca,,"Nous sommes à la recherche d'un Animateur HSE. Missions principales : Rattaché(e) au Responsable QHSE, vous serez le relais de la politique Hygiène, Sécurité et Environnement sur le terrain. À ce titre, vos principales missions seront de : Animer la démarche HSE au quotidien auprès des équipes opérationnelles ; Identifier et évaluer les risques Santé et Sécurité au Travail (SST) en collaboration avec les équipes terrain ; Gérer les Équipements de Protection Individuelle (EPI) et veiller à leur bon usage ; Assurer la gestion et la mise à jour des Fiches de Données de Sécurité (FDS) des produits chimiques ; Participer à la rédaction et à la mise à jour des procédures SST ; Suivre les indicateurs HSE et assurer un reporting régulier ; Réaliser des audits internes en matière de santé et de sécurité ; Contribuer à la conformité réglementaire du site ; Participer à l’élaboration des plans de prévention, permis de travail et protocoles de sécurité ; Contribuer à l’analyse des accidents et incidents, et suivre la mise en œuvre des actions correctives ; Créer et diffuser des supports visuels de sensibilisation (affiches, flash sécurité, consignes, etc.).","Production, maintenance, qualité","Industrie, production, fabrication, autres",CDI,Casablanca-Mohammedia,Casablanca,Non,Expérience entre 2 ans et 5 ans - Expérience entre 5 ans et 10 ans - Expérience > 10 ans,Bac+5 et plus,"['QHSE', 'Hygiène', 'Maintenance', 'Qualité']",2026-04-04
https://www.emploi.ma/offre-emploi-maroc/ingenieur-technicien-biomedicale-casablanca-9281488,Ingénieur / Technicien Biomédical - Casablanca,PROFILS RECRUTEMENT,"Nous sommes à la recherche des Ingénieurs / Techniciens Biomédicales. Missions : En tant qu’Ingénieur, votre principale mission est de : S'occuper de l'entretien, de la maintenance préventive et curative ainsi que l'installation des équipements médicaux ; Assurer la réception, la vérification et la mise en service des équipements médicaux ; Assurer la formation et le conseil à l’utilisation des produits et des équipements médicaux.","Production, maintenance, qualité","Santé, pharmacie, hôpitaux, équipements médicaux",CDI,Casablanca-Mohammedia,Casablanca,,Expérience entre 2 ans et 5 ans - Expérience entre 5 ans et 10 ans - Expérience > 10 ans,Bac+5 et plus,"['Qualité', 'Maintenance Préventive', 'Maintenance', 'Production']",2026-03-26
https://www.emploi.ma/offre-emploi-maroc/consultant-sap-abap-hf-8338269,Consultant SAP ABAP (H/F),AFRICASHORE,"Nous recherchons un Consultant SAP ABAP (H/F) pour notre client, une société multinationale dans le domaine des services informatiques. Mission : Assurer la liaison avec les équipes de livraison pour aider à développer l'activité autour des caractéristiques techniques à venir, conformément à la stratégie et aux objectifs de l'organisation. Participation aux phases de conception et réalisation des développements. Mentorat des membres juniors de l'équipe ABAP ou de l'équipe technique au sein de l'organisation. Vous êtes en charge de la construction d'actifs et d'accélérateurs dans SAP ABAP et d'autres domaines techniques de niche. Développement en langage ABAP et ABAP Objet, UI5, FIORI … Construire des actifs et des accélérateurs pour réduire le coût global du service. Réalisation des analyses techniques des demandes clients. Rédaction de la documentation technique et des notices d’utilisation. Tests unitaires. Animation des formations utilisateurs. Préparation au démarrage et support post démarrage. Maintenance corrective et évolutive.","Informatique, nouvelles technologies","Informatique, SSII, Internet",CDI - Freelance,Agadir - Béni Mellal-Khénifra - Casablanca-Mohammedia - Dakhla - Errachidia - Fès - Guelmim - Laâyoune - Marrakech-Safi - Meknès - Oujda - Rabat-Salé-Kénitra - Settat - Tanger-Tétouan-Al Hoceïma - International,/ Travail En Remote,,Expérience entre 2 ans et 5 ans,Bac+3,"['SAP', 'ABAP']",2026-04-13
https://www.emploi.ma/offre-emploi-maroc/chargee-marketing-digital-casablanca-9338198,Chargée de Marketing Digital - Casablanca,CALLIOPE,"Dans le cadre de notre développement et afin de renforcer notre équipe marketing, nous recherchons un(e) Chargé(e) de marketing digital . Vous aurez pour mission de contribuer à l’animation de nos différentes communautés sur les réseaux sociaux et à la création du contenu engageant. Missions : Élaborer un planning éditorial pour les réseaux sociaux. Aider à animer nos comptes sociaux (Facebook, Instagram, LinkedIn.) en publiant du contenu varié et engageant. Participer à la création de visuels, vidéos, articles. Répondre aux commentaires, messages et questions des utilisateurs de manière réactive et professionnelle.","Marketing, communication","Éducation, formation",CDI,Casablanca-Mohammedia,Casablanca,,Débutant < 2 ans - Expérience entre 2 ans et 5 ans - Expérience entre 5 ans et 10 ans - Expérience > 10 ans,Bac+3 - Bac+4 - Bac+5 et plus,"['Marketing Digital', 'Marketing', 'Digital Communication', 'Communication', 'Digital Marketing', 'Communication Marketing']",2026-04-30
https://www.emploi.ma/offre-emploi-maroc/soudeur-polyvalent-industrie-meknes-9325411,Soudeur Polyvalent / Industrie - Meknès,SOMACOS,Nous sommes à la recherche d’un Soudeur Polyvalent / Industrie motivé et rigoureux pour rejoindre notre équipe. N/B : Il faut que le candidat réside à Meknès,"Production, maintenance, qualité","Industrie, production, fabrication, autres",CDD,Agadir - Béni Mellal-Khénifra - Casablanca-Mohammedia - Dakhla - Errachidia - Fès - Guelmim - Laâyoune - Marrakech-Safi - Meknès - Oujda - Rabat-Salé-Kénitra - Settat - Tanger-Tétouan-Al Hoceïma - International,Meknès,Non,Débutant < 2 ans - Expérience entre 2 ans et 5 ans - Expérience entre 5 ans et 10 ans - Expérience > 10 ans,Qualification avant bac - Bac,"['Maintenance', 'Normes de Qualité', 'Qualité']",2026-04-22
https://www.emploi.ma/offre-emploi-maroc/conseiller-commercial-casablanca-rabat-tanger-marrakech-8834000,Conseiller Commercial - Casablanca / Rabat / Tanger / Marrakech,SKETCH DESIGN MAROC,"Nous sommes à la recherche des Conseillers Commerciaux. Il/elle a pour mission principale de prospecter, négocier et développer le portefeuille clients du magasin. Il/elle doit identifier les besoins des clients et leur proposer des solutions adaptées, en veillant à maximiser les ventes et à atteindre les objectifs commerciaux. En plus de la prospection, le commercial est responsable de la gestion des relations clients, du suivi des propositions commerciales, et de la fidélisation.","Commercial, vente","Ameublement, décoration",CDI,Casablanca-Mohammedia - Marrakech-Safi - Rabat-Salé-Kénitra - Tanger-Tétouan-Al Hoceïma,Casablanca / Rabat / Tanger / Marrakech,Non,Expérience entre 2 ans et 5 ans,Bac+3,"['Négociation', 'Vente', 'Prospection']",2026-05-05
https://www.emploi.ma/offre-emploi-maroc/aide-gerant-station-service-beni-mellal-9281345,Aide Gérant de Station-Service - Béni Mellal,,Nous sommes à la recherche d'un Aide Gérant de Station-Service. Vos principales missions seront : Gestion et fiabilisation des stocks carburants et lubrifiants; Établissement des rapports journaliers et décadaires d’activités; Suivi et recouvrement des crédits clients; Être le garant de la qualité de service; Être le garant de la sécurité des équipes et des clients; Management et animation des équipes; Prospection des clients.,"Commercial, vente","Distribution, vente, commerce de gros",CDI,Béni Mellal-Khénifra,Béni Mellal,,Débutant < 2 ans - Expérience entre 2 ans et 5 ans,Bac+3,"['Gestion', 'Stocks', 'Prospection', 'Recouvrement', 'Finance', 'Comptabilité', 'Gestion']",2026-03-31
https://www.emploi.ma/offre-emploi-maroc/chargee-scolarite-interim-rabat-9347311,Chargé(e) de Scolarité - Intérim - Rabat,JOB CONNECT,"Nous recrutons pour un établissement d’enseignement supérieur basé à Technopolis un(e) Chargé(e) de Scolarité . Dans un environnement académique structuré et dynamique, vous jouerez un rôle central dans la gestion et le suivi administratif et pédagogique des étudiants. Missions : Assurer l’accueil, l’orientation et le suivi administratif des étudiants Gérer les dossiers d’inscription et de réinscription (physiques et en ligne) Vérifier, valider et archiver les pièces justificatives des étudiants Assurer la mise à jour continue des dossiers administratifs et pédagogiques Suivre les parcours académiques (changements de filière, dérogations, validations d’acquis…) Participer à l’organisation des examens (convocations, salles, surveillance, traitement des copies, publication des résultats) Conseiller et informer les étudiants sur les procédures académiques et administratives Orienter les étudiants vers les services concernés (bourses, logement, santé…) Collaborer avec les enseignants pour la planification des cours et des emplois du temps Travailler en coordination avec les différents services de l’établissement (finances, RH, communication…) Exploiter et mettre à jour les systèmes d’information de gestion de la scolarité Produire des rapports et statistiques liés à la vie académique","Commercial, vente","Éducation, formation",Intérim,Rabat-Salé-Kénitra,Rabat,,Débutant < 2 ans - Expérience entre 2 ans et 5 ans,Bac+2 - Bac+3 - Bac+4 - Bac+5 et plus,"['Vente', 'Dossiers', 'Dossiers Administratifs', 'Administration', 'Secrétariat', 'Assistanat', 'WORD', 'POWERPOINT', 'Suivi Administratif']",2026-05-06
https://www.emploi.ma/offre-emploi-maroc/coursier-administratif-casablanca-9339014,Coursier Administratif - Casablanca,TECTRA CASA BOURGOGNE – RECRUTEMENT,"Nous recherchons un Coursier Administratif en intérim pour rejoindre notre équipe. Ce poste implique la réalisation de courses administratives dans la région de Casablanca , afin d'assurer la livraison et la gestion efficace de documents et de dossiers administratifs. Le candidat doit être capable de travailler de manière autonome dans un environnement dynamique et exigeant. Missions : Effectuer des courses administratives dans la région de Casablanca pour le compte de l'entreprise. Assurer la livraison rapide et sécurisée de documents importants aux différents services ou partenaires. Gérer l'organisation et la planification des itinéraires pour optimiser les déplacements. Maintenir un suivi précis des livraisons et des documents transportés. Collaborer avec les équipes internes pour garantir la fluidité des opérations administratives.","Gestion, comptabilité, finance","Banque, assurance, finances",Intérim,Casablanca-Mohammedia,Casablanca,,Expérience entre 2 ans et 5 ans - Expérience entre 5 ans et 10 ans - Expérience > 10 ans,Bac+2 - Bac+3 - Bac+4 - Bac+5 et plus,"['courses admninistratives', 'Dossiers Administratifs', 'Finance', 'Gestion', 'Comptabilité']",2026-05-01
https://www.emploi.ma/offre-emploi-maroc/commis-cuisine-patisserie-nouaceur-9316825,Commis Cuisine et Pâtisserie - Nouaceur,TECTRA CASA BOURGOGNE – RECRUTEMENT,"Pour l'un de nous clients opérant dans la restauration collective, TECTRA recrute des Commis Cuisine et Pâtisserie en intérim Mission principales assiste le chef en préparant les ingrédients, réalisant des préparations de base (fonds, sauces, pâtes) et assurant la propreté du poste selon les normes HACCP. Il effectue la mise en place, le nettoyage, et le dressage des plats, exigeant rigueur, endurance et passion Préparation (Mise en place) : Laver, éplucher, découper les légumes/fruits, peser et préparer les ingrédients. Production : Réaliser des préparations culinaires simples, pâtisseries, fonçage de tartes, et crèmes. Entretien : Nettoyer le matériel, le plan de travail et les locaux (HACCP). Soutien : Assister le chef de partie dans le dressage et l'envoi des plats.","Production, maintenance, qualité","Distribution, vente, commerce de gros",Intérim,Casablanca-Mohammedia,Nouaceur,,Débutant < 2 ans - Expérience entre 2 ans et 5 ans - Expérience entre 5 ans et 10 ans - Expérience > 10 ans,Qualification avant bac - Bac - Bac+1 - Bac+2 - Bac+3 - Bac+4 - Bac+5 et plus,"['Qualité', 'Sécurité Alimentaire', 'Production', 'Hygiène', 'Maintenance']",2026-04-17
https://www.emploi.ma/offre-emploi-maroc/technicien-laboratoire-casablanca-9360524,Technicien Laboratoire - Casablanca,COLORADO,"Dans le cadre de son projet de développement dédié aux procédés de polymérisation, COLORADO recrute des Techniciens Laboratoire sur son site industriel de Dar Bouazza. Missions du poste : Réaliser les analyses physico-chimiques sur matières premières, produits en cours et produits finis Effectuer les contrôles liés aux procédés de polymérisation (indices, viscosité, conversion, granulométrie, etc.) Préparer les échantillons et les réactifs Interpréter, enregistrer et valider les résultats d’analyses Assurer la traçabilité des essais","Production, maintenance, qualité","Chimie, pétrochimie, matières premières, mines",CDI,Casablanca-Mohammedia,Casablanca,,Débutant < 2 ans - Expérience entre 2 ans et 5 ans - Expérience entre 5 ans et 10 ans - Expérience > 10 ans,Bac+2 - Bac+3 - Bac+4 - Bac+5 et plus,"['Analyse Chimique', 'Analyse Physico-Chimique', 'Polymérisation', 'Procédés', 'Maintenance', 'Qualité', 'Viscosité', 'Granulométrie', 'Polymères', 'Chimie', 'Analyse Chimique']",2026-05-06
https://www.emploi.ma/offre-emploi-maroc/responsable-carte-monetique-casablanca-9298400,Responsable Carte Monétique - Casablanca,,"Dans le cadre de sa croissance, une grande structure basée à Casablanca recrute un Responsable carte monétique. Vos principales missions sont les suivantes : Développer, animer et suivre le portefeuille clients. Analyser et suivre l’évolution des volumes de carburants vendus via les cartes carburants. Répondre aux réclamations clients et demandes de nos clients. Assurer en veille concurrentielle. Établir les reportings mensuels . Mettre en œuvre un plan d’actions nécessaire à la réalisation des objectifs .","Commercial, vente","Distribution, vente, commerce de gros",CDI,Casablanca-Mohammedia,Casablanca,,Expérience entre 2 ans et 5 ans - Expérience entre 5 ans et 10 ans,Bac+4 - Bac+5 et plus,"['bases de données', ""systèmes d'information"", 'APPLICATIONS WEB', 'Outils informatiques', 'analyse de données', 'Relation Clients', 'FIDÉLISATION CLIENT', 'Gestion des Réclamations', 'Suivi des performances', 'Plan d’action commercial', 'veille concurrentielle', 'Responsable monétique', 'Chargé de monétique', 'Business analyst', 'Responsable portefeuille clients', 'Monétique', 'Finance', 'Comptabilité', 'Gestion']",2026-04-08
https://www.emploi.ma/offre-emploi-maroc/responsable-achats-senior-gros-oeuvre-second-oeuvre-rabat-9289091,Responsable Achats Senior – Gros Œuvre / Second Œuvre - Rabat,JOB CONNECT,"Nous recrutons pour le compte de notre client basé à Rabat, Un(e) Responsable Achats Senior – Gros Œuvre / Second Œuvre dans le secteur : BTP – Construction. Missions principales : Définir, mettre en œuvre et optimiser la stratégie d’achats pour les projets de gros œuvre et second œuvre. Sélectionner, négocier et gérer les relations avec les fournisseurs et sous-traitants. Assurer le suivi des approvisionnements pour garantir la disponibilité des matériaux dans le respect des délais et budgets. Contrôler la qualité des matériaux et veiller au respect des normes techniques et réglementaires. Élaborer et suivre les indicateurs de performance des achats et proposer des actions d’amélioration. Collaborer avec les équipes projet, le bureau d’études et les conducteurs de travaux pour anticiper les besoins et optimiser les coûts. Superviser et encadrer l’équipe achat, en favorisant le développement des compétences et le respect des procédures internes.",Métiers du BTP,"BTP, construction",CDI,Rabat-Salé-Kénitra,Rabat,,Expérience > 10 ans,Bac+5 et plus,"['Secteur BTP', 'BTP', 'Projets BTP', 'Construction']",2026-04-02
https://www.emploi.ma/offre-emploi-maroc/representante-pedagogique-laayoune-9336838,Représentant(e) Pédagogique - Laâyoune,CALLIOPE,"Vous êtes enseignant(e) et souhaitez valoriser votre expertise dans un nouveau cadre stimulant ? Rejoignez-nous pour accompagner les établissements scolaires dans le choix de ressources pédagogiques innovantes et adaptées à leurs besoins. Nous sommes à la recherche d'un(e) Représentant(e) Pédagogique. Vos missions : Démarcher les établissements scolaires et présenter notre offre de manuels et supports pédagogiques. Proposer des solutions éducatives alignées sur les programmes officiels et les besoins spécifiques des équipes enseignantes. Développer une relation de confiance par un suivi régulier, des actions de fidélisation, et l’organisation d’ateliers ou événements pédagogiques.","Commercial, vente","Éducation, formation",CDI,Laâyoune,Laâyoune,,Expérience entre 2 ans et 5 ans - Expérience entre 5 ans et 10 ans - Expérience > 10 ans,Bac+3 - Bac+4 - Bac+5 et plus,"['Vente', 'Vente']",2026-04-29
https://www.emploi.ma/offre-emploi-maroc/operateur-machine-meknes-9273749,Opérateur de Machine - Meknès,SOMACOS,"Lieu : Meknès N/B : Le candidat doit obligatoirement résider à Meknès Critères de l’offre Poste : Opérateur de Machine Polyvalent / Technicien Machiniste Organisation : Travail en 3 shifts Horaires : Matin : 06h00 – 14h00 Soir : 14h00 – 22h00 Nuit : 22h00 – 06h00 Missions Réalisation des tâches normales liées au poste d’ opérateur de machine Conduite et surveillance des machines Respect des consignes de sécurité, qualité et production Participation au bon déroulement de la production Avantage Transport assuré : stations de transport couvrant presque tous les quartiers de Meknès","Production, maintenance, qualité","Industrie, production, fabrication, autres",CDD,Errachidia - Fès - Meknès,Meknès,Non,"Etudiant, jeune diplômé - Débutant < 2 ans - Expérience entre 2 ans et 5 ans",Qualification avant bac - Bac - Bac+1 - Bac+2,"['Opérateur de machine', 'Production', 'Maintenance', 'Machines', 'Qualité']",2026-03-20
https://www.emploi.ma/offre-emploi-maroc/conseiller-commercial-tanger-8943762,Conseiller Commercial - Tanger,SKETCH DESIGN MAROC,"Nous sommes à la recherche des Conseillers Commerciaux. Il/elle a pour mission principale de prospecter, négocier et développer le portefeuille clients du magasin. Il/elle doit identifier les besoins des clients et leur proposer des solutions adaptées, en veillant à maximiser les ventes et à atteindre les objectifs commerciaux. En plus de la prospection, le commercial est responsable de la gestion des relations clients, du suivi des propositions commerciales, et de la fidélisation.","Commercial, vente","Ameublement, décoration",CDI,Tanger-Tétouan-Al Hoceïma,Tanger,Non,Expérience entre 2 ans et 5 ans,Bac,"['Gestion Commerciale', 'Vente', 'Prospection', 'Négociation']",2026-04-06
https://www.emploi.ma/offre-emploi-maroc/charge-methodes-maintenance-multi-technique-rabat-9299980,Chargé des Méthodes (en Maintenance Multi-technique) - Rabat,,"Nous cherchons à recruter un Chargé des Méthodes pour appuyer les équipes opérationnelles dans la mise en place, le suivi et l'amélioration continue de contrats de maintenance multi-technique Missions Optimiser et améliorer les outils GMAO. Élaborer les gammes opératoires, plans de maintenance et méthodes d’intervention. Analyser les données de maintenance, suivre les indicateurs de performance (KPI) et produire les reportings d’activité. Proposer et mettre en œuvre des actions d’amélioration continue des processus de maintenance. Assurer la coordination entre les équipes techniques, les sous-traitants et les fournisseurs. Veiller à la conformité des interventions aux exigences QHSE et aux engagements contractuels. Participer au suivi des stocks de pièces de rechange et matériels. Rédiger, mettre à jour et assurer la traçabilité de la documentation technique et des opérations de maintenance.",Métiers des services,"Maintenance, entretien, service après vente",CDI,Rabat-Salé-Kénitra,Rabat,,Expérience entre 5 ans et 10 ans - Expérience > 10 ans,Bac+2 - Bac+3 - Bac+4 - Bac+5 et plus,"['Amélioration Continue', 'Génie Industriel', 'Processus de Maintenance', 'Électrotechnique', 'Maintenance Industrielle', 'Production', 'Processus', 'Qualité', 'Plomberie', 'Maintenance Préventive', 'Électromécanique', 'QHSE', 'Maintenance']",2026-04-24
https://www.emploi.ma/offre-emploi-maroc/approvisionneur-casablanca-9337814,Approvisionneur - Casablanca,SELHA MAROC,"Nous recherchons un(e) Approvisionneur afin de renforcer notre équipe Achats. Vous rejoindrez la Direction Achats et vous êtes en charge d’assurer la disponibilité des matières premières, composants ou produits finis nécessaires à la production, tout en optimisant les coûts, les délais et les stocks: Participer aux réunions de lancement des affaires en lien avec la Direction commerciale et les acteurs de la Direction achat Identifier les articles ""critiques"" par rapport au devis réalisé Gérer la passation des commandes des articles à long délai sous 5 jours tout en s'assurant de la création des codes articles et de la mise à disposition des conditions d'achats et logistiques par le service achats Prioriser les commandes des articles en fonction de la date de passation de commande et des délais de livraison S'assurer de la complétude de l'OF/OP à la date prévue Réaliser pour les produits récurrents une AMDEC achats afin d'identifier les risques d'approvisionnement de la BOM Traiter administrativement les commandes d’achats (envoi, traitement A/R, classement…) selon les spécificités clients et les normes qualités S'assurer que les commandes traitées hebdomadairement en ""automatique"" respectent les conditions de cadencement, de rotation des stocks",Achats,"Aéronautique, navale",CDI,Casablanca-Mohammedia,Casablanca,Non,Débutant < 2 ans,Bac+4 - Bac+5 et plus,"['AMDEC', 'Supply', 'Supply Chain', 'Qualité', 'Maintenance', 'Livraison', 'Production', 'Achats']",2026-04-30
https://www.emploi.ma/offre-emploi-maroc/agent-ressources-humaines-casablanca-9362153,Agent Ressources Humaines - Casablanca,PLUS INTERIM,"Nous recherchons un Agent Ressources Humaines pour rejoindre notre équipe. Missions : Rédiger, assurer le suivi des contrats de travail. Gérer les documents administratifs relatifs aux employés. Maintenir et actualiser les bases de données RH. Participer à diverses tâches administratives liées à la gestion du personnel.","RH, formation","Intérim, recrutement",CDD,Casablanca-Mohammedia,Casablanca,,Expérience entre 2 ans et 5 ans - Expérience entre 5 ans et 10 ans - Expérience > 10 ans,Bac+2 - Bac+3 - Bac+4 - Bac+5 et plus,['Formation'],2026-05-07
https://www.emploi.ma/offre-emploi-maroc/conducteur-rabat-9297201,Conducteur Offset (Machine Imprimerie) - Rabat,,"Une Importante Imprimerie à Rabat cherche : 2 Conducteurs Offset, 2 Aide Conducteurs offset Un Conducteur plieuse.",Métiers des services,"Édition, imprimerie",CDI,Rabat-Salé-Kénitra,Rabat,,Expérience entre 2 ans et 5 ans,Qualification avant bac - Bac,"['Production', 'Maintenance', 'Qualité', 'Fabrication', 'Maîtrise Technique']",2026-04-29
https://www.emploi.ma/offre-emploi-maroc/conseiller-commercial-vehicules-occasion-vo-marrakech-9337688,Conseiller Commercial Véhicules d’Occasion (VO) - Marrakech,CRIT,"Nous sommes à la recherche d'un Conseiller Commercial Véhicules d’Occasion (VO). Missions : Promouvoir et vendre des véhicules d’occasion ainsi que les services associés auprès d’une clientèle de professionnels Développer et gérer un portefeuille clients sur une zone géographique définie Assurer la prospection commerciale (terrain et téléphonique) Identifier les besoins clients et proposer des solutions adaptées (véhicules, financement, services) Négocier et conclure les ventes dans le respect des objectifs fixés","Commercial, vente","Automobile, matériels de transport, réparation",CDI,Marrakech-Safi,Marrakech,Non,Expérience entre 2 ans et 5 ans - Expérience entre 5 ans et 10 ans - Expérience > 10 ans,Bac+2 - Bac+3,"['Animation Commerciale', 'Gestion du Parc Automobile', 'Négociation', 'Animation Commerciale', 'Prospection Commerciale', 'Vente', 'Prospection']",2026-04-30
https://www.emploi.ma/offre-emploi-maroc/ingenieur-etudes-genie-civil-structures-bet-rabat-9325195,Ingénieur d’Études en Génie Civil – Structures (BET) - Rabat,INNOV ENGINEERING CONSULTING,"Nous sommes à la recherche d'un Ingénieur d’Études en Génie Civil – Structures (BET). Missions : Réaliser les études de conception Effectuer les calculs de dimensionnement Modéliser les structures avec des logiciels (Robot, ETABS, SAP2000…) Élaborer les notes de calcul et les plans de structure Vérifier la conformité aux normes (Eurocodes, RPS au Maroc…) Collaborer avec les architectes et les autres corps d’état Suivre les projets et assister techniquement les chantiers",Métiers du BTP,"BTP, construction",CDI,Rabat-Salé-Kénitra,Rabat,Non,Expérience entre 5 ans et 10 ans - Expérience > 10 ans,Bac+5 et plus,"['Dimensionnement', 'Eurocodes']",2026-04-22
https://www.emploi.ma/offre-emploi-maroc/directeur-production-marrakech-9297332,Directeur de Production - Marrakech,BEINTERIM,"Nous sommes à la recherche d'un Directeur de Production. Missions : Piloter, organiser et optimiser l'ensemble des opérations de production afin d'assurer la performance industrielle, la qualité des produits et le respect des délais, dans le respect des normes de sécurité et des standards. Management & Encadrement Diriger, encadrer et animer les équipes de production Fixer les objectifs individuels et collectifs, et évaluer les performances Assurer la montée en compétences des opérateurs et techniciens Organisation & Supervision de la Production Organiser, optimiser et superviser le processus de fabrication Garantir la conformité des produits aux spécifications techniques et qualitatives Assurer le suivi des indicateurs de performance (TRS, rebuts, cadences) Gestion des Matières Premières Déterminer les besoins en matières premières selon les différentes formulations Assurer la disponibilité des matières durant toute la campagne de production Coordonner avec les services achats et logistique pour optimiser les stocks Maintenance & Entretien Préventif Planifier et réaliser l'entretien préventif avant la campagne de production Coordonner les interventions de maintenance corrective en cas de panne • Veiller au bon état des équipements et installations de production","Management, direction générale","Industrie, production, fabrication, autres",CDI,Marrakech-Safi,Marrakech,Non,Expérience entre 5 ans et 10 ans - Expérience > 10 ans,Bac+5 et plus,"['Communication', 'Processus', 'Gestion', 'Marketing', 'Qualité', 'Leadership', 'Maintenance Corrective', 'Ingénierie Industrielle', 'Maintenance', 'Extrusion', 'Procédés', 'Injection', 'Production', 'Management', 'Planification']",2026-04-07
https://www.emploi.ma/offre-emploi-maroc/ry-ys-qsm-lmlyt-fryq-lml-llyly-casablanca-9267220,رئيس قسم العمليات (فريق العمل الليلي) - Casablanca,GENERAL PRIVATE INTERIM,الشركة: Ozon Express القطاع: النقل والخدمات اللوجستية وتوصيل الطرود في إطار تعزيز فريق قسم العمليات، تعلن شركة Ozon Express عن فتح باب التوظيف لشغل منصب رئيس قسم العمليات – فريق العمل الليلي ، وذلك للإشراف على الأنشطة اللوجستية داخل منصتنا المتواجدة بحي المحمدي – الدار البيضاء. المهمة الرئيسية الإشراف على عمليات استقبال وفرز وتوجيه الطرود خلال الفترة الليلية، مع ضمان احترام الإجراءات المعتمدة وتحقيق الأداء التشغيلي المطلوب. المهام الرئيسية الإشراف على عمليات استقبال الطرود. تنظيم ومراقبة عمليات فرز الطرود. ضمان توجيه الطرود نحو الوكالات والوجهات المعنية. تأطير وتنسيق عمل فريق العمليات الليلي. السهر على احترام الإجراءات التشغيلية والآجال المحددة. رصد الاختلالات أو الحوادث التشغيلية والتبليغ عنها. المساهمة في تحسين الأداء التشغيلي.,"Transport, logistique","Transports, logistique, services postaux",CDI,Casablanca-Mohammedia,Casablanca,,Expérience entre 2 ans et 5 ans - Expérience entre 5 ans et 10 ans - Expérience > 10 ans,Bac+2 - Bac+3 - Bac+4 - Bac+5 et plus,[],2026-03-17
https://www.emploi.ma/offre-emploi-maroc/delegue-regional-oujda-9339221,Délégué Régional - Oujda,,"Nous sommes à la recherche d'un Délégué Régional à Oujda. Rattachés à la Direction, vos principales missions sont les suivantes : Animer le réseau des stations services de votre région; Assurer le développement du réseau à travers la création de nouvelles stations de service; Développer le volume des ventes des carburants et des lubrifiants; Améliorer en permanence la satisfaction des clients; Prospecter et apporter de nouveaux clients pour chaque segment de marché B TO B; Assurer une veille permanente de la concurrence; Produire et analyser les tableaux de bord de suivi des performances de votre activité commerciale.","Commercial, vente","Distribution, vente, commerce de gros",CDI,Oujda,Oujda,,Expérience entre 2 ans et 5 ans,Bac+3 - Bac+4 - Bac+5 et plus,"['Management', 'Gestion', 'Communication', 'Marketing', 'Communication Marketing', 'commerce', 'Management']",2026-05-01
https://www.emploi.ma/offre-emploi-maroc/comptable-confirme-agadir-9359323,Comptable Confirmé - Agadir,,"Dans le cadre du développement de son service comptable et financier, une entreprise multinationale recrute un(e) Comptable Confirmé(e) pour accompagner le Responsable Administratif et Financier dans la gestion quotidienne du service. Missions saisie, contrôle et organisation des pièces comptables suivi de la trésorerie ⁠édition des factures clients et suivi des encaissements ⁠aide à la préparation de la paie préparation des déclarations fiscales.","Gestion, comptabilité, finance","Agriculture, pêche, aquaculture",CDI,Agadir,Agadir,,Expérience entre 2 ans et 5 ans - Expérience entre 5 ans et 10 ans - Expérience > 10 ans,Bac+5 et plus,"['Trésorerie', 'Audit', 'Finance', 'Comptabilité', 'Gestion', 'Suivi de la Trésorerie']",2026-05-06
https://www.emploi.ma/offre-emploi-maroc/business-developer-b2b-with-experience-in-recruitment-rabat-9351004,Business Developer B2B With Experience In Recruitment - Rabat,AFRICAWORK,"We are recruiting a B2B Business Developer (English–French bilingual) with experience in recruitment , to sell our recruitment products and services to our international clients. You must have prior experience as a Sales Representative in the recruitment sector .You must be fluent in both English and French . Key Responsibilities: As the manager of your portfolio of corporate accounts, your main duties will include: Prospecting new clients Selling our products and services by phone to an international business clientele Identifying client needs Managing contracts Ensuring ongoing client relationship management and follow-up The position is based in Rabat .","Commercial, vente","Intérim, recrutement",CDI,Rabat-Salé-Kénitra,Rabat,,Expérience entre 2 ans et 5 ans - Expérience entre 5 ans et 10 ans - Expérience > 10 ans,Bac+4 - Bac+5 et plus,"['Prospection', 'Prospection Client', 'Gestion des Ventes', 'Prospection', 'Vente']",2026-04-30
https://www.emploi.ma/offre-emploi-maroc/offre-stage-ressources-humaines-sala-al-jadida-technopolis-9328678,Offre de Stage – Ressources Humaines - Sala Al Jadida - Technopolis,LEAR AUTOMOTIVE MOROCCO,"Nous recherchons un Stagiaire motivé(e) pour rejoindre notre département Ressources Humaines . Ce stage offre une opportunité unique d'acquérir une expérience pratique dans la gestion des ressources humaines et de participer activement à des projets variés liés au développement du personnel, au recrutement, à la formation et à la gestion administrative des employés. Vous intégrerez une équipe dynamique et bénéficierez d’un encadrement professionnel pour développer vos compétences dans un environnement stimulant.","RH, formation","Automobile, matériels de transport, réparation",Stage,Rabat-Salé-Kénitra,Sala Al Jadida - Technopolis,Non,"Etudiant, jeune diplômé - Débutant < 2 ans",Bac+3 - Bac+4 - Bac+5 et plus,"['Gestion RH', 'Gestion des Ressources Humaines', 'Formation', 'Communication RH', 'Recrutement', 'Gestion Administrative', 'Gestion RH']",2026-04-24
https://www.emploi.ma/offre-emploi-maroc/chargee-affaires-reglementaires-ain-el-aouda-9315774,Chargé(e) des Affaires Réglementaires - Aïn El Aouda,AMANYS PHARMA,"Nous sommes à la recherche d'un(e) Chargé(e) des Affaires Réglementaires. Poste : En tant que Chargé(e) des Affaires Réglementaires ou chargé(é) des Enregistrements, vous rapporterez à la Directrice Affaires Réglementaires et Pharmacovigilance, et vos principales missions seront de : Gérer votre portefeuille de produits afin de réaliser vos objectifs, Constituer les dossiers d’AMM, Assurer le suivi des dossiers d’AMM, Constituer les dossiers de maintenance post AMM, Assurer le suivi des dossiers de maintenance post AMM, Contrôler la conformité réglementaire de la publicité, Réaliser une veille réglementaire, Élaborer, valider et diffuser les textes réglementaires relatifs aux articles de conditionnement, Élaborer, valider et diffuser les textes réglementaires relatifs aux mentions légales, Assurer la mise à jour des bases de données, Assurer l’archivage des dossiers d’AMM, Participer à la préparation des dossiers de fixation et d’homologation des prix, Participer à la préparation des dossiers de demande d’inscription des médicaments sur la liste des médicaments remboursables, Préparer et déposer les PSURs.",Métiers de la santé et du social,Industrie pharmaceutique,CDI,Rabat-Salé-Kénitra,Aïn El Aouda,Non,Expérience entre 2 ans et 5 ans - Expérience entre 5 ans et 10 ans - Expérience > 10 ans,Bac+5 et plus,"['Qualité', 'Homologation', 'Maintenance', 'Santé', 'Assurance Qualité', 'Pharmacovigilance', 'Production']",2026-04-16
https://www.emploi.ma/offre-emploi-maroc/animateur-point-vente-casablanca-9310979,Animateur Point de Vente - Casablanca,,Nous recherchons des Vendeurs dynamique pour rejoindre notre équipe dans le secteur de la vente de produit de la cuisine et ménage à Casablanca Ain Sebaa. Les tâches : Accueillir et conseiller les clients dans leurs choix de produits. Présenter les caractéristiques des produits et leurs avantages. Assurer la mise en rayon et l’organisation du magasin. Participer à la gestion des stocks et aux inventaires. Contribuer à la réalisation des objectifs de vent,"Commercial, vente","Distribution, vente, commerce de gros",CDD,Casablanca-Mohammedia,Casablanca,,"Etudiant, jeune diplômé - Débutant < 2 ans - Expérience entre 2 ans et 5 ans",Bac - Bac+1 - Bac+2 - Bac+3,['Vente'],2026-04-14
https://www.emploi.ma/offre-emploi-maroc/chef-equipe-extrudeur-meknes-9301317,Chef d'Equipe Extrudeur - Meknès,SOMACOS,"Nous recrutons un Chef d’Équipe Extrudeur. Description du poste Vous interviendrez dans une industrie en production continue en 3X8. Durant votre poste, Vous affecterez les tâches à effectuer pendant le poste au sein de l'équipe. Vous veillerez à la bonne réalisation des productions selon les besoins clients et les standards sécurité et qualité et serez vous-même œuvrant (assurer les changements de série, montage démontage des filières et des conformateurs, assurer la maintenance première niveau suivre et préparation mélange la mise en place des 5S la rédaction des rapport production contrôles qualité ...). Vous serez l'interlocuteur principal entre votre équipe et le Responsable de Production : suivi de la performance, gestion des aléas, proposition d'améliorations.","Production, maintenance, qualité","Industrie, production, fabrication, autres",CDI,Agadir - Béni Mellal-Khénifra - Casablanca-Mohammedia - Dakhla - Errachidia - Fès - Guelmim - Laâyoune - Marrakech-Safi - Meknès - Oujda - Rabat-Salé-Kénitra - Settat - Tanger-Tétouan-Al Hoceïma - International,Meknès,Non,Expérience entre 2 ans et 5 ans - Expérience entre 5 ans et 10 ans - Expérience > 10 ans,Bac+1 - Bac+2 - Bac+3 - Bac+4 - Bac+5 et plus,"['Extrusion', 'Injection Plastique', 'Plasturgie', 'Maintenance', 'Injection', 'Qualité', 'Production', 'Montage', 'Extrusion', 'Démontage']",2026-04-10
https://www.emploi.ma/offre-emploi-maroc/technicien-laboratoire-casablanca-9338268,Technicien Laboratoire - Casablanca,REAL SMILE ALIGNER,Nous sommes à la recherche d'un Technicien Laboratoire. Missions principales : Réaliser les analyses et manipulations en laboratoire Assurer le suivi des échantillons et des résultats Veiller au respect des protocoles et des normes d’hygiène et de sécurité Participer à l’organisation et à l’entretien du matériel de laboratoire Nous offrons : Un environnement de travail dynamique Une opportunité de développement professionnel,Métiers de la santé et du social,"Santé, pharmacie, hôpitaux, équipements médicaux",CDI,Casablanca-Mohammedia,Casablanca,Non,Débutant < 2 ans - Expérience entre 2 ans et 5 ans - Expérience entre 5 ans et 10 ans - Expérience > 10 ans,Bac+2 - Bac+3 - Bac+4 - Bac+5 et plus,"['Biologie', 'Hygiène', 'Laboratoire']",2026-05-07
https://www.emploi.ma/offre-emploi-maroc/responsable-administration-developpement-rh-hf-casablanca-9097802,Responsable Administration et Développement RH (H/F) - Casablanca,TECTRA,"Nous sommes à la recherche d'un(e) Responsable Administration et Développement RH (H/F). Missions : Gérer les dossiers du personnel (contrats, assurances, absences, congés, visites médicales). Participer à l’établissement de la paie et au suivi des déclarations sociales et fiscales. Superviseur Superviser la mise à jour des documents RH et des dossiers administratifs. Assister le Responsable RH dans toutes les tâches et projets liés au service. Gérer les accidents du travail et veiller au respect des règles de sécurité. Participer à la mise en place et au suivi des procédures de recrutement et d’intégration. Soutenir la politique de mobilité interne et le développement de la polyvalence. Identifier et recommander des actions d’amélioration des conditions de travail. Produire des rapports, analyses et tableaux de bord RH.","Production, maintenance, qualité","Industrie, production, fabrication, autres",CDI,Casablanca-Mohammedia,Casablanca,,Expérience entre 2 ans et 5 ans,Bac+4 - Bac+5 et plus,"['Qualité', 'Maintenance']",2026-04-11
https://www.emploi.ma/offre-emploi-maroc/superviseur-agents-nettoyage-tanger-9349639,Superviseur des Agents de Nettoyage - Tanger,GENERAL PRIVATE INTERIM,"Dans le cadre de notre développement, nous recherchons un Superviseur des Agents de Nettoyage pour encadrer et assurer la qualité des prestations sur nos différents sites à Tanger. Missions principales : Superviser et encadrer les équipes d’agents de nettoyage Organiser les plannings et répartir les tâches Contrôler la qualité des prestations sur site Veiller au respect des normes d’hygiène et de sécurité Gérer les stocks de produits et matériels Assurer la relation avec les clients","Production, maintenance, qualité","Nettoyage, sécurité, surveillance",CDI - CDD - Intérim,Tanger-Tétouan-Al Hoceïma,Tanger,,Expérience entre 2 ans et 5 ans - Expérience entre 5 ans et 10 ans - Expérience > 10 ans,Bac+2 - Bac+3,"['Qualité', 'Hygiène', 'Production', 'Maintenance']",2026-05-07
https://www.emploi.ma/offre-emploi-maroc/plongeur-marrakech-9334535,Plongeur - Marrakech,CRIT MARRAKECH,"Nous recrutons pour le compte de notre client, un hôtel basé à Marrakech, un Plongeur. Missions : Assurer le nettoyage de la vaisselle, des ustensiles et du matériel de cuisine Veiller à la propreté des locaux de cuisine Respecter les normes d’hygiène et de sécurité en vigueur","Tourisme, hôtellerie, restauration","Hôtellerie, restauration",Intérim,Marrakech-Safi,Marrakech,,Débutant < 2 ans,Qualification avant bac,"['Cuisine', 'Tourisme']",2026-04-28
https://www.emploi.ma/offre-emploi-maroc/chef-cuisinier-fes-9310822,Chef Cuisinier - Fès,TECTRA FÈS,"Nous sommes actuellement à la recherche de Chefs Cuisiniers pour l'un de nos clients basé à Meknès. Missions : Concevoir les cartes, menus et fiches techniques. Superviser la préparation, la cuisson et l'envoi des plats Recruter, former et animer l'équipe de cuisine Gérer les approvisionnements, les stocks et optimiser le coût des matières. Garantir le respect strict des normes de sécurité","Tourisme, hôtellerie, restauration","Hôtellerie, restauration",Intérim,Meknès,Fès,,Expérience entre 2 ans et 5 ans - Expérience entre 5 ans et 10 ans - Expérience > 10 ans,Bac+4,['Cuisine'],2026-04-14
https://www.emploi.ma/offre-emploi-maroc/technicien-regleur-injection-meknes-9301313,Technicien Régleur de l'Injection - Meknès,SOMACOS,"Nous recrutons un Technicien Régleur de l'Injection. Description du poste Vous interviendrez dans une industrie en production continue en 3X8. Durant votre poste, Vous affecterez les tâches à effectuer pendant le poste au sein de l'équipe. Vous veillerez à la bonne réalisation des productions selon les besoins clients et les standards sécurité et qualité et serez vous-même œuvrant (assurer les changements de série, montage démontage des filières et des conformateurs, assurer la maintenance première niveau suivre et préparation mélange la mise en place des 5S la rédaction des rapport production contrôles qualité ...). Vous serez l'interlocuteur principal entre votre équipe et le Responsable de Production : suivi de la performance, gestion des aléas, proposition d'améliorations.horaires 3*8 - soit 6 h 14 h - 14 h 22h - 22 h 6 h","Production, maintenance, qualité","Industrie, production, fabrication, autres",CDI - CDD,Agadir - Béni Mellal-Khénifra - Casablanca-Mohammedia - Dakhla - Errachidia - Fès - Guelmim - Laâyoune - Marrakech-Safi - Meknès - Oujda - Rabat-Salé-Kénitra - Settat - Tanger-Tétouan-Al Hoceïma - International,Meknès,Non,Expérience entre 2 ans et 5 ans - Expérience entre 5 ans et 10 ans - Expérience > 10 ans,Bac+1 - Bac+2 - Bac+3 - Bac+4 - Bac+5 et plus,"['Injection Plastique', 'Injection', 'Maintenance', 'Montage', 'Extrusion', 'Production', 'Démontage', 'Injection Plastique', 'Qualité']",2026-04-10
https://www.emploi.ma/offre-emploi-maroc/ingenieur-senior-fluides-hf-chef-projets-rabat-9318982,Ingénieur Senior Fluides (H/F) Chef de Projets - Rabat,INNOV ENGINEERING CONSULTING,"Nous sommes à la recherche d'un Ingénieur Senior Fluides (H/F) Chef de Projets. Missions principales : Concevoir et dimensionner les installations techniques (CVC, plomberie, désenfumage, fluides spéciaux). Réaliser les études techniques (APS, APD, EXE) et les notes de calcul. Assurer le suivi des travaux et la conformité des installations sur chantier. Coordonner avec les équipes internes (structure, électricité, architecture) et les intervenants externes. Participer aux réunions de chantier et assurer le reporting d’avancement. Veiller au respect des normes et réglementations en vigueur.",Métiers du BTP,"BTP, construction",CDI,Rabat-Salé-Kénitra,Rabat,Non,Expérience entre 5 ans et 10 ans - Expérience > 10 ans,Bac+5 et plus,"['Génie Climatique', 'Désenfumage', 'AUTOCAD', 'Plomberie', 'REVIT', 'Architecture']",2026-04-18
https://www.emploi.ma/offre-emploi-maroc/charge-portefeuille-azemour-9280305,Chargé de Portefeuille - Azemour,FONDATION ARRAWAJ,"Nous sommes à la recherche d'un Chargé de Portefeuille. Missions : En tant que « Chargé de Portefeuille », vous aurez pour principales missions : Gérer et développer le portefeuille client Faire des prospections de nouveaux clients Mettre en avant nos produits et nos services auprès des clients potentiels Accompagner et conseiller les clients Fidéliser les clients Veiller à garder un contact régulier avec les clients Gérer et suivre les dossiers en cours Faire du recouvrement terrain.","Commercial, vente","Banque, assurance, finances",CDI,Marrakech-Safi,Azemour,,Débutant < 2 ans - Expérience entre 2 ans et 5 ans - Expérience entre 5 ans et 10 ans - Expérience > 10 ans,Bac+3 - Bac+4 - Bac+5 et plus,"['Communication', 'Vente', 'Recouvrement', 'Gestion', 'Finance', 'Comptabilité', 'Marketing']",2026-03-25
https://www.emploi.ma/offre-emploi-maroc/comptable-hf-casablanca-9290729,Comptable (H/F) - Casablanca,DEKRA SERVICES,"Nous cherchons dans le cadre de l’intérim, un(e) Comptable pour le compte d’un groupe international, leader mondial dans la Commercialisation et assemblage de camions, autocars, autobus et Importation d'engins de travaux publics, sis au quartier industriel Ahl Loghlam. Rattaché(e) Vous serez en charge de : Clôture et Déclaration TVA/IS/Impôts locaux et Bilan. Connaissance et expérience approfondies en Comptes Fournisseurs (P2P), Comptes Clients (O2C), Record to Report (R2R), méthodes et procédures comptables Analyser et rapprocher divers comptes du bilan et du compte de résultat ; préparer et comptabiliser des écritures journalières Conformité au contrôle interne Participation aux audits internes et externes si besoin.","Gestion, comptabilité, finance","Automobile, matériels de transport, réparation",Intérim,Casablanca-Mohammedia,Casablanca,,Expérience entre 2 ans et 5 ans - Expérience entre 5 ans et 10 ans,Bac+4 - Bac+5 et plus,"['Finance', 'Comptabilité', 'Gestion']",2026-04-03
https://www.emploi.ma/offre-emploi-maroc/charge-ressource-humaines-junior-interim-hf-casablanca-sidi-maarouf-9316771,Chargé Ressource Humaines Junior en Intérim (H/F) - Casablanca Sidi Maarouf,DEKRA SERVICES,"Nous cherchons dans le cadre de l’intérim, Un(e) Chargé Ressource Humaines Junior en Intérim (H/F) pour le compte d’une multinationale, un opérateur industriel de renom et leader dans son domaine d’activité. Vous êtes en charge de : Gestion des demandes de recrutements des différents services Gérer les congés payés, absences, maladie etc., Assurer le suivi du tableau de bord des présences, Remplir les bordereaux de charges sociales, Procéder aux déclarations auprès des organismes sociaux, CNSS, CIMR…Etc. Suivre les dossiers maladie, mutuelle et prévoyance,","RH, formation","Industrie, production, fabrication, autres",Intérim,Casablanca-Mohammedia,Casablanca Sidi Maarouf,Non,Débutant < 2 ans,Bac+4 - Bac+5 et plus,"['Formation', 'Gestion RH', 'Administration du Personnel']",2026-04-17
https://www.emploi.ma/offre-emploi-maroc/responsable-qhse-secteur-btp-marrakech-9282827,Responsable QHSE – Secteur BTP - Marrakech,TECTRA,"L’Humain est au cœur de notre métier ! TECTRA est aujourd’hui leader du conseil en Ressources Humaines au Maroc. Avec plus de 1000 clients actifs multisectoriels et une force de réseaux de 27 agences partout dans le Royaume, Tectra vous accompagne dans votre recherche d’emploi. TECTRA recrute un Responsable QHSE à Marrakech pour le compte de l’un de ses clients du secteur du BTP. Missions principales : Définir, mettre en œuvre et piloter la stratégie QHSE de l’entreprise Déployer une culture HSE sur l’ensemble des chantiers Identifier, évaluer et prévenir les risques professionnels Veiller à la conformité réglementaire en matière d’hygiène, sécurité et environnement Mettre en place et suivre les indicateurs de performance QHSE Réaliser des audits internes et assurer le suivi des actions correctives Sensibiliser et former les équipes aux bonnes pratiques HSE Gérer les incidents/accidents et mettre en place des plans d’amélioration Participer à la mise en place et au maintien des certifications (ISO 9001, ISO 14001, ISO 45001)",Métiers du BTP,"BTP, construction",CDI,Marrakech-Safi,Marrakech,,Expérience entre 2 ans et 5 ans - Expérience entre 5 ans et 10 ans,Bac+3 - Bac+4 - Bac+5 et plus,['BTP'],2026-03-27
https://www.emploi.ma/offre-emploi-maroc/conseillerere-education-ressources-pedagogiques-beni-mellal-9336794,Conseiller(ère) Éducation et Ressources Pédagogiques - Béni Mellal,CALLIOPE,"Vous êtes enseignant(e) et souhaitez valoriser votre expertise pédagogique dans un nouveau cadre stimulant ? Mettez à profit vos compétences en éducation en accompagnant les établissements scolaires dans le choix de ressources pédagogiques innovantes et adaptées à leurs besoins.Nous recrutons un(e) Conseiller(ère) Éducation et Ressources Pédagogiques , passionné(e) par la transmission du savoir et motivé(e) à participer activement à l’évolution des pratiques éducatives. Missions principales : Identifier et démarcher les établissements scolaires pour leur présenter notre catalogue de manuels et supports pédagogiques. Proposer des solutions éducatives en phase avec les programmes et les besoins spécifiques de chaque établissement. Assurer une relation de confiance sur le long terme par un suivi régulier, des actions de fidélisation et l'organisation d’événements ou d’ateliers pédagogiques.","Commercial, vente","Éducation, formation",CDI,Béni Mellal-Khénifra,Béni Mellal,,Expérience entre 2 ans et 5 ans - Expérience entre 5 ans et 10 ans - Expérience > 10 ans,Bac+3 - Bac+4 - Bac+5 et plus,"['Vente', 'Vente']",2026-04-29
https://www.emploi.ma/offre-emploi-maroc/conseiller-commercial-casablanca-9030910,Conseiller Commercial - Casablanca,SKETCH DESIGN MAROC,"Nous sommes à la recherche des Conseillers Commerciaux. Il/elle a pour mission principale de prospecter, négocier et développer le portefeuille clients du magasin. Il/elle doit identifier les besoins des clients et leur proposer des solutions adaptées, en veillant à maximiser les ventes et à atteindre les objectifs commerciaux. En plus de la prospection, le commercial est responsable de la gestion des relations clients, du suivi des propositions commerciales, et de la fidélisation.","Commercial, vente","Ameublement, décoration",CDI,Casablanca-Mohammedia,Casablanca,Non,Expérience entre 2 ans et 5 ans,Bac+3,"['Négociation', 'Vente', 'Prospection']",2026-05-05
https://www.emploi.ma/offre-emploi-maroc/conseiller-commercial-rabat-8841258,Conseiller Commercial - Rabat,SKETCH DESIGN MAROC,"Nous sommes à la recherche des Conseillers Commerciaux. Il/elle a pour mission principale de prospecter, négocier et développer le portefeuille clients du magasin. Il/elle doit identifier les besoins des clients et leur proposer des solutions adaptées, en veillant à maximiser les ventes et à atteindre les objectifs commerciaux. En plus de la prospection, le commercial est responsable de la gestion des relations clients, du suivi des propositions commerciales, et de la fidélisation.","Commercial, vente","Ameublement, décoration",CDI,Rabat-Salé-Kénitra,Rabat,Non,Expérience entre 2 ans et 5 ans,Bac+3,"['Gestion Commerciale', 'Vente', 'Prospection', 'Négociation']",2026-05-05
https://www.emploi.ma/offre-emploi-maroc/developpeur-fullstack-webmobile-marrakech-9300002,Développeur Fullstack Web/Mobile - Marrakech,MTS SYSTEM,"Société à rayonnement international, implantée à Marrakech depuis 2006, spécialisée dans la distribution et le développement d’applications commerciales et monétiques, est à la recherche de Développeurs Full Stack. Missions : Sous la direction d’un chef de projet, au sein d’une équipe de développeurs, vous participerez à la conception et au développement technique de nouvelles applications web et/ou mobile. Activités principales : Développement des applications : Rédiger les lignes de codes nécessaires à la création d’une application Appliquer les règles de navigation, créer des liens entre les pages Développer les interfaces Corriger et optimiser les fonctionnalités (qualité, charte graphique, ergonomie...) Documenter les applications pour les développements ultérieurs et la mise en production. Tests et écriture des corrections nécessaires : Préparer et réaliser les tests unitaires et les tests fonctionnels Apporter les correctifs nécessaires suite à ces tests ou aux tests fonctionnels réalisés par les utilisateurs ou la maîtrise d’ouvrage. Maintenance corrective et évolutive des applications : Assurer les corrections suite aux problèmes soulevés (bugs) Prendre en compte les évolutions des solutions techniques existantes Assurer la programmation des évolutions demandées. Réalisation de l’analyse technique (Sous la responsabilité du chef de projet) : Analyser les besoins métiers spécifiés et les traduire en cahier des charges techniques Écrire les spécifications techniques générales et détaillées en envisageant les problèmes éventuels et les évolutions. Activités éventuelles : Pour de petits projets, le développeur pourra parfois être amené à gérer la partie technique de A à Z sans qu’il y ait de chef de projet, et parfois rédiger les spécifications fonctionnelles détaillées.","Informatique, nouvelles technologies","Informatique, SSII, Internet",CDI,Casablanca-Mohammedia - Marrakech-Safi - Rabat-Salé-Kénitra,Marrakech,,Expérience entre 2 ans et 5 ans - Expérience entre 5 ans et 10 ans,Bac+5 et plus,"['ANDROID', 'C', 'JAVA', 'JAVASCRIPT', 'NET', 'C#', 'FULL STACK']",2026-04-27
https://www.emploi.ma/offre-emploi-maroc/assistante-administratifve-rabat-9292844,Assistant(e) Administratif(ve) - Rabat,JOB CONNECT,"ous recrutons pour le compte de notre client basé à Rabat, Un(e) Assistant(e) Administratif(ve) – Contrat Intérim (3 mois). Missions principales : Assurer l’accueil physique et téléphonique Gérer le courrier (réception, envoi, classement) Organiser et planifier les réunions Assurer le suivi administratif des dossiers Saisir et mettre à jour les données sur les outils internes Classer et archiver les documents Assister les équipes dans leurs tâches quotidiennes","Secrétariat, assistanat",Administration publique,CDD - Intérim,Rabat-Salé-Kénitra,Rabat,,Débutant < 2 ans - Expérience entre 2 ans et 5 ans,Bac+2 - Bac+3 - Bac+4,"['Suivi Administratif', 'Dossiers', 'Accueil Physique', 'WORD', 'Secrétariat', 'Assistanat']",2026-04-04
https://www.emploi.ma/offre-emploi-maroc/professeur-permanent-design-graphique-rabat-9339114,Professeur Permanent en Design Graphique - Rabat,EDVANTIS HIGHER EDUCATION GROUP,"Dans le cadre de son développement, le groupe Edvantis recrute pour son campus à Rabat des Professeurs Permanents en Design Graphique . Missions : Enseignement (cours et des Travaux Dirigés) et autres activités pédagogiques Encadrement pédagogique et suivi de projets étudiants Recherche scientifique dans le domaine de spécialisation.","Informatique, nouvelles technologies","Éducation, formation",CDI,Rabat-Salé-Kénitra,Rabat,,Expérience entre 2 ans et 5 ans - Expérience entre 5 ans et 10 ans - Expérience > 10 ans,Bac+5 et plus,"['Design', 'Design']",2026-05-01
https://www.emploi.ma/offre-emploi-maroc/comptable-rabat-casablanca-9080407,Comptable - Rabat - Casablanca,SALAM GAZ,"Nous sommes à la recherche d'un Comptable. Mission : Tenir la comptabilité et la fiscalité de la société conformément aux dispositions légales, réglementaires et internes de SALAM GAZ.","Gestion, comptabilité, finance","Banque, assurance, finances",CDI,Casablanca-Mohammedia - Rabat-Salé-Kénitra,Rabat - Casablanca,,Expérience entre 2 ans et 5 ans,Bac+2 - Bac+3 - Bac+4 - Bac+5 et plus,"['Comptabilité', 'Gestion', 'Fiscalité']",2026-04-11
https://www.emploi.ma/offre-emploi-maroc/assistante-administrative-casablanca-9140895,Assistante Administrative - Casablanca,,"Une entreprise leader dans son secteur, recrute une Assistante Administrative à Casablanca . Vos responsabilités sont les suivantes : Assurer l'accueil physique et téléphonique des interlocuteurs internes et externes; Assurer les prises de rendez-vous; Traiter le courrier postal et électronique ainsi que les appels téléphoniques; Suivre la circulation des parapheurs; Gérer les agendas électroniques et contrôler les échéances; Saisir, mettre en forme des documents divers (courriers, mails, rapports ….), les reproduire et les diffuser; Répondre aux demandes d'informations des autres services et de l'extérieur; Organiser les réunions et leurs logistiques, rédiger les relevés de décisions; Participer à la gestion administrative, financière et/ou des ressources humaines de la structure en appliquant les procédures dédiées; Classer et pré-archiver les documents.","Gestion, comptabilité, finance","Distribution, vente, commerce de gros",CDI,Casablanca-Mohammedia,Casablanca,,Expérience entre 2 ans et 5 ans,Bac+2 - Bac+3,"['organisation et gestion des priorités', 'Rigueur et sens du détail', 'Gestion Administrative', 'Dossiers Administratifs', 'Gestion', 'Techniques de Gestion', 'Assistanat', 'Dossiers', 'Secrétariat', 'WORD', 'Accueil Physique', 'Comptabilité', 'Finance']",2026-04-10
https://www.emploi.ma/offre-emploi-maroc/magasinier-batiment-senior-rabat-9349611,Magasinier Bâtiment (Senior) - Rabat,JOB CONNECT,"Nous recrutons pour notre client à Rabat un Magasinier Bâtiment (Senior). Missions principales : Gérer les stocks de matériaux et équipements Réceptionner, contrôler et stocker les marchandises Assurer la distribution des matériaux aux équipes chantier Suivre les entrées/sorties et tenir à jour les inventaires Veiller à la bonne organisation du magasin",Métiers du BTP,"BTP, construction",CDI,Rabat-Salé-Kénitra,Rabat,,Expérience entre 5 ans et 10 ans - Expérience > 10 ans,Bac+3 - Bac+4 - Bac+5 et plus,['BTP'],2026-05-07
https://www.emploi.ma/offre-emploi-maroc/enseignante-fle-tout-maroc-9336808,Enseignant(e) FLE - Tout le Maroc,CALLIOPE,"Dans le cadre du développement de nos activités, nous recherchons des Enseignants(es) FLE pour rejoindre notre équipe pédagogique. Vos missions principales : Dispenser des cours de Français Langue Étrangère (FLE) à un public varié : enfants, adolescents, adultes, en présentiel au centre et/ou en entreprise. Enseigner tous niveaux : A1 à C1/C2 . Participer aux événements organisés par le centre : Concours scolaires Formations d’enseignants de français Animations lecture Actions de promotion de la lecture et du livre francophone Se déplacer en entreprise ou lors d’interventions extérieures ponctuelles (Casablanca et environs).",Métiers des services,"Éducation, formation",CDI,Casablanca-Mohammedia,Tout Le Maroc,,Expérience entre 2 ans et 5 ans - Expérience entre 5 ans et 10 ans - Expérience > 10 ans,Bac+3 - Bac+4 - Bac+5 et plus,"['Formation', 'Animation', 'Formation']",2026-04-29
https://www.emploi.ma/offre-emploi-maroc/cyber-security-engineer-mf-8251969,Cyber Security Engineer (M/F),AFRICASHORE,"We are looking for Cyber Security Engineer profiles / CVs to share with our clients for their future recruitment campaigns. Mission: Act as an internal subject matter expert with respect to CVA scanning and reporting. Assist in maintenance of the enterprise to VMLC (Vulnerability Management Life Cycle) policy and associated VM standard. Conduct required tasks for the vulnerability scanning program and publish reported vulnerabilities to impacted teams for remediation. Triage and risk rank vulnerabilities according to severity and exposure. Work with Product and IT teams to risk rank and patch vulnerabilities related to the technology stack. Develop remediation plans for vulnerabilities. Maintenance of an executive level dashboard and actionable metrics that reflect the current enterprise security posture. Scan and report on the appropriate configuration standards, to ensure baselines are being met and compliance drift is managed. Initiate improvement activity to reduce risk, ensure compliance, lower cost, and improve quality within IT processes. Conduct/support periodic risk assessments and develop appropriate mitigation plans in support of deliverables. Continuous review of configuration management and vulnerability management posture inside the company and knowledge of all external developments that could impact the CVA posture, including vendor patches, zero-day exploits, end-of-life systems or deprecated services. The ideal Endpoint Security Ops Engineer will be adept in learning new security capabilities, adaptable, take initiative, and be a team player.","Informatique, nouvelles technologies","Informatique, SSII, Internet",CDI - CDD - Freelance,Agadir - Béni Mellal-Khénifra - Casablanca-Mohammedia - Dakhla - Errachidia - Fès - Guelmim - Laâyoune - Marrakech-Safi - Meknès - Oujda - Rabat-Salé-Kénitra - Settat - Tanger-Tétouan-Al Hoceïma - International,/ Travail En Remote,,Expérience entre 5 ans et 10 ans,Bac+3,"['IDEAL', 'JAVASCRIPT', 'CVS', 'ENDPOINT', 'VM', 'PYTHON']",2026-04-13
https://www.emploi.ma/offre-emploi-maroc/electricien-industriel-marrakech-9345568,Électricien Industriel - Marrakech,SOCIÉTÉ ROUANDI,"Nous sommes à la recherche d'un Électricien Industriel. Mission du poste Rattaché au Responsable de Site de la Direction d'Exploitation, l'Électricien Industriel assure le bon fonctionnement, la maintenance préventive et corrective, ainsi que le dépannage des installations électriques des équipements de production (concassage, criblage, convoyage) afin de garantir la continuité de l'exploitation de la carrière. Principales responsabilités Maintenance Électrique Assurer la maintenance préventive et corrective des installations électriques (concasseurs, cribles, convoyeurs) Réparer ou faire remplacer le matériel électrique défectueux dans les meilleurs délais Assurer la maintenance des moteurs électriques, variateurs de vitesse et systèmes de convoyage Identifier les besoins en pièces de rechange électriques et outillage spécifique Diagnostics & Interventions Localiser et diagnostiquer les pannes ou anomalies électriques dans les délais les plus courts Intervenir sur les automatismes industriels : API, variateurs de vitesse, équipements de mesure Lire et interpréter les plans et schémas électriques des installations de carrière Décider de l'arrêt d'un équipement en cas de risque électrique et valider la remise en service Documentation & Amélioration Continue Établir et suivre les plans de maintenance électrique préventive Rédiger les fiches d'intervention, rapports de pannes et documents techniques Identifier et signaler les opportunités d'amélioration des installations électriques Encadrement & Sécurité Encadrer et accompagner l'Agent de Maintenance dans ses missions Veiller au respect strict des consignes de sécurité électrique en environnement industriel Assurer le respect du règlement intérieur et des procédures HSE du site",Métiers du BTP,"BTP, construction",Intérim,Marrakech-Safi,Marrakech,Non,Expérience entre 2 ans et 5 ans - Expérience entre 5 ans et 10 ans - Expérience > 10 ans,Bac+2 - Bac+3 - Bac+4 - Bac+5 et plus,"['Maintenance Électrique', 'Concassage', 'Instrumentation', 'BTP', 'Électromécanique', 'Électrotechnique']",2026-05-05
https://www.emploi.ma/offre-emploi-maroc/chef-equipe-production-ingenieur-topographe-rabat-9357062,Chef d’Équipe Production – Ingénieur Topographe - Rabat,JOB CONNECT,"Nous recrutons, pour le compte de notre client basé à Rabat, deux Chefs d’Équipe Production (Ingénieurs Topographes). Dans ce cadre, nous souhaitons confier à votre agence la recherche et la sélection des candidats. Rattaché(e) à la hiérarchie de production, Son rôle principale consiste à superviser, organiser et optimiser les activités de production. Missions principales : Superviser et coordonner les activités quotidiennes de production Anticiper les besoins de production en collaboration avec la hiérarchie Planifier et organiser le travail de l’équipe Encadrer, former et accompagner les collaborateurs dans leur montée en compétences Garantir le respect des normes de qualité et des délais Contribuer activement à l’amélioration continue des processus Participer aux décisions opérationnelles liées à la production","Production, maintenance, qualité","Qualité, méthodes",CDI,Rabat-Salé-Kénitra,Rabat,,Expérience entre 5 ans et 10 ans - Expérience > 10 ans,Bac+5 et plus,"['Six Sigma', 'Production', 'Normes de Qualité', 'Maintenance', 'Manufacturing', 'Processus', 'Qualité', 'Lean Manufacturing', 'Amélioration Continue']",2026-05-04
https://www.emploi.ma/offre-emploi-maroc/php-developer-mf-8251951,PHP Developer (M/F),AFRICASHORE,"We are looking for PHP Developer profiles / CVs to pass on to our clients for their future recruitment campaigns. Mission: Writing clean, fast code PHP to a high standard, in a timely and scalable way. Design E-Commerce websites and Dashboards using PHP, and Strong Knowledge on Integrations Like, Payment gateway, APi s etc. Establishing and guiding the website s architecture. Conducting analysis of website and application requirements. Writing back-end code and building efficient PHP modules. Developing back-end portals with an optimized database. Updating and altering application features to enhance performance. Helping formulate an effective, responsive design and turning it into a working theme and plugin. Troubleshooting application and code issues. Integrating data storage solutions. Total understanding of PHP’s fully synchronous behavior. The ability to integrate a variety of data sources and databases into a single system.","Informatique, nouvelles technologies","Informatique, SSII, Internet",CDI - CDD - Freelance,Agadir - Béni Mellal-Khénifra - Casablanca-Mohammedia - Dakhla - Errachidia - Fès - Guelmim - Laâyoune - Marrakech-Safi - Meknès - Oujda - Rabat-Salé-Kénitra - Settat - Tanger-Tétouan-Al Hoceïma - International,/ Travail à Distance,,Expérience entre 5 ans et 10 ans,Bac+3,"['MAGENTO', 'AJAX', 'MERCURIAL', 'LARAVEL', 'MONGODB', 'MVC', 'CVS', 'SQL', 'MYSQL', 'CSS3', 'SYMFONY', 'JAVASCRIPT', 'CODEIGNITER', 'ZEND', 'GIT', 'API', 'ORACLE', 'NOSQL', 'XML']",2026-04-13
https://www.emploi.ma/offre-emploi-maroc/charge-portefeuille-sidi-bennour-9282887,Chargé de Portefeuille - Sidi Bennour,FONDATION ARRAWAJ,"Fondation ARRAWAJ, est un acteur économique et social majeur dans le secteur de la micro-finance, elle s’appuie sur un capital humain fort de plus de 2000 collaborateurs, réparti sur un réseau de plus de 208 agences.Dans le cadre de son développement, la fondation ARRAWAJ recrute des Chargés de Portefeuille H/F au niveau de nos agences à Sidi Bennour . Missions : En tant que « Chargé de Portefeuille », vous aurez pour principales missions : Gérer et développer le portefeuille client Faire des prospections de nouveaux clients Mettre en avant nos produits et nos services auprès des clients potentiels Accompagner et conseiller les clients Fidéliser les clients Veiller à garder un contact régulier avec les clients Gérer et suivre les dossiers en cours Faire du recouvrement terrain.","Commercial, vente","Banque, assurance, finances",CDI,Settat,Sidi Bennour,,Débutant < 2 ans - Expérience entre 2 ans et 5 ans - Expérience entre 5 ans et 10 ans - Expérience > 10 ans,Bac+3 - Bac+4 - Bac+5 et plus,"['Finance', 'Gestion', 'Vente', 'Recouvrement', 'Comptabilité', 'Marketing', 'Communication']",2026-03-27
https://www.emploi.ma/offre-emploi-maroc/chargee-caisse-comptabilite-casablanca-9290350,Chargé(e) de Caisse et Comptabilité - Casablanca,TECTRA CASA TERTIAIRE – RECRUTEMENT,"Pour l’un de ses clients, dans le secteur logistique, TECTRA recherche un(e) un(e) Chargé(e) de Caisse et Comptabilité , à Casablanca pour une mission de 6 mois . Rattaché(e) à la Direction Financière, vous interviendrez sur la gestion quotidienne de la caisse ainsi que sur le suivi des opérations comptables. Disponibilité : Immédiate Missions principales Volet Caisse : Assurer l’ouverture, la gestion et la clôture de la caisse journalière Effectuer les encaissements et contrôler les différents modes de paiement Gérer les décaissements et les avances de frais conformément aux procédures internes Volet Comptabilité : Assurer la saisie des opérations comptables (achats, ventes, banque) Réaliser les rapprochements bancaires et le lettrage des comptes Participer aux travaux de clôture mensuelle Veiller au respect des obligations comptables et fiscales","Gestion, comptabilité, finance","Import, export",Intérim,Casablanca-Mohammedia,Casablanca,,Débutant < 2 ans,Bac+3 - Bac+4 - Bac+5 et plus,"['Banque', 'Finance', 'Gestion', 'Comptabilité']",2026-04-03
https://www.emploi.ma/offre-emploi-maroc/conducteur-machine-offset-rabat-9289425,Conducteur de Machine Offset - Rabat,JOB CONNECT,"Nous recrutons pour le compte de notre client basé à Rabat, Un Conducteur de Machine Offset dans le secteur Imprimerie / Industrie graphique Missions principales : Assurer la conduite et le réglage des machines offset pour l’impression de documents, emballages ou supports divers. Préparer les supports, encres et plaques nécessaires pour chaque production. Contrôler la qualité de l’impression et ajuster les paramètres pour garantir la conformité aux standards. Effectuer l’entretien de première ligne et le nettoyage des machines selon les procédures. Signaler tout dysfonctionnement ou panne à l’équipe technique ou maintenance. Respecter les normes de sécurité et les procédures internes de l’entreprise.",Métiers des services,"Édition, imprimerie",CDI,Rabat-Salé-Kénitra,Rabat,,Expérience entre 2 ans et 5 ans,Bac+1 - Bac+2 - Bac+3,"['Réglage', 'Maintenance', 'Sécurité', 'Nettoyage', 'Entretien']",2026-04-02
https://www.emploi.ma/offre-emploi-maroc/agent-saisie-classement-casablanca-9358006,Agent de Saisie et Classement - Casablanca,TECTRA CASA BOURGOGNE – RECRUTEMENT,"Nous recherchons un Agent de Saisie et Classement pour rejoindre notre équipe. Ce poste implique la gestion et la saisie de données, ainsi que leur classement dans un environnement dynamique et professionnel. Missions : Assurer la saisie précise des données dans les systèmes informatiques. Organiser et classer les documents selon les procédures établies. Vérifier la cohérence et la conformité des informations saisies. Participer à la mise à jour régulière des bases de données. Collaborer avec les équipes pour garantir la qualité des données traitées.","Gestion, comptabilité, finance",Agroalimentaire,Intérim,Casablanca-Mohammedia,Casablanca,,Débutant < 2 ans - Expérience entre 2 ans et 5 ans - Expérience entre 5 ans et 10 ans - Expérience > 10 ans,Bac+2 - Bac+3 - Bac+4 - Bac+5 et plus,"['saisie et classement', 'Gestion', 'Finance', 'Comptabilité']",2026-05-05
https://www.emploi.ma/offre-emploi-maroc/chargee-achat-btp-rabat-9335749,Chargé(e) d’Achat en BTP - Rabat,JOB CONNECT,"Nous recrutons pour le compte de notre client basé à Rabat, Un Chargé(e) d’Achat en BTP . Son rôle essentiel dans la gestion des achats de matériaux, équipements et services nécessaires à la réalisation des projets de construction, en veillant au respect des coûts, des délais et de la qualité Missions principales : Analyser les besoins en achats en collaboration avec les équipes techniques (conducteurs de travaux, chefs de projet). Rechercher, sélectionner et évaluer les fournisseurs et sous-traitants. Négocier les conditions d’achat (prix, délais, qualité, conditions de paiement). Établir et suivre les commandes jusqu’à la livraison. Assurer le suivi des approvisionnements des chantiers. Veiller au respect des budgets alloués. Gérer les litiges fournisseurs et assurer un suivi des non-conformités. Mettre à jour les bases de données fournisseurs et produits Participer à l’optimisation des coûts et à la stratégie achats.",Achats,"BTP, construction",CDI,Rabat-Salé-Kénitra,Rabat,,Expérience > 10 ans,Bac+2 - Bac+3 - Bac+4,"['Gestion des Fournisseurs', 'Achats', 'Négociation', 'Gestion des Achats', 'Livraison', 'BTP', 'Secteur BTP', 'Construction', 'Approvisionnements']",2026-04-29
https://www.emploi.ma/offre-emploi-maroc/responsable-marches-publics-appels-offres-casablanca-9342076,Responsable des Marchés Publics et Appels d'Offres - Casablanca,PROFILS RECRUTEMENT,"Nous recrutons pour notre client, Société opérant dans la vente, l'installation et le service après-vente de matériels et dispositifs médicaux hospitaliers, dans le cadre de son développement, un(e) Responsable des Marchés Publics et Appels d'Offres libres de suite, poste basé à Casablanca. Rattaché directement au Directeur Général, Vous êtes responsable de l'intégralité du cycle des dossiers d'Appels d'Offres, vous serez principalement chargé(e) de : Analyse rapide du dossier d'appel d'offres ; Montage de l'offre (mémoire technique, chiffrage,...) ; Établissement des différents documents de réponse à l'appel d'offres ; La mise au point du dossier marché ; Pilotage et coordination des AO Vous êtes le garant du respect des délais.",Métiers de la santé et du social,"Santé, pharmacie, hôpitaux, équipements médicaux",CDI,Casablanca-Mohammedia,Casablanca,,Expérience entre 2 ans et 5 ans - Expérience entre 5 ans et 10 ans - Expérience > 10 ans,Bac+4 - Bac+5 et plus,[],2026-05-02
https://www.emploi.ma/offre-emploi-maroc/soudeur-meknes-9277052,Soudeur - Meknès,SOMACOS,Nous sommes à la recherche d’un Soudeur motivé et rigoureux pour rejoindre notre équipe.,"Production, maintenance, qualité","Industrie, production, fabrication, autres",CDD,Errachidia - Fès - Meknès,Meknès,Non,Expérience entre 5 ans et 10 ans - Expérience > 10 ans,Qualification avant bac - Bac - Bac+1 - Bac+2,"['Soudage Industriel', 'Qualité', 'Normes de Qualité', 'Soudage Industriel', 'Maintenance']",2026-03-24
https://www.emploi.ma/offre-emploi-maroc/hammamiste-nouakchotte-mauritanie-9203986,"Hammamiste - Nouakchotte, Mauritanie",FASQ HOTEL,"Nous sommes à la recherche d'une Hammamiste. Missions : Préparer et entretenir les espaces du hammam en veillant à leur propreté et à leur bon fonctionnement. Accueillir et orienter les clients dans le respect des standards de qualité. Assurer les soins traditionnels du hammam, notamment le gommage et l’application de produits spécifiques. Conseiller les clients sur les bienfaits des soins et les produits à utiliser. Respecter les protocoles d’hygiène et de sécurité propres à l’établissement.","Tourisme, hôtellerie, restauration","Hôtellerie, restauration",CDD,Agadir - Béni Mellal-Khénifra - Casablanca-Mohammedia - Dakhla - Errachidia - Fès - Guelmim - Laâyoune - Marrakech-Safi - Meknès - Oujda - Rabat-Salé-Kénitra - Settat - Tanger-Tétouan-Al Hoceïma - International,"Nouakchotte, Mauritanie",Non,"Etudiant, jeune diplômé - Débutant < 2 ans - Expérience entre 2 ans et 5 ans - Expérience entre 5 ans et 10 ans - Expérience > 10 ans",Qualification avant bac - Bac - Bac+1 - Bac+2 - Bac+3 - Bac+4 - Bac+5 et plus,['Accueil'],2026-05-01
https://www.emploi.ma/offre-emploi-maroc/assistante-direction-casablanca-9331017,Assistante de Direction - Casablanca,PROFILS RECRUTEMENT,"Nous recrutons pour notre client, Société opérant dans la vente, l'installation et le service après-vente de matériels et dispositifs médicaux hospitaliers, dans le cadre de son développement une Assistante de Direction expérimentée.","Secrétariat, assistanat","Santé, pharmacie, hôpitaux, équipements médicaux",CDI,Casablanca-Mohammedia,Casablanca,,Expérience entre 2 ans et 5 ans - Expérience entre 5 ans et 10 ans - Expérience > 10 ans,Bac+3 - Bac+4 - Bac+5 et plus,"['Secrétariat', 'Assistanat']",2026-04-25
https://www.emploi.ma/offre-emploi-maroc/business-developer-data-center-cdd-hf-casablanca-sidi-maarouf-9329639,Business Developer – Data Center en CDD (H/F) - Casablanca Sidi Maarouf,DEKRA SERVICES,"Notre client, opérateur international dans le domaine des télécommunications et leader mondial de son secteur, cherche dans le cadre du développement de ses activités dans le domaine des Data Centers, un(e) Business Developer spécialisé(e) dans les solutions d’infrastructures critiques dans le cadre d'un CDD. Vous jouerez un rôle clé dans l’expansion de notre présence sur le marché marocain des Data Centers, en développant de nouvelles opportunités commerciales et en renforçant notre réseau de partenaires. Vos missions principales : Développer de nouveaux clients dans le domaine des infrastructures de Data Centers (DCF) Promouvoir les solutions proposées (UPS, refroidissement de précision, Modular DC, DCIM, etc.) Identifier et recruter de nouveaux partenaires commerciaux Entretenir et développer les relations avec les distributeurs, partenaires et clients existants Participer activement à la stratégie commerciale et à la croissance du business","Commercial, vente",Télécom,CDD,Casablanca-Mohammedia,Casablanca Sidi Maarouf,,Expérience entre 2 ans et 5 ans - Expérience entre 5 ans et 10 ans,Bac+5 et plus,"['Négociation', 'Vente', 'Stratégie Commerciale', 'Négociation']",2026-04-24
https://www.emploi.ma/offre-emploi-maroc/chef-site-espaces-verts-rabat-9270602,Chef de Site Espaces Verts - Rabat,TECTRA RABAT - KENITRA,"Nous sommes à la recherche d'un Chef de Site Espaces Verts. Missions : Assurer la supervision et l’organisation des opérations sur trois sites d’espaces verts à Rabat Encadrer et coordonner les équipes terrain Planifier et suivre les travaux d’entretien et d’aménagement paysager Veiller au respect des standards de qualité, des délais et des procédures Assurer un reporting régulier et structuré auprès de la direction Participer à l’optimisation de l’organisation et des performances des sites",Métiers des services,"Espaces verts, forêts, chasse",CDI,Rabat-Salé-Kénitra,Rabat,,Expérience entre 5 ans et 10 ans - Expérience > 10 ans,Bac+2 - Bac+3 - Bac+4 - Bac+5 et plus,"['Audit Environnemental', 'chef de site', 'Entretien', 'Aménagement']",2026-03-18
https://www.emploi.ma/offre-emploi-maroc/commercial-maroc-9348012,Commercial - Maroc,INGELEC,"Rejoignez une entreprise dynamique dans le secteur de l’ électricité en tant que Commercial , basé à Casablanca . Votre rôle sera essentiel pour développer notre présence sur le marché et renforcer nos relations clients. Vos objectifs principaux seront de contribuer activement à la croissance du chiffre d'affaires, d'identifier et de concrétiser de nouvelles opportunités commerciales, et d'assurer une satisfaction client optimale. Vous serez un acteur clé dans l'atteinte des performances commerciales de l'entreprise. Vos responsabilités incluront : Prospecter de nouveaux clients et développer un portefeuille commercial solide. Présenter et promouvoir nos produits et solutions électriques auprès d'une clientèle variée. Analyser les besoins des clients et proposer des offres personnalisées et compétitives. Négocier les conditions commerciales et conclure les ventes. Suivre les commandes et assurer le bon déroulement des livraisons. Participer à la veille concurrentielle et remonter les informations pertinentes du marché. Entretenir une relation de proximité et de confiance avec les clients existants.","Commercial, vente","Electricité, eau, gaz, nucléaire, énergie",CDI,Agadir - Béni Mellal-Khénifra - Casablanca-Mohammedia - Dakhla - Errachidia - Fès - Guelmim - Laâyoune - Marrakech-Safi - Meknès - Oujda - Rabat-Salé-Kénitra - Settat - Tanger-Tétouan-Al Hoceïma - International,Maroc,Non,Débutant < 2 ans,Bac+2,"['Vente', 'Négociation']",2026-05-06
https://www.emploi.ma/offre-emploi-maroc/technico-commercial-mohammedia-9306956,Technico-Commercial - Mohammedia,AFRICAWORK,"Nous recrutons pour l'un de nos clients, une société spécialisée dans la fabrication mécanique de pièces industrielles de haute précision, un(e) Technico-Commercial. Responsabilités: Rattaché(e) à la direction commerciale, vous serez l’interlocuteur privilégié de nos clients industriels. Vos principales missions seront : Développer et fidéliser un portefeuille de clients dans le secteur de la fabrication mécanique; Analyser les besoins techniques des clients et proposer des solutions adaptées; Élaborer les devis et négocier les offres commerciales; Assurer le suivi des projets, de la commande à la livraison; Collaborer avec le bureau d’études et la production pour garantir la faisabilité technique; Participer aux salons professionnels et événements commerciaux.","Commercial, vente","Equipements mécaniques, machines",CDI,Casablanca-Mohammedia,Mohammedia,Non,Expérience entre 2 ans et 5 ans - Expérience entre 5 ans et 10 ans - Expérience > 10 ans,Bac+2 - Bac+3 - Bac+4 - Bac+5 et plus,"['Devis', 'Négociation', 'Vente', 'CRM']",2026-04-14
https://www.emploi.ma/offre-emploi-maroc/animateur-point-vente-mohammedia-mohammedia-9275602,Animateur Point de Vente Mohammedia - Mohammedia,,Nous recherchons des Vendeurs dynamique pour rejoindre notre équipe dans le secteur de la vente de produit de la cuisine et ménage à MOHAMMEDIA . Les tâches : Accueillir et conseiller les clients dans leurs choix de produits. Présenter les caractéristiques des produits et leurs avantages. Assurer la mise en rayon et l’organisation du magasin. Participer à la gestion des stocks et aux inventaires. Contribuer à la réalisation des objectifs de ventes,"Commercial, vente","Distribution, vente, commerce de gros",CDD,Casablanca-Mohammedia,Mohammedia,,Débutant < 2 ans - Expérience entre 2 ans et 5 ans,Qualification avant bac - Bac - Bac+1 - Bac+2 - Bac+3,['Vente'],2026-03-21
https://www.emploi.ma/offre-emploi-maroc/gestionnaire-parc-convoyage-casablanca-9340194,Gestionnaire Parc et Convoyage - Casablanca,CRIT,"Nous sommes à la recherche d'un Gestionnaire Parc et Convoyage. Missions : Accueillir et accompagner les clients et conducteurs lors de la mise à disposition des véhicules Assurer une relation client professionnelle et réactive Gérer les situations d’assistance (panne, accident, vol) Traiter les demandes clients dans les meilleurs délais Assurer le suivi complet des dossiers (réservation, parc, clôture) Saisir et suivre les données clients via les outils CRM (Salesforce…) Accompagner les clients dans leurs relations avec les réparateurs","Commercial, vente","Intérim, recrutement",Intérim,Casablanca-Mohammedia,Casablanca,Non,Débutant < 2 ans,Bac+3 - Bac+4 - Bac+5 et plus,"['Animation Commerciale', 'Relation Clients', 'Vente', 'CRM', 'Animation Commerciale']",2026-05-01
https://www.emploi.ma/offre-emploi-maroc/charge-portefeuille-nador-9280344,Chargé de Portefeuille - Nador,FONDATION ARRAWAJ,"Nous sommes à la recherche des Chargés de Portefeuille. Missions : En tant que « Chargé de Portefeuille », vous aurez pour principales missions : Gérer et développer le portefeuille client Faire des prospections de nouveaux clients Mettre en avant nos produits et nos services auprès des clients potentiels Accompagner et conseiller les clients Fidéliser les clients Veiller à garder un contact régulier avec les clients Gérer et suivre les dossiers en cours Faire du recouvrement terrain.","Commercial, vente","Banque, assurance, finances",CDI,Tanger-Tétouan-Al Hoceïma,Nador,,Débutant < 2 ans - Expérience entre 2 ans et 5 ans - Expérience entre 5 ans et 10 ans - Expérience > 10 ans,Bac+3 - Bac+4 - Bac+5 et plus,"['Finance', 'Marketing', 'Vente', 'Recouvrement', 'Gestion', 'Communication', 'Comptabilité']",2026-03-26
https://www.emploi.ma/offre-emploi-maroc/chef-equipe-preparation-expedition-bouskoura-9328827,Chef d’Équipe Préparation et Expédition - Bouskoura,BRICOMA,"Dans le cadre d’une forte expansion, le Groupe BRICOMA recrute son Chef d’équipe de Préparation et Expédition pour sa nouvelle centrale d’achat et logistique.Si vous aspirez à relever des défis stimulants au sein d’un environnement en plein croissance et de développement, rejoignez-nous Missions : Rattaché à la direction logistique, vous aurez pour principales missions : Coordonner les ressources humaines et matérielles pour garantir la conformité des préparations, la qualité des chargements et la ponctualité des expéditions, dans le respect des procédures internes. Organiser le travail des équipes de préparation et de chargement selon les priorités quotidiennes et le planning des départs. Planifier les activités de préparation sur la base du planning des commandes. Élaborer le planning de chargement en fonction des créneaux transporteurs. Affecter les ressources humaines selon les priorités, les volumes et urgences. Garantir la conformité des commandes préparées (références, quantité, qualité, étiquetage et état des produits). Assurer la coordination entre la préparation et les zones amont/aval. Contrôler la conformité des palettes préparées avant expédition. Superviser les enregistrements dans le WMS ainsi que la traçabilité des expéditions. Assurer la coordination avec les transporteurs et les services internes. Garantir la sécurité des opérations de chargement. Suivre les indicateurs de performance. Remonter les écarts au Responsable Logistique.","Transport, logistique","Distribution, vente, commerce de gros",CDI,Casablanca-Mohammedia,Bouskoura,Non,Expérience entre 2 ans et 5 ans - Expérience entre 5 ans et 10 ans - Expérience > 10 ans,Bac+2 - Bac+3 - Bac+4,"['Étiquetage', 'Expédition', 'Groupage', 'Transport', 'Chargement']",2026-04-24
https://www.emploi.ma/offre-emploi-maroc/projeteur-charpente-metallique-casablanca-9229070,Projeteur en Charpente Métallique - Casablanca,EXPERT EYE ENGINEERING,"Nous sommes à la recherche d'un Projeteur en Charpente Métallique. Missions principales Réaliser les plans d’ensemble et de détail en charpente métallique. Préparer les plans de fabrication et de montage. Assurer la compatibilité des plans avec les autres corps d’état (GC, mécanique, fluides). Collaborer étroitement avec les ingénieurs structures pour intégrer les notes de calcul. Vérifier la conformité aux normes de dessin industriel et aux standards de sécurité.",Métiers des services,"Ingénierie, études développement",CDI,Casablanca-Mohammedia,Casablanca,,Expérience entre 2 ans et 5 ans - Expérience entre 5 ans et 10 ans - Expérience > 10 ans,Bac+2 - Bac+3 - Bac+4 - Bac+5 et plus,"['BTP', 'Mécanique', 'TEKLA', 'Montage', 'Sécurité', 'Charpente', 'AUTOCAD', 'Eurocodes', 'Charpente Métallique']",2026-04-16
https://www.emploi.ma/offre-emploi-maroc/comptable-confirmee-rabat-9347263,Comptable Confirmé(e) - Rabat,JOB CONNECT,"Nous recrutons pour le compte de notre client basé à Rabat un(e) Comptable . Le/la candidat(e) aura un rôle essentiel dans la gestion comptable de l’entreprise. Missions principales : Assurer la tenue de la comptabilité générale Saisir, contrôler et enregistrer les pièces comptables (factures, opérations bancaires, etc.) Établir les déclarations fiscales et sociales (TVA, IS, IR…) Participer aux clôtures mensuelles et annuelles Assurer le traitement de la paie Suivre les comptes clients et fournisseurs Réaliser les rapprochements bancaires Préparer les états financiers et les reportings Établir le bilan Collaborer avec les auditeurs externes et le cabinet comptable si nécessaire","Gestion, comptabilité, finance","Banque, assurance, finances",CDI,Rabat-Salé-Kénitra,Rabat,,Expérience entre 2 ans et 5 ans - Expérience entre 5 ans et 10 ans,Bac+1 - Bac+2 - Bac+3,"['Comptabilité', 'Finance', 'États Financiers', 'Opérations Bancaires', 'Gestion', 'Comptabilité Générale']",2026-05-06
https://www.emploi.ma/offre-emploi-maroc/technicien-methodes-casablanca-9334835,Technicien Méthodes - Casablanca,SELHA MAROC,Nous sommes à la recherche d'un Technicien(ne) Méthodes Missions: Préparer les données techniques permettant d’assurer la mise en production selon les spécificités et critère de son portefeuille client Gérer et maintenir les outils de fabrications à partir des données clients dans le but de mettre en place les moyens pour produire Participer à l'amélioration industrielle,"Production, maintenance, qualité","Aéronautique, navale",CDI,Casablanca-Mohammedia,Casablanca,Non,Expérience entre 2 ans et 5 ans,Bac+2,"['Maintenance', 'Amélioration Industrielle', 'Qualité', 'Génie Mécanique', 'Production']",2026-04-28
https://www.emploi.ma/offre-emploi-maroc/charge-portefeuille-kenitra-9280353,Chargé de Portefeuille - Kénitra,FONDATION ARRAWAJ,"Nous sommes à la recherche des Chargés de Portefeuille. Missions : En tant que « Chargé de Portefeuille », vous aurez pour principales missions : Gérer et développer le portefeuille client Faire des prospections de nouveaux clients Mettre en avant nos produits et nos services auprès des clients potentiels Accompagner et conseiller les clients Fidéliser les clients Veiller à garder un contact régulier avec les clients Gérer et suivre les dossiers en cours Faire du recouvrement terrain.","Commercial, vente","Banque, assurance, finances",CDI,Rabat-Salé-Kénitra,Kénitra,,Débutant < 2 ans - Expérience entre 2 ans et 5 ans - Expérience entre 5 ans et 10 ans - Expérience > 10 ans,Bac+3 - Bac+4 - Bac+5 et plus,"['Comptabilité', 'Vente', 'Finance', 'Recouvrement', 'Gestion', 'Communication', 'Marketing']",2026-03-26
https://www.emploi.ma/offre-emploi-maroc/chargee-suivi-engagements-secteur-bancaire-hf-casablanca-9346188,Chargé(e) de Suivi des Engagements - Secteur Bancaire (H/F) - Casablanca,TECTRA CASA TERTIAIRE – RECRUTEMENT,"Dans le cadre du renforcement de ses équipes, notre client recrute un(e) Chargé(e) de Suivi des Engagements . Le poste couvre deux axes : le suivi opérationnel des marchés et engagements clients, et la production des reportings associés. Suivi des engagements Suivi des marchés nantis via des contacts continus avec les administrations (appels, déplacements) Suivi et recouvrement des avances sur droits constatés Détection et suivi des alertes relatives à l'exécution des marchés Saisie sur SI et rédaction des écrits adressés aux donneurs d'ordres Analyse et traitement des fiches de dérogation (encours client) Recueil des informations sur le déroulement des marchés lors des renouvellements Reporting & Administration Mise à jour des blacklists et préparation des PV de prorogation des opérations de crédit Élaboration des reportings liés au suivi des engagements et des confirmations Classement et archivage de l'entité","Gestion, comptabilité, finance","Banque, assurance, finances",Intérim,Casablanca-Mohammedia,Casablanca,,"Etudiant, jeune diplômé - Débutant < 2 ans",Bac+3 - Bac+4 - Bac+5 et plus,"['Gestion', 'Comptabilité', 'Finance', 'Recouvrement']",2026-05-05
https://www.emploi.ma/offre-emploi-maroc/charge-compte-bricoma-rabat-5260479,Chargé Clients en Compte - Casablanca,BRICOMA,Nous sommes à la recherche d'un Chargé Clients en Compte. Missions : Le Chargé clients en compte gère toutes les interactions entre Bricoma et les clients grands comptes ou les clients particuliers. Il s’agit d’un poste sensible ayant plusieurs enjeux : Gérer et fructifier le portefeuille des clients en compte et particuliers Fidéliser les plus grands clients de Bricoma Suivre rigoureusement les paiements pour éviter des dépassements de plafonds Gérer le recouvrement sans altérer la relation client Prospecter et acquérir de nouveaux clients.,"Commercial, vente","Distribution, vente, commerce de gros",CDI,Casablanca-Mohammedia,Casablanca,,Expérience entre 2 ans et 5 ans,Bac+2 - Bac+3,"['Recouvrement', ""Gestion d'Équipe""]",2026-04-10
https://www.emploi.ma/offre-emploi-maroc/ingenieure-etudes-genie-civil-chef-projets-barrage-rabat-9278628,Ingénieur(e) d’Études en Génie Civil - Chef de Projets - Barrage - Rabat,INNOV ENGINEERING CONSULTING,Nous sommes à la recherche d'un Ingénieur(e) d’Études en Génie Civil - Chef de Projets - Barrage. Missions: Réaliser des études de projets au sein d’une équipe pluridisciplinaire ; Réaliser des calculs propres au dimensionnement et à la justification du projet correspondant ; Participer aux réunions avec les clients et les parties prenantes,Métiers du BTP,"BTP, construction",CDI,Rabat-Salé-Kénitra,Rabat,Non,Expérience entre 5 ans et 10 ans - Expérience > 10 ans,Bac+5 et plus,['Dimensionnement'],2026-05-07
https://www.emploi.ma/offre-emploi-maroc/agent-accueil-interim-rabat-9347319,Agent d’Accueil- Intérim - Rabat,JOB CONNECT,"Nous recrutons pour un établissement d’enseignement supérieur basé à Technopolis un(e) Agent d’Accueil . Véritable premier point de contact, vous jouerez un rôle clé dans l’image, la qualité d’accueil et l’expérience des visiteurs au sein de l’établissement. Missions principales : Accueillir les étudiants, parents, enseignants et visiteurs avec professionnalisme et courtoisie Assurer la gestion des appels téléphoniques (réception, filtrage et transmission des messages) Orienter les visiteurs vers les services et interlocuteurs concernés Gérer le registre des visiteurs et le suivi des rendez-vous Réceptionner, trier et distribuer le courrier Apporter un support administratif simple aux équipes (classement, saisie, impression) Fournir des informations générales sur l’établissement (horaires, procédures, contacts…) Veiller à la bonne tenue et à la propreté de l’espace d’accueil Représenter l’image de l’établissement avec rigueur, discrétion et professionnalisme","Commercial, vente","Éducation, formation",Intérim,Rabat-Salé-Kénitra,Rabat,,Débutant < 2 ans - Expérience entre 2 ans et 5 ans,Bac+2 - Bac+3 - Bac+4 - Bac+5 et plus,"['Assistanat', 'Tourisme', 'Secrétariat', 'Restauration', 'Hôtellerie', 'Accueil', 'Gestion des Appels', 'Support', 'WORD', 'Vente']",2026-05-06
https://www.emploi.ma/offre-emploi-maroc/test-automation-engineer-mf-8251958,Test Automation Engineer (M/F),AFRICASHORE,"We are looking for Test Automation Engineer profiles / CVs to pass on to our clients for their future recruitment campaigns. Mission: Develop, maintain, and execute automation tests. Develop and maintain test automation architecture and frameworks. Write complex scripts in one or more programming languages. Ensure scalability of automation and Continuous Integration across the solution. Assist in analysis and piloting of best-in-class automation testing tools and propose commission and use to relevant stakeholders. Design and develop strategic automated tests while maintaining and enhancing frameworks and test tools. Reviews specifications to determine software engineering requirements and design solutions meets design input. Estimates for software modules under development. Integrating automated tests with CI/CD builds. Follow the internal software quality process during design and implementation phase. Provides support with the development software verification activities through the design and implementation of software module, class and method level tests. Create a respectful work environment where you advocate for your team, create accountability and recognize accomplishments. Provide timely feedback to encourage success, ensure accountability and connect opportunities for your associates development. Promote and build a diverse and cohesive team to accomplish objectives and align associates skills to fill gaps. Opportunities to work in projects involving latest technologies & trends.","Informatique, nouvelles technologies","Informatique, SSII, Internet",CDI - CDD - Freelance,Agadir - Béni Mellal-Khénifra - Casablanca-Mohammedia - Dakhla - Errachidia - Fès - Guelmim - Laâyoune - Marrakech-Safi - Meknès - Oujda - Rabat-Salé-Kénitra - Settat - Tanger-Tétouan-Al Hoceïma - International,/ Travail à Distance,,Expérience entre 5 ans et 10 ans,Bac+3,"['MYSQL', 'GITLAB', 'API', 'PYTHON', 'LINUX', 'CVS', 'GIT', 'SHELL', 'JENKINS', 'JAVASCRIPT', 'MATRIX', 'ORACLE', 'SQL']",2026-04-13
https://www.emploi.ma/offre-emploi-maroc/caissiere-casablanca-dar-bouazza-9280018,Caissière - Casablanca - Dar Bouazza,TECTRA AGENCE AIN SBAA,"Pour l’un de ses clients, dans le , TECTRA recherche une Caissière , à Casablanca Dar Bouazza. Missions Principales : Accueil et relation client : Accueillir, renseigner et fidéliser la clientèle. Enregistrement : Scanner les produits (lecteur optique) ou saisir les prix manuellement. Encaissement : Gérer les différents modes de paiement et la conformité des transactions. Gestion de caisse : Assurer l'ouverture, la fermeture, le comptage du fond de caisse et la vérification des écarts. Sécurité : Vérifier les moyens de paiement (détection de faux billets) et gérer les procédures de remboursement","Commercial, vente","Distribution, vente, commerce de gros",Intérim,Casablanca-Mohammedia,Casablanca - Dar Bouazza,,Expérience entre 2 ans et 5 ans - Expérience entre 5 ans et 10 ans - Expérience > 10 ans,Bac+2 - Bac+3 - Bac+4 - Bac+5 et plus,['Gestion Commerciale'],2026-03-25
https://www.emploi.ma/offre-emploi-maroc/stagiaire-gestion-catalogage-livres-casablanca-9351632,Stagiaire en Gestion et Catalogage de Livres - Casablanca,CALLIOPE,Nous sommes à la recherche d’un(e) Stagiaire en Gestion et Catalogage de Livres motivé(e) pour rejoindre notre équipe dynamique. Missions principales : Assurer le catalogage des produits (livres) Participer à l’organisation et au classement des ouvrages en rayon Mettre à jour les bases de données via Excel Contribuer à la bonne tenue et à l’attractivité de la librairie,"Commercial, vente","Éducation, formation",Stage,Casablanca-Mohammedia,Casablanca,,Débutant < 2 ans - Expérience entre 2 ans et 5 ans - Expérience entre 5 ans et 10 ans - Expérience > 10 ans,Bac+2 - Bac+3 - Bac+4 - Bac+5 et plus,['Vente'],2026-04-30
https://www.emploi.ma/offre-emploi-maroc/technicien-maintenance-industrielle-meknes-9338271,Technicien de Maintenance Industrielle - Meknès,SOMACOS,"On est à la recherche des Techniciens de Maintenance Industrielle à Meknès, expérimenté en maintenance industriel et multi techniques. Les missions : Effectuer l’entretien courant du parc machine et des infrastructures. réaliser les travaux de maintenance préventive en fonction du planning établi. effectuer les réglages machines (demande production ou qualité). intervenir immédiatement sur tout dysfonctionnement machine (dépannage). veiller à la bonne marche des équipements, détecter les anomalies afin de limiter les temps d’arrêt de production et prévenir de tout risque de casse, de panne ou d’accident. valider le fonctionnement de la machine et assurer la propreté du poste après chaque intervention. participer aux opérations de montage des installations neuves. remplir les demandes d’achats nécessaires pour le remplacement de pièces défectueuses. remplir les documents de maintenance (fiche intervention, surveillance machine, fiche préventif, gestion de stock, relevés, etc.).","Production, maintenance, qualité","Industrie, production, fabrication, autres",CDI - CDD,Agadir - Béni Mellal-Khénifra - Casablanca-Mohammedia - Dakhla - Errachidia - Fès - Guelmim - Laâyoune - Marrakech-Safi - Meknès - Oujda - Rabat-Salé-Kénitra - Settat - Tanger-Tétouan-Al Hoceïma - International,Meknès,,Expérience entre 2 ans et 5 ans - Expérience entre 5 ans et 10 ans - Expérience > 10 ans,Bac+1 - Bac+2 - Bac+3 - Bac+4 - Bac+5 et plus,"['Maintenance Préventive', 'Machines', 'Maintenance', 'Production', 'Qualité', 'Parc Machine', 'Maintenance Industrielle', 'Montage']",2026-04-30
https://www.emploi.ma/offre-emploi-maroc/gerant-restaurant-casablanca-9322473,Gérant de Restaurant - Casablanca,GROUPE MCE,"Dans le cadre de son développement, notre établissement recherche un(e) Gérant de Restaurant passionné(e) et expérimenté(e) pour assurer la gestion globale de son activité. Missions principales : Assurer la gestion opérationnelle quotidienne du restaurant Encadrer, former et motiver les équipes (salle et cuisine) Garantir la qualité du service et la satisfaction client Gérer les stocks, les approvisionnements et les relations fournisseurs Suivre les indicateurs de performance (CA, coûts, rentabilité) Veiller au respect des normes d’hygiène et de sécurité","Tourisme, hôtellerie, restauration","Hôtellerie, restauration",CDI,Casablanca-Mohammedia - Tanger-Tétouan-Al Hoceïma,Casablanca,,Expérience entre 2 ans et 5 ans - Expérience entre 5 ans et 10 ans - Expérience > 10 ans,Bac+3 - Bac+4 - Bac+5 et plus,"['Cuisine', 'Tourisme']",2026-04-21
https://www.emploi.ma/offre-emploi-maroc/chargee-marketing-senior-casablanca-9282625,Chargé(e) Marketing Senior - Casablanca,,"Dans le cadre du développement de nos activités, nous recherchons un(e) Chargé(e) Marketing Senior capable de piloter et structurer nos actions marketing avec une approche orientée résultats. Missions principales : Définir et déployer le plan marketing en cohérence avec la stratégie commerciale Piloter les campagnes marketing (digital et offline) Analyser les performances et proposer des actions d’optimisation Gérer la communication de la marque (contenus, supports, image) Assurer une veille marché et concurrentielle Collaborer étroitement avec les équipes commerciales pour soutenir le développement du chiffre d’affaires","Commercial, vente","Distribution, vente, commerce de gros",CDI,Casablanca-Mohammedia,Casablanca,Non,Expérience entre 5 ans et 10 ans - Expérience > 10 ans,Bac+5 et plus,"['Stratégie Marketing', 'Analyse de performance', 'Pilotage de campagnes', 'Stratégie Commerciale']",2026-03-27
https://www.emploi.ma/offre-emploi-maroc/assistante-administrative-appels-offres-casablanca-9345508,Assistante Administrative et Appels d’Offres - Casablanca,CRIT,"Nous sommes à la recherche d'une Assistante Administrative et Appels d’Offres. Vos missions : Assurer la gestion administrative quotidienne (courrier, classement, suivi des dossiers) Gérer les achats et assurer le suivi des fournisseurs Assurer la gestion de l’agenda et l’organisation des rendez-vous Suivre et mettre à jour les fichiers Excel Gérer la facturation et les bons de livraison (BL) Assurer l’accueil physique et téléphonique Gérer la caisse et les opérations courantes Participer à la gestion et au suivi des appels d’offres Gestion & Appels d’offres : Effectuer la veille des appels d’offres publics et privés Analyser les dossiers de consultation et identifier les pièces requises Préparer, constituer et déposer les dossiers d’appels d’offres Garantir la conformité des documents selon les exigences du cahier des charges Coordonner avec les différents services pour la collecte des informations Assurer le suivi des dossiers administratifs et fournisseurs Veiller au respect des délais et à la bonne organisation administrative","Secrétariat, assistanat","BTP, construction",Intérim,Casablanca-Mohammedia,Casablanca,Non,Expérience entre 2 ans et 5 ans - Expérience entre 5 ans et 10 ans,Bac+2 - Bac+3,"[""Appel d'Offres"", 'Facturation', 'Assistance Administrative', 'Secrétariat', 'Accueil Physique', 'Assistance', 'Suivi des Dossiers', 'Gestion Administrative', 'Administration', 'Assistanat', 'Dossiers Administratifs', 'Fichiers', 'WORD', 'Gestion des Appels', 'Dossiers']",2026-05-05
https://www.emploi.ma/offre-emploi-maroc/metreur-marrakech-9335393,Métreur - Marrakech,CRIT MARRAKECH,"Dans le cadre du développement de l’activité de notre client, nous recrutons un Métreur basé à Marrakech. Missions : Réaliser les métrés et les études de prix Analyser les dossiers d’appels d’offres Établir les devis et les estimations des coûts Suivre les travaux et ajuster les quantités si nécessaire Collaborer avec les équipes techniques et les fournisseurs",Métiers du BTP,"BTP, construction",CDI,Marrakech-Safi,Marrakech,Non,Expérience entre 5 ans et 10 ans - Expérience > 10 ans,Bac+2,[],2026-04-29
https://www.emploi.ma/offre-emploi-maroc/stagiaire-marketing-growth-hf-rabat-9282498,Stagiaire en Marketing and Growth (H/F) - Rabat,YCN DEV MAROC,"YCN DEV est un groupe entrepreneurial qui développe plusieurs projets innovants à l’intersection du marketing, de la tech et de la data. Notre approche repose sur un équilibre entre créativité forte et décisions guidées par la data . Nous construisons des marques qui ne se contentent pas d’exister, mais qui se positionnent comme des références sur leur marché avec un objectif de croissance durable. Nous sommes à la recherche d'un Stagiaire en Marketing and Growth (H/F). Missions En collaboration directe avec le responsable marketing, vous interviendrez sur l’ensemble de nos projets avec des missions variées et à fort impact : Content & Branding Création de contenus (LinkedIn, carrousels, visuels, concepts créatifs) Participation à la stratégie éditoriale et au positionnement des marques Développement de concepts différenciants (formats, storytelling, angles) Production de supports marketing (bannières, landing pages, emailings) Growth & Performance Suivi et analyse des KPI (engagement, acquisition, conversion) Optimisation des contenus et campagnes en fonction des performances Participation à la mise en place de campagnes marketing (emailing, acquisition) Veille concurrentielle et identification d’opportunités de croissance Stratégie & Projets Contribution à la réflexion marketing globale sur plusieurs produits Tests de nouvelles approches (formats, canaux, messages) Participation à des projets transverses liés au développement des marques","Marketing, communication","Marketing, communication, médias",Stage,Rabat-Salé-Kénitra,Rabat,Non,"Etudiant, jeune diplômé",Bac+5 et plus,"['Positionnement', 'Emailing', 'Supports Marketing', 'Stratégie Marketing', 'Branding', 'Marketing', 'Communication']",2026-03-27
https://www.emploi.ma/offre-emploi-maroc/ingenieur-etude-prix-developpement-kenitra-9335258,Ingénieur Étude de Prix et Développement - Kénitra,,"Ingénieur de formation Génie civil ou hydraulique, vous êtes passionné par la réalisation des études de budgétisation le développement des méthodes d’exécution et l'élaboration du dossier des Appels d'offre et d’exécution et vous voulez mettre en œuvre votre goût pour la communication, votre dynamisme et votre sens du service. L'entreprise Riegonor renforce son équipe et recrute un Ingénieur Étude de Prix et Développement sur Kénitra . Missions : Réaliser les études de marché (Biens, clients, la concurrence, l’environnement politique, économique et juridique, la conjoncture) Conquérir de nouveaux clients par de nouvelles stratégies marketing (publicités, participations aux salons, …) Valoriser le potentiel de l’entreprise (Qualification et classification,certification) Assurer la veille du marché Développer le panel Produits, Clients à l’échelle nationale et internationale Répondre aux consultations et aux sollicitations des clients publics et privés, soit en négoce ou en projet. Suivre et analyser de façon pertinente les résultats de chaque offre pour capitaliser. Assurer la mise en place des démarches nécessaires à la concrétisation de la transaction. Élaborer les tableaux de bords et indicateurs nécessaire au pilotage commercial et à la mesure de sa performance (PPC-CCF-Tableaux de suivis). Transférer les dossiers des transactions adjugées aux processus concernés (Travaux pour les projets, Achats logistique pour les ventes). Participer dans les processus réalisation et vente en terme d’étude d’exécution, de variantes techniques, variation des masses de travaux, d’étude d’agrément et de recollement. Participer à la réunion de clôture de tous les projets. Suivre la réclamation et en ressortir les indicateurs de la non qualité et de la satisfaction client Appliquer et Veiller à l’application des processus et procédures Ainsi, tout en collaborant avec l'équipe en place, vous gérez en toute autonomie l'intégralité du cycle de l'ingénierie d'affaires, de l'analyse des besoins à la livraison finale.",Métiers du BTP,"BTP, construction",CDI,Rabat-Salé-Kénitra,Kénitra,,Expérience entre 2 ans et 5 ans,Bac+5 et plus,"['étude', 'génie civil', 'budget', 'BTP', 'Aménagement Hydraulique', ""Appel d'Offres"", 'Analyse Budgétaire', 'Assainissement', 'Méthodes Industrielles', 'Dessin Hydraulique', 'Dessin de Bâtiment', 'ÉTUDE HYDRAULIQE', 'Aménagement', 'Hydraulique']",2026-05-07
https://www.emploi.ma/offre-emploi-maroc/assistante-maintenance-casablanca-9325282,Assistante Maintenance - Casablanca,BOTTU,"Bottu recrute une Assistante Maintenance , chargée du suivi, de la coordination et du bon déroulement des activités du département maintenance. Principales Attributions : Établir les demandes d’achats, les bons de commande et enregistrer les factures des fournisseurs sur l’outil SAGE X3. Participer aux consultations des fournisseurs et des sous-traitants. Contribuer au contrôle des réceptions de pièces de rechange. Assurer la gestion des travaux courants d’assistanat ainsi que la documentation concernant le département maintenance.","Production, maintenance, qualité",Industrie pharmaceutique,CDI,Casablanca-Mohammedia,Casablanca,,Expérience entre 2 ans et 5 ans - Expérience entre 5 ans et 10 ans - Expérience > 10 ans,Bac+2,"['Secrétariat', 'Production', 'Assistanat', 'Maintenance', 'Qualité', 'Documentation']",2026-04-22
https://www.emploi.ma/offre-emploi-maroc/credit-client-senior-bouskoura-9273820,Crédit Client Senior - Bouskoura,SEPALUMIC,"Dans le cadre du renforcement de notre département, nous recrutons un(e) Crédit Client Senior . Missions principales vos principales missions seront les suivantes : Définir et mettre en œuvre la politique de crédit client en lien avec le CFO ; Travailler en étroite collaboration avec les équipes commerciales et le département Financier afin d’évaluer la solvabilité des clients, Définir les plafonds de crédit et les conditions de paiement appropriées ; Collaborer activement avec les équipes commerciales pour sécuriser le chiffre d’affaires ; Assurer le suivi du vieillissement des comptes clients et initier les actions de recouvrement dans le respect des procédures internes et de la réglementation en vigueur ; Suivre les encours clients et analyser les risques de non-recouvrement ; Participer aux opérations de relance et de recouvrement ; Mettre en place et suivre des tableaux de bord ainsi que des indicateurs de performance ; Veiller à l’atteinte des objectifs de recouvrement et des indicateurs clés de performance (KPI) associés ; Assurer un reporting régulier auprès du département financier sur la situation des créances clients.","Gestion, comptabilité, finance","BTP, construction",CDI,Casablanca-Mohammedia,Bouskoura,,Expérience entre 2 ans et 5 ans - Expérience entre 5 ans et 10 ans - Expérience > 10 ans,Bac+3 - Bac+4 - Bac+5 et plus,"['Encours Clients', 'Gestion', 'Recouvrement', 'Comptabilité', 'Finance']",2026-03-20
https://www.emploi.ma/offre-emploi-maroc/gestionnaire-stock-meknes-9213393,Gestionnaire de Stock - Meknès,SOMACOS,"Nous sommes à la recherche des Gestionnaires de Stock pour assurer la gestion, le suivi et l’optimisation des stocks afin de garantir la disponibilité des produits tout en évitant les ruptures et les surstocks. Activités et responsabilités Gestion des stocks Réceptionner et contrôler les marchandises Enregistrer les entrées et sorties de stock Assurer le rangement et l’organisation de l’espace de stockage Réaliser les inventaires réguliers (tournants et annuels) Vérifier la conformité des livraisons Suivi et contrôle Mettre à jour les bases de données et logiciels de gestion de stock Surveiller les niveaux de stock et alerter en cas de seuil critique Identifier les écarts d’inventaire et proposer des actions correctives Suivre les dates de péremption (si produits concernés) Logistique Préparer les commandes internes ou clients Coordonner avec les services achats, production ou ventes Organiser les flux de marchandises (entrées/sorties) Comportementales Rigueur et organisation Sens du détail Réactivité Esprit d’équipe Capacité d’analyse","Production, maintenance, qualité","Industrie, production, fabrication, autres",CDI,Agadir - Béni Mellal-Khénifra - Casablanca-Mohammedia - Dakhla - Errachidia - Fès - Guelmim - Laâyoune - Marrakech-Safi - Meknès - Oujda - Rabat-Salé-Kénitra - Settat - Tanger-Tétouan-Al Hoceïma - International,Meknès,Non,Expérience entre 2 ans et 5 ans - Expérience entre 5 ans et 10 ans - Expérience > 10 ans,Bac+2 - Bac+3,"[""Gestion d'Équipe"", 'CACES', 'Maintenance', 'Production', 'Qualité']",2026-04-10
https://www.emploi.ma/offre-emploi-maroc/agent-accueil-reception-hf-casablanca-9015385,Agent D'Accueil / Réception (H/F) - Casablanca,,"Nous sommes à la recherche d'un(e) Agent d'Accueil / Réception (H/F). Missions : Rattaché au Responsable des moyens généraux , vos tâches sont les suivantes: Accueillir et orienter les visiteurs, les clients et les fournisseurs ; Contrôler l'accès au site en vérifiant l’identité des visiteurs ; Répondre au téléphone, informer et rediriger les personnes appelantes ; Tenir informer la direction générale sur les irrégularités constatées ; Gérer le petit matériel nécessaire au fonctionnement du bureau d'accueil ; Contribuer au suivi des prestataires de nettoyage et de sécurité ; Veiller à la présentation d’une image positive de l'entreprise.",Métiers des services,"Distribution, vente, commerce de gros",CDI,Casablanca-Mohammedia,Casablanca,,Débutant < 2 ans - Expérience entre 2 ans et 5 ans,Bac+2 - Bac+3,"['Formation', 'Réception', 'Accueil', 'Nettoyage', 'Sécurité', 'Secrétariat', 'Assistanat']",2026-03-20
https://www.emploi.ma/offre-emploi-maroc/gestionnaire-sinistres-assurance-automobile-rabat-9226030,Gestionnaire Sinistres – Assurance Automobile - Rabat,YEET ASSURANCES,"YEET Assurances, spécialiste français de l’assurance pour chauffeurs VTC et flottes professionnelles, recherche, dans le cadre de son fort développement, des Gestionnaires Francophones pour son service de gestion des sinistres automobiles, basé à Rabat. Vos missions : Ouvrir, suivre et mettre à jour les dossiers clients et sinistres via nos outils Vérifier la validité des garanties , la conformité des pièces et la complétude des dossiers. Échanger avec les assurés, experts, garages et compagnies partenaires, notamment par téléphone, Suivre les étapes clés : déclaration, expertise, règlement, recours et clôture . Assurer la traçabilité de chaque action dans notre outil de gestion. Contribuer à la qualité de service et à la satisfaction client.","Commercial, vente","Banque, assurance, finances",CDI,Rabat-Salé-Kénitra,Rabat,Non,Expérience entre 2 ans et 5 ans - Expérience entre 5 ans et 10 ans - Expérience > 10 ans,Bac+1 - Bac+2 - Bac+3 - Bac+4 - Bac+5 et plus,"['procédures de gestion des sinistres auto (déclaration', 'expertise', 'recours', 'Règlement', 'clôture)', 'Vente', 'CRM', 'Gestion', 'Comptabilité', 'Assurance']",2026-04-17
https://www.emploi.ma/offre-emploi-maroc/assistante-commerciale-mohammedia-9362043,Assistante Commerciale - Mohammedia,BATIFER,"Nous recherchons un Assistante Commerciale pour rejoindre notre équipe. Ce poste implique la gestion administrative des activités commerciales, le support aux équipes de vente et la coordination avec les clients, dans un environnement dynamique et professionnel. Missions : Assister l'équipe commerciale dans la gestion quotidienne des dossiers clients. Préparer et suivre les devis, commandes et factures. Coordonner la communication entre les clients et les équipes internes. Participer à l'organisation des événements commerciaux et des réunions. Contribuer à l'optimisation des processus administratifs liés à la vente.","Commercial, vente","Industrie, production, fabrication, autres",CDI,Casablanca-Mohammedia,Mohammedia,,Expérience entre 2 ans et 5 ans - Expérience entre 5 ans et 10 ans - Expérience > 10 ans,Bac+3 - Bac+4 - Bac+5 et plus,"['CRM', 'Devis', 'Vente', 'Négociation']",2026-05-07
https://www.emploi.ma/offre-emploi-maroc/technicien-maintenance-temara-9299029,Technicien de Maintenance - Temara,TECTRA RABAT - KENITRA,Nous sommes à la recherche des Techniciens de Maintenance. Missions : Assurer la maintenance préventive et corrective des équipements Diagnostiquer les pannes et proposer des solutions adaptées Intervenir sur les engins et installations de chantier Veiller au respect des normes de sécurité Renseigner les fiches d’intervention et assurer le suivi,"Production, maintenance, qualité","BTP, construction",Intérim,Rabat-Salé-Kénitra,Rabat,,Expérience entre 2 ans et 5 ans - Expérience entre 5 ans et 10 ans - Expérience > 10 ans,Bac+2 - Bac+3 - Bac+4 - Bac+5 et plus,"['Production', 'Maintenance', 'Qualité', 'Hydraulique', 'Maintenance Préventive']",2026-04-16
https://www.emploi.ma/offre-emploi-maroc/agent-controle-logistique-experimente-casablanca-9337796,Agent Contrôle et Logistique Expérimenté - Casablanca,GENERAL PRIVATE INTERIM,"Nous sommes à la recherche d'un Agent Contrôle et Logistique Expérimenté. Missions : Assurer le contrôle et l'audit des opérations logistiques sur le terrain Coordonner avec les agences régionales et assurer le suivi des performances Identifier, analyser et régler les problématiques opérationnelles rencontrées Veiller à l'application rigoureuse des procédures internes Effectuer des déplacements nationaux réguliers (mobilité Maroc entier)","Transport, logistique","Transports, logistique, services postaux",CDI,Casablanca-Mohammedia,Casablanca,Non,Expérience entre 2 ans et 5 ans - Expérience entre 5 ans et 10 ans - Expérience > 10 ans,Bac - Bac+1 - Bac+2 - Bac+3 - Bac+4 - Bac+5 et plus,"['controle', 'Audit', 'Opérations Logistiques', 'Transport']",2026-04-30
https://www.emploi.ma/offre-emploi-maroc/chef-rang-agadir-regions-9325090,Chef de Rang - Agadir et Régions,TECTRA,"Nous sommes à la recherche d'un Chef de Rang. Le chef de rang est responsable de la gestion d’un rang au sein du restaurant et veille au bon déroulement du service. Il/elle accueille les clients, les conseille sur le choix des plats et des boissons, prend les commandes et assure un service de qualité en coordination avec la cuisine. Ses principales missions sont : Assurer la mise en place de la salle avant le service Accueillir et installer les clients avec courtoisie Présenter le menu et conseiller la clientèle Prendre les commandes et assurer leur transmission en cuisine Servir les plats et boissons dans le respect des standards Veiller à la satisfaction des clients tout au long du repas Encadrer et coordonner les commis de salle Gérer les encaissements si nécessaire Maintenir la propreté et l’organisation de son rang","Tourisme, hôtellerie, restauration","Hôtellerie, restauration",Intérim,Agadir,Agadir Et Régions,,Expérience entre 2 ans et 5 ans - Expérience entre 5 ans et 10 ans - Expérience > 10 ans,Bac+2 - Bac+3 - Bac+4 - Bac+5 et plus,"['Hôtellerie', 'Accueil', 'Cuisine', 'Restauration']",2026-04-22
https://www.emploi.ma/offre-emploi-maroc/charge-facturation-8191789,Chargé de Facturation,TECTRA,"Pour l'un de ces clients opérant dans le secteur Agroalimentaire, TECTRA recrute d'un Chargé de Facturation poste basè à Casablanca (Ain Sebaa). Missions principales : Élaborer, mettre en place et suivre le plan budgétaire et comptable de son établissement ; Exploiter les tableaux de bord spécifiques à son domaine d’activité ; Analyser les tableaux de bord et dresser le bilan ; Organiser et mettre en ouvre le cadre budgétaire et comptable de l’établissement ; Assurer le suivi de la facturation ; Superviser et contrôler les inventaires ; Améliorer la comptabilité analytique de l’établissement.","Gestion, comptabilité, finance",Agroalimentaire,Intérim,Casablanca-Mohammedia,Casablanca,,Expérience entre 2 ans et 5 ans,Bac+3,"['Comptabilité Analytique', 'Facturation', 'Gestion', 'Finance', 'Comptabilité', 'Comptabilité Analytique']",2026-04-14
https://www.emploi.ma/offre-emploi-maroc/responsable-approvisionnement-casablanca-9300573,Responsable Approvisionnement - Casablanca,COLORADO,"Nous recrutons un Responsable Approvisionnement pour le compte de notre société rattaché à notre direction pôle industriel. Missions principales : Élaborer et mettre en œuvre la stratégie d’approvisionnement Planifier et assurer la disponibilité des matières premières, produits et consommables Optimiser les niveaux de stock et réduire les coûts d’approvisionnement",Achats,"Industrie, production, fabrication, autres",CDI,Casablanca-Mohammedia,Casablanca,,Expérience entre 2 ans et 5 ans - Expérience entre 5 ans et 10 ans - Expérience > 10 ans,Bac+3 - Bac+4 - Bac+5 et plus,"['Achats', 'Management', 'Stratégie', 'Gestion des Stocks', 'Livraison', 'Gestion', 'Négociation', 'Achats']",2026-04-09
https://www.emploi.ma/offre-emploi-maroc/technicien-qualite-hygiene-agroalimentaire-nouaceur-9291074,Technicien Qualité et Hygiène (Agroalimentaire) - Nouaceur,TECTRA CASA TERTIAIRE – RECRUTEMENT,"Pour l’un de ses clients, dans l'hôtellerie et restauration, TECTRA recherche un(e) Technicien Qualité et Hygiène , à Nouaceur. Missions Principales : Contrôler la qualité des matières premières et des produits finis Veiller au respect des normes d’hygiène et de sécurité Participer au suivi et à l’amélioration des processus qualité Rédiger les rapports de contrôle et assurer le suivi des non-conformités","Production, maintenance, qualité","Hôtellerie, restauration",Intérim,Casablanca-Mohammedia,Nouaceur,,Débutant < 2 ans - Expérience entre 2 ans et 5 ans - Expérience entre 5 ans et 10 ans - Expérience > 10 ans,Bac+2 - Bac+3 - Bac+4 - Bac+5 et plus,"['Agroalimentaire', 'Qualité', 'Hygiène', 'Production', 'Maintenance', 'Qualité Agroalimentaire', 'Processus']",2026-04-03
https://www.emploi.ma/offre-emploi-maroc/responsable-exploitation-filiale-rephal-larache-9315500,Responsable Exploitation - Filiale Rephal - Larache,BOTTU,"Nous sommes à la recherche d'un Responsable Exploitation pour notre filiale Rephal. Attributions : Gérer les stocks de produits pharmaceutiques, y compris la réception, le stockage et la distribution des produits ; Passer des commandes auprès des laboratoires, gérer les approvisionnements et assurer la disponibilité des produits ; S’assurer que les produits pharmaceutiques sont stockés, manipulés et distribués conformément aux normes de qualité, de sécurité, aux exigences réglementaires et aux bonnes pratiques de distribution ; Coordonner les livraisons aux officines, aux hôpitaux et aux autres établissements de santé ; Développer et maintenir des relations avec les laboratoires ; Gérer les ressources humaines, matérielles, financières et le volet administratif de la grossisterie en s’assurant de la conformité de la grossisterie aux réglementations et aux normes en vigueur dans l'industrie pharmaceutique ; Gérer les litiges ou les problèmes liés aux commandes ou aux livraisons ; Identifier des opportunités d'amélioration et mettre en œuvre des mesures pour optimiser les processus et les opérations ; Assurer le suivi des indicateurs de performance et élaborer les états et reporting demandés par la maison mère. Qualités recherchées : Vous faites preuve de rigueur, de leadership et de capacités de management d'équipe, ainsi que d'une aptitude à piloter le changement avec efficacité.","Management, direction générale",Industrie pharmaceutique,CDI,Tanger-Tétouan-Al Hoceïma,Larache,,Expérience entre 5 ans et 10 ans - Expérience > 10 ans,Bac+5 et plus,"['Gestion', 'Management', 'Leadership', 'Gestion']",2026-04-08
https://www.emploi.ma/offre-emploi-maroc/comptable-senior-anglophone-hf-casablanca-9279924,Comptable Senior Anglophone (H/F) - Casablanca,TECTRA CASA TERTIAIRE – RECRUTEMENT,"Pour l’un de ses clients, dans le secteur Agroalimentaire , TECTRA recherche un(e) Comptable Senior Anglophone , à Casablanca. Missions Principales : Gérer la comptabilité générale et analytique Préparer les états financiers et les reportings Assurer le suivi des opérations bancaires et des rapprochements Participer à la clôture mensuelle et annuelle Collaborer avec les auditeurs internes et externes Veiller au respect des obligations fiscales et légales","Gestion, comptabilité, finance",Agroalimentaire,Intérim,Casablanca-Mohammedia,Casablanca,,Expérience entre 5 ans et 10 ans - Expérience > 10 ans,Bac+2 - Bac+3 - Bac+4 - Bac+5 et plus,"['Opérations Bancaires', 'Gestion', 'Finance', 'Comptabilité', 'États Financiers', 'Comptabilité Générale']",2026-03-25
https://www.emploi.ma/offre-emploi-maroc/assistant-charge-achat-meknes-9324912,Assistant / Chargé d'Achat - Meknès,SOMACOS,"Nous recrutons un Assistant / Chargé d'Achat. N/B : Il faut que le candidat réside à Meknès. Les missions : Identifier et prospecter de nouveaux fournisseurs Lancer des appels d’offres et comparer les propositions Évaluer les fournisseurs (prix, qualité, délais, fiabilité) Négociation et contractualisation Gestion des commandes et suivi","Production, maintenance, qualité","Industrie, production, fabrication, autres",CDI,Agadir - Béni Mellal-Khénifra - Casablanca-Mohammedia - Dakhla - Errachidia - Fès - Guelmim - Laâyoune - Marrakech-Safi - Meknès - Oujda - Rabat-Salé-Kénitra - Settat - Tanger-Tétouan-Al Hoceïma - International,Meknès,Non,Expérience entre 2 ans et 5 ans - Expérience entre 5 ans et 10 ans - Expérience > 10 ans,Bac+2 - Bac+3,"['achat industriel', 'Qualité', 'Maintenance']",2026-04-22
https://www.emploi.ma/offre-emploi-maroc/operatriceeur-nouaceur-9293809,Opératrice(eur) - Nouaceur,TECTRA BERRECHID,"L’Humain est au cœur de notre métier ! TECTRA est aujourd’hui leader du conseil en Ressources Humaines au Maroc.Avec plus de 1 000 clients actifs multisectoriels et un réseau de 27 agences à travers le Royaume, TECTRA accompagne les candidats dans leur recherche d’emploi et les entreprises dans leurs besoins en recrutement. Dans le cadre du développement de l’un de ses clients opérant dans la fabrication et la vente d'accessoires pour les réseaux ou matériels tant de télécommunication. TECTRA recrute des Opératrices(eurs) basée à Nouaceur. Missions principales : Assurer les opérations de production sur chaîne ou machine Contrôler la qualité des produits fabriqués Respecter les consignes de sécurité et les procédures internes Effectuer l’emballage et l’étiquetage des produits Maintenir son poste de travail propre et organisé","Production, maintenance, qualité","Industrie, production, fabrication, autres",Intérim,Casablanca-Mohammedia,Nouaceur,,Débutant < 2 ans - Expérience entre 2 ans et 5 ans - Expérience entre 5 ans et 10 ans - Expérience > 10 ans,Bac+2 - Bac+3 - Bac+4 - Bac+5 et plus,"['Emballage', 'Production', 'Maintenance', 'Qualité', 'Étiquetage']",2026-04-07
https://www.emploi.ma/offre-emploi-maroc/ingenieur-genie-civil-chef-projet-agadir-9339349,Ingénieur Génie Civil Chef de Projet - Agadir,DEKRA SERVICES,"Nous recrutons pour le compte d’une société opérant dans le secteur de la promotion immobilière à Agadir, un Ingénieur TCE Chef de Projet. Vous serez en charge de la gestion, la coordination et le pilotage des projets de construction, le chiffrage et la gestion administrative des projets, la gestion des équipes dans les chantiers, la proposition de solutions techniques correctives en lien avec le référent technique.",Métiers du BTP,"BTP, construction",CDI,Agadir,Agadir,,Expérience entre 5 ans et 10 ans - Expérience > 10 ans,Bac+5 et plus,"['Chiffrage', 'Construction', 'Promotion Immobilière', 'Chiffrage']",2026-05-01
https://www.emploi.ma/offre-emploi-maroc/human-resources-officer-nador-9281493,Human Resources Officer - Nador,TECTRA CASA TERTIAIRE – RECRUTEMENT,"Pour l’un de ses clients, dans le secteur de la fabrication de pneus, TECTRA recherche un(e) Human Resources Officer , à NADOR. Missions Principales : Gérer l’administration RH (contrats, onboarding, offboarding, dossiers du personnel, etc.) Assurer la gestion et la fiabilité des données RH (HRIS, mise à jour des informations) Préparer les éléments variables de paie en coordination avec les équipes concernées Assurer l’interface avec les organismes externes (CNSS, assurances, autorités…) Organiser et coordonner l’intégration des nouveaux collaborateurs Suivre les congés, absences et garantir la conformité réglementaire Rédiger les documents RH (attestations, certificats, courriers administratifs) Participer au processus de recrutement (tri de CV, planification des entretiens…)","RH, formation","Industrie, production, fabrication, autres",Intérim,Oujda,Nador,,Expérience entre 2 ans et 5 ans - Expérience entre 5 ans et 10 ans - Expérience > 10 ans,Bac+2 - Bac+3 - Bac+4 - Bac+5 et plus,"['Administration RH', 'Formation', 'Processus de Recrutement', 'Recrutement']",2026-03-26
https://www.emploi.ma/offre-emploi-maroc/consultant-sap-fi-cops-hf-8338270,Consultant SAP FI-CO/PS (H/F),AFRICASHORE,"Nous recherchons un Consultant SAP FI-CO/PS (H/F) pour notre client, une société multinationale dans le domaine des services informatiques. Mission : Concevoir, mettre en œuvre, déployer et soutenir les solutions financières SAP pour la finance, la comptabilité, le contrôle des coûts et le contrôle de gestion. Maintenir les compétences dans la conception et la configuration des processus des applications SAP ; la conception, le développement, l'intégration, les tests et le déploiement des applications SAP ; et l'architecture technique des applications SAP. Comprendre les exigences de l'entreprise afin de conclure l'impression, les essais et le soutien pour le grand livre général, les comptes clients, les comptes fournisseurs, le contrôle de gestion et la gestion des fonds partiels. Identifier, évaluer et résoudre des problèmes commerciaux complexes dans son domaine de responsabilité, lorsque l'analyse de situations ou de données nécessite une évaluation approfondie de facteurs variables. Participer à l’évolution des systèmes d’information du client et intervenir sur les différentes étapes de la mise en œuvre d’applications informatiques. Analyser des besoins utilisateurs, architecture technique, réalisation et la mise en production. Configuration, paramétrage fonctionnel. Participation au déploiement des solutions jusqu’au suivi des évolutions fonctionnelles du client en part time. Pilotage de projet et à la gestion d’équipes. Connaissance du fonctionnement du support.","Informatique, nouvelles technologies","Informatique, SSII, Internet",CDI - Freelance,Agadir - Béni Mellal-Khénifra - Casablanca-Mohammedia - Dakhla - Errachidia - Fès - Guelmim - Laâyoune - Marrakech-Safi - Meknès - Oujda - Rabat-Salé-Kénitra - Settat - Tanger-Tétouan-Al Hoceïma - International,/ Travail En Remote,,Expérience entre 2 ans et 5 ans,Bac+3,['SAP'],2026-04-13
https://www.emploi.ma/offre-emploi-maroc/conseillere-pedagogique-marrakech-9336789,Conseiller(e) Pédagogique - Marrakech,CALLIOPE,"Vous êtes enseignant(e) et souhaitez valoriser votre expertise dans un nouveau cadre stimulant ? Rejoignez-nous pour accompagner les établissements scolaires dans le choix de ressources pédagogiques innovantes et adaptées à leurs besoins. Nous sommes à la recherche d'un(e) Conseiller(e) Pédagogique. Vos missions : Démarcher les établissements scolaires et présenter notre offre de manuels et supports pédagogiques. Proposer des solutions éducatives alignées sur les programmes officiels et les besoins spécifiques des équipes enseignantes. Développer une relation de confiance par un suivi régulier, des actions de fidélisation, et l’organisation d’ateliers ou événements pédagogiques.","Commercial, vente","Éducation, formation",CDI,Marrakech-Safi,Marrakech,,Expérience entre 2 ans et 5 ans - Expérience entre 5 ans et 10 ans - Expérience > 10 ans,Bac+3 - Bac+4 - Bac+5 et plus,"['Vente', 'Vente']",2026-04-29
https://www.emploi.ma/offre-emploi-maroc/responsable-e-marketing-animation-equipe-assistant-tameslohte-9336627,"Responsable E marketing , Animation d'une Equipe d'Assistant - Tameslohte",TRIBAL ART MOROCCO,"Nous sommes à la recherche d'un Responsable E marketing , Animation d'une Équipe d'Assistant. Vos missions Dans un contexte de développement d’un e-commerce positionné sur des produits d’ameublement et de décoration à forte valeur, vous aurez un rôle stratégique et opérationnel de nos 4 sites internet et préparer le lancement d'un 5ème Définir et piloter la stratégie e-marketing globale (acquisition, conversion, fidélisation) Gérer et optimiser les campagnes publicitaires (notamment Google Ads) avec un objectif de rentabilité (ROI) Superviser le référencement naturel (SEO) et améliorer la visibilité organique du site Initier et structurer une stratégie d’indexation et de visibilité (type IA / moteurs intelligents / nouveaux modes de recherche ) Analyser les performances (trafic, conversion, panier moyen) et proposer des axes d’amélioration Piloter l’évolution du site e-commerce (UX, parcours client, contenus) Manager et animer une équipe existante de 3 personnes , dont un webmaster Coordonner les actions avec les prestataires externes si nécessaire Ce que nous offrons Poste clé avec forte autonomie et impact direct sur la croissance Environnement entrepreneurial et produits à forte valeur ajoutée Équipe déjà en place à structurer et faire monter en puissance Rémunération attractive selon profil + perspectives d’évolution","Marketing, communication","Ameublement, décoration",CDI,Marrakech-Safi,Tameslohte,Non,Expérience entre 2 ans et 5 ans - Expérience entre 5 ans et 10 ans - Expérience > 10 ans,Bac+3 - Bac+4 - Bac+5 et plus,"['E-Marketing', 'SEO', 'Communication', 'Marketing Digital', 'UX', 'Marketing', 'Référencement Naturel']",2026-05-07
https://www.emploi.ma/offre-emploi-maroc/assistante-logistique-import-casablanca-9286887,Assistante Logistique Import - Casablanca,,"Nous recrutons une Assistante Logistique Import pour renforcer notre équipe et assurer la gestion efficace de nos opérations d’importation. Rattaché(e) à la responsable import, vous aurez pour mission de garantir le bon déroulement des opérations d’import, depuis la constitution des dossiers jusqu’à la réception des marchandises, tout en veillant à la conformité réglementaire et à l’optimisation des coûts. Vos principales missions : Gérer les dossiers d’import (titres d’importation, licences, lettres de crédit, factures, etc.) Assurer la coordination avec les banques (SWIFT, opérations financières) Suivre les transitaires et optimiser les coûts et délais de transport Vérifier la conformité des documents d’expédition Préparer et suivre les opérations de dédouanement Coordonner l’acheminement des marchandises jusqu’à leur réception Calculer et analyser les prix de revient Assurer le suivi des paiements (droits de douane, prestataires…) Gérer les litiges avec les fournisseurs, transitaires ou administrations Assurer un reporting régulier à la hiérarchie Veiller au respect des procédures qualité et réglementaires",Achats,"Industrie, production, fabrication, autres",CDI - CDD,Casablanca-Mohammedia,Casablanca,Non,Expérience entre 2 ans et 5 ans,Bac+2 - Bac+3 - Bac+4,"['Douane', 'Achats', 'Supply Chain', 'Import', 'Transport', 'Dédouanement', 'Supply']",2026-04-01
https://www.emploi.ma/offre-emploi-maroc/metreur-batiment-senior-rabat-9349602,Métreur Bâtiment (senior) - Rabat,JOB CONNECT,"Nous recrutons pour notre client à Rabat un Métreur Bâtiment (senior) , Missions principales : Analyser les dossiers techniques (plans, cahiers des charges) Réaliser les métrés et quantitatifs Estimer les coûts des projets Élaborer les devis et études de prix Participer à la préparation des appels d’offres Assurer le suivi budgétaire",Métiers du BTP,"BTP, construction",CDI,Rabat-Salé-Kénitra,Rabat,,Expérience entre 5 ans et 10 ans - Expérience > 10 ans,Bac+3 - Bac+4 - Bac+5 et plus,[],2026-05-07
https://www.emploi.ma/offre-emploi-maroc/charge-portefeuille-casablanca-9282616,Chargé de Portefeuille - Casablanca,FONDATION ARRAWAJ,"Nous sommes à la recherche des Chargés de Portefeuille. Missions : En tant que « Chargé de Portefeuille », vous aurez pour principales missions : Gérer et développer le portefeuille client Faire des prospections de nouveaux clients Mettre en avant nos produits et nos services auprès des clients potentiels Accompagner et conseiller les clients Fidéliser les clients Veiller à garder un contact régulier avec les clients Gérer et suivre les dossiers en cours Faire du recouvrement terrain.","Commercial, vente","Banque, assurance, finances",CDI,Casablanca-Mohammedia,Casablanca,,Débutant < 2 ans - Expérience entre 2 ans et 5 ans - Expérience entre 5 ans et 10 ans - Expérience > 10 ans,Bac+3 - Bac+4 - Bac+5 et plus,"['Finance', 'Gestion', 'Vente', 'Recouvrement', 'Comptabilité', 'Marketing', 'Communication']",2026-03-27
https://www.emploi.ma/offre-emploi-maroc/devops-engineer-mf-8251941,DevOps Engineer (M/F),AFRICASHORE,"We are looking for DevOps Engineer profiles / CVs to pass on to our clients for their future recruitment campaigns. Mission: Ensure effective Design, Development, Validation and Support activities. Defining and setting development, test, release, deploy/implementation for DevOps operation. To play a key role in the overall estimation of work requirements. Be a key contributor to building efficient programs/ systems. Application Development and Maintenance. Knowledge of design principles and fundamentals of architecture. Knowledge of quality processes and estimation techniques. Basic understanding of project domain. Ability to translate functional / nonfunctional requirements to systems requirements. Ability to design and code complex programs. Ability to write test cases and scenarios based on the specifications. Good understanding of SDLC and agile methodologies. Selecting and deploying appropriate CI/CD tools. Awareness of latest technologies and trends. Self-Review & effectively identify bugs, find the root cause and fix with minimal effort and in less time. Logical thinking and problem solving skills along with an ability to collaborate.","Informatique, nouvelles technologies","Informatique, SSII, Internet",CDI - CDD - Freelance,Agadir - Béni Mellal-Khénifra - Casablanca-Mohammedia - Dakhla - Errachidia - Fès - Guelmim - Laâyoune - Marrakech-Safi - Meknès - Oujda - Rabat-Salé-Kénitra - Settat - Tanger-Tétouan-Al Hoceïma - International,/ Travail à Distance,,Expérience entre 5 ans et 10 ans,Bac+3,"['GITLAB', 'ARTIFACTORY', 'AZURE', 'WEBLOGIC', 'DOCKER', 'PYTHON', 'GROOVY', 'POSTGIS', 'LINUX', 'ECLIPSE', 'JAVA', 'CVS', 'GIT', 'AGILE', 'SHELL', 'SONARQUBE', 'JENKINS', 'JBOSS', 'POSTGRESQL', 'JAVASCRIPT', 'ORACLE', 'DYNATRACE', 'SCRUM', 'JIRA', 'APACHE', 'LESS']",2026-04-13
https://www.emploi.ma/offre-emploi-maroc/responsable-process-engineering-mohammedia-9335038,Responsable Process Engineering - Mohammedia,BRIQUETERIE JBEL ANNOUR,"Nous recrutons un(e) Responsable Process Engineering pour piloter l’optimisation des procédés industriels au sein de la briqueterie rouge. Véritable acteur clé de la performance industrielle, il/elle contribue à améliorer la productivité, la qualité des produits et l’efficacité des installations, tout en réduisant les coûts et les pertes.",Métiers du BTP,"BTP, construction",CDI,Casablanca-Mohammedia,Mohammedia,Non,Expérience > 10 ans,Bac+5 et plus,[],2026-04-28
https://www.emploi.ma/offre-emploi-maroc/assistante-achat-casablanca-elbernoussi-9326848,Assistante Achat - Casablanca- Elbernoussi,TECTRA AGENCE AIN SBAA,"Pour l’un de ses clients, dans le secteur de l'environnement et de recyclage, TECTRA recherche une Assistante Achat , à Casablanca. Missions Principales : Saisir des commandes, contrats, expéditions sur SAGE Renseigner le registre du suivi des dossiers import Renseigner le suivi du magasinage et des surestaries Classements des dossiers Assister les équipes d’acheteurs ; Rédiger des comptes-rendus détaillés des réunions ; Élaborer les cahiers des charges et les appels d’offres sous la supervision de son supérieur hiérarchique/responsable ; Gérer les éventuels litiges et les relations avec les fournisseurs ; Établir la base de données des fournisseurs et en assurer la mise à jour constante ; Suivre les procédures administratives et logistiques des achats ; Élaborer les tableaux de bord et les documents nécessaires à la bonne gestion des achats.",Achats,"Environnement, recyclage",Intérim,Casablanca-Mohammedia,Casablanca- Elbernoussi,,Expérience entre 2 ans et 5 ans - Expérience entre 5 ans et 10 ans,Bac+2 - Bac+3 - Bac+4 - Bac+5 et plus,"['Vente', 'Import', 'SAGE', 'Magasinage', 'Transport', 'Achats', 'Gestion des Achats', 'Dossiers Import']",2026-04-23
https://www.emploi.ma/offre-emploi-maroc/datastage-architect-mf-8251971,DATASTAGE Architect (M/F),AFRICASHORE,"We are looking for DATASTAGE Architect profiles / CVs to share with our clients for their future recruitment campaigns. Mission: Define and supervise all activities within your scope by using and optimising the resources allocated. Control the implementation of the activities under your responsibility and report on the results. Responsible for the level of service quality, compliance with standards and the level of safety within the assigned perimeter. Supervise and monitor of assigned projects (monitoring of workloads, definition of deadlines and delivery milestones, identification of deliverables and work to be carried out, task planning, monitoring of work, management of corrective measures, monitoring of teams, etc.). Coordination with cross-functional teams (architects, project managers, DOT team, business units). Day-to-day management of internal or external resources. Reporting on the activity (quantitatively and qualitatively) to the Project Manager and proposing corrective actions. Documentary work inherent to the projects monitored (specifications, selection files, architecture files, etc.). Will be involved in product installation/ configurations, trouble shooting (performance, 3rd party integrations, security), deliver class room training etc.","Informatique, nouvelles technologies","Informatique, SSII, Internet",CDI - CDD - Freelance,Agadir - Béni Mellal-Khénifra - Casablanca-Mohammedia - Dakhla - Errachidia - Fès - Guelmim - Laâyoune - Marrakech-Safi - Meknès - Oujda - Rabat-Salé-Kénitra - Settat - Tanger-Tétouan-Al Hoceïma - International,/ Travail En Remote,,Expérience entre 5 ans et 10 ans,Bac+3,"['J2EE', 'MONGODB', 'JAVA', 'CVS', 'SQL', 'INFORMATICA', 'DATASTAGE', 'AZURE', 'TALEND', 'ORACLE']",2026-04-13
https://www.emploi.ma/offre-emploi-maroc/agent-facturation-casablanca-9301460,Agent Facturation - Casablanca,TECTRA RECRUTEMENT MAROC,Nous sommes à la recherche d'une Agente Facturation pour notre client basé à Casablanca.,"RH, formation",Secrétariat,Intérim,Casablanca-Mohammedia,Casablanca,,Débutant < 2 ans - Expérience entre 2 ans et 5 ans,Bac - Bac+1 - Bac+2,['Formation'],2026-04-10
https://www.emploi.ma/offre-emploi-maroc/agent-maintenance-mohammedia-9275729,Agent Maintenance - Mohammedia,TECTRA,"TECTRA recrute pour le compte de l'un de ses clients, des Agents Maintenance avec une première expérience dans le domaine.","Production, maintenance, qualité","Chimie, pétrochimie, matières premières, mines",Intérim,Casablanca-Mohammedia,Mohammedia,Non,Débutant < 2 ans - Expérience entre 2 ans et 5 ans,Bac+2,"['Maintenance Électromécanique', 'Maintenance Électromécanique', 'Qualité', 'Production', 'Maintenance', 'Électromécanique']",2026-03-21
https://www.emploi.ma/offre-emploi-maroc/cloud-microservices-architect-mf-8251966,Cloud Microservices Architect (M/F),AFRICASHORE,"We are looking for Cloud Microservices Architect profiles / CVs to share with our clients for their future recruitment campaigns. Mission: Design, build, and maintain Cloud environments focusing on uptime, access, control, and Network security using automation and configuration management tools. Guide the definition of best practices in collaboration with other areas of engineering group. Research and provide guidance on adoption of new technologies. Provide guidance to Product Managers on feasibility pf product requests. You will be creating, recreating, rewriting and refactor applications. You will be working on Cloud-based application development. Ensure all architecture work aligns with the strategic direction of the business. Provide architecture support throughout the lifecycle of projects. Contribute to core software releases by following agile development process. Promote the adoption of engineering best practices, such as SOLID principles/Test Driven Development.","Informatique, nouvelles technologies","Informatique, SSII, Internet",CDI - CDD - Freelance,Agadir - Béni Mellal-Khénifra - Casablanca-Mohammedia - Dakhla - Errachidia - Fès - Guelmim - Laâyoune - Marrakech-Safi - Meknès - Oujda - Rabat-Salé-Kénitra - Settat - Tanger-Tétouan-Al Hoceïma - International,/ Travail En Remote,,Expérience entre 5 ans et 10 ans,Bac+3,"['CVS', 'AGILE', 'AZURE', 'DOCKER', 'ACCESS']",2026-04-13
https://www.emploi.ma/offre-emploi-maroc/agent-facturation-casablanca-region-8776414,Agent de Facturation - Casablanca et Région,TECTRA,"Tectra recherche pour son client basé à Casablanca, un Agent de Facturation. Principales missions : Accueil téléphonique, classement et gestion documentaire ; Saisie des factures; Établissement des bons de commandes fournisseurs ; Suivi des relances clients ; Assurer le suivi de la facturation, établir les factures et les bons de livraison, Impression et organisation des envois des factures aux clients ; Établir les états de suivi de la facturation, assurer l’archivage et le classement des dossiers de facturation.","Gestion, comptabilité, finance","BTP, construction",Intérim,Casablanca-Mohammedia,Casablanca Et Région,,Expérience entre 2 ans et 5 ans - Expérience entre 5 ans et 10 ans - Expérience > 10 ans,Bac+3 - Bac+4 - Bac+5 et plus,"['Gestion', 'Finance', 'Comptabilité', 'Facturation']",2026-04-14
https://www.emploi.ma/offre-emploi-maroc/senior-software-engineer-java-springboot-oujda-9053192,Senior Software Engineer (JAVA-SPRINGBOOT) - Oujda,AFRICAWORK,"We are recruiting on behalf of our Client for an experienced Senior Software Engineer (JAVA-SPRINGBOOT) to join a company based in Oujda , specialized in providing products and services for businesses and individuals. Responsibilities: Development: Write clean, efficient, and maintainable code; implement complex features. Code Review: Review code from peers and provide constructive feedback. Testing & Quality Assurance: Ensure proper unit testing","Informatique, nouvelles technologies","Centres d´appel, hotline, call center",CDI,Casablanca-Mohammedia - Oujda,Oujda,Oui,Expérience entre 2 ans et 5 ans - Expérience entre 5 ans et 10 ans - Expérience > 10 ans,Bac+5 et plus,['JAVA'],2026-03-26
https://www.emploi.ma/offre-emploi-maroc/charge-comptes-anglophone-casablanca-9334525,Chargé de Comptes (Anglophone) - Casablanca,TECTRA CASA TERTIAIRE – RECRUTEMENT,"L’Humain est au cœur de notre métier ! TECTRA est aujourd’hui le leader du conseil en Ressources Humaines au Maroc. Avec plus de 1000 clients actifs multisectoriels et un réseau de 27 agences partout dans le Royaume, nous vous accompagnons au quotidien dans votre recherche d’emploi. Pour l'un de nos clients prestigieux dans le secteur d’assurance , nous recherchons actuellement des talents passionnés pour occuper le pose à Casablanca. Missions du poste Sous la supervision du Responsable de Portefeuille, vous assurez la gestion quotidienne des contrats pour nos clients internationaux. Vos missions principales incluent : Gestion Administrative : Suivi des polices d'assurance (émissions d'avenants, certificats, attestations). Interface Client : Répondre aux demandes d'informations des assurés et partenaires par email et téléphone. Coordination Anglophone : Gérer l’intégralité des échanges avec les interlocuteurs anglophones (compagnies étrangères, courtiers partenaires). Suivi de dossiers : Préparation des dossiers de renouvellement et aide à la mise en place des nouveaux programmes d'assurance.","Commercial, vente","Banque, assurance, finances",Intérim,Casablanca-Mohammedia,Casablanca,Non,Débutant < 2 ans - Expérience entre 2 ans et 5 ans - Expérience entre 5 ans et 10 ans - Expérience > 10 ans,Bac+3 - Bac+4 - Bac+5 et plus,"['Gestion', 'Formation', 'Assurance', 'Conseil', 'Vente', 'Comptabilité']",2026-04-28
https://www.emploi.ma/offre-emploi-maroc/marketeur-full-stack-casablanca-9311874,Marketeur Full-Stack - Casablanca,DIGITAL 360,"Nous sommes une école de formation dans le domaine de la médecine. Nous cherchons un Marketeur polyvalent ayant les responsabilités suivantes: Déployer la stratégie marketing digital Piloter les campagnes de lancement (formations, événements, nouveaux services) Piloter les campagnes Meta Ads / Google Ads Alimenter le contenu du site web Optimiser le SEO du site web Garantir la cohérence de la charte graphique et éditoriale Créer les contenus (post, vidéos, brochures, emailings…) Être présent, organiser et animer tous les événements de l'entreprise à Casablanca ou dans d'autres villes et pays. Réaliser les shootings et tournages","Informatique, nouvelles technologies","Éducation, formation",CDI,Casablanca-Mohammedia,Casablanca,Non,Expérience entre 2 ans et 5 ans - Expérience entre 5 ans et 10 ans - Expérience > 10 ans,Qualification avant bac - Bac - Bac+1 - Bac+2 - Bac+3 - Bac+4 - Bac+5 et plus,"['Infographie', 'Digital Marketing', 'Multimédia', 'Contenu Web', 'WEBDEV', 'Marketing', 'META', 'Charte Graphique', 'Marketing Digital', 'WORDPRESS', 'PHOTOSHOP', 'Brochures', 'Stratégie Marketing', 'SEO']",2026-04-15
https://www.emploi.ma/offre-emploi-maroc/infographiste-nouaceur-9296705,Infographiste - Nouaceur,TECTRA BERRECHID,"Pour l’un de ses clients, société spécialisée dans l’industrie du plastic, TECTRA recherche Un(e) Infographiste, basé à Nouaceur.","Production, maintenance, qualité","Industrie, production, fabrication, autres",CDD,Casablanca-Mohammedia,Nouaceur,,Débutant < 2 ans - Expérience entre 2 ans et 5 ans - Expérience entre 5 ans et 10 ans - Expérience > 10 ans,Bac+2 - Bac+3 - Bac+4 - Bac+5 et plus,"['Qualité', 'Maintenance']",2026-04-07
https://www.emploi.ma/offre-emploi-maroc/assistante-adv-casablanca-9322385,Assistante ADV - Casablanca,TECTRA CASA TERTIAIRE – RECRUTEMENT,"Pour l’un de ses clients, dans le secteur de Distribution, TECTRA recherche un(e) Assistante ADV , à Casablanca. Missions Principales : Gérer le traitement des commandes clients (saisie, suivi, facturation) Assurer l’interface entre les clients, les commerciaux et les services internes Suivre les livraisons et gérer les éventuels litiges Mettre à jour les bases de données clients Participer à l’élaboration des tableaux de bord et reportings","Commercial, vente",Administration publique,Intérim,Casablanca-Mohammedia,Casablanca,,Débutant < 2 ans - Expérience entre 2 ans et 5 ans - Expérience entre 5 ans et 10 ans - Expérience > 10 ans,Bac+2 - Bac+3 - Bac+4 - Bac+5 et plus,"['Facturation', 'Vente']",2026-04-21
https://www.emploi.ma/offre-emploi-maroc/technicien-electricite-batiments-durables-hf-rabat-9318989,Technicien Électricité – Bâtiments Durables (H/F) - Rabat,INNOV ENGINEERING CONSULTING,"Nous sommes à la recherche d'un Technicien Électricité – Bâtiments Durables (H/F). Missions principales : Réaliser les études techniques en électricité (courants forts et faibles) pour des projets de bâtiments durables Élaborer les plans, schémas électriques et notes de calcul Participer au dimensionnement des installations électriques (éclairage, distribution, sécurité…) Assurer la conformité aux normes en vigueur (NF, HQE, etc.) Collaborer avec les ingénieurs et les autres corps d’état (CVC, structure…) Suivre les projets en phase d’exécution et proposer des optimisations techniques",Métiers du BTP,"BTP, construction",CDI,Rabat-Salé-Kénitra,Rabat,Non,Expérience entre 2 ans et 5 ans - Expérience entre 5 ans et 10 ans - Expérience > 10 ans,Bac+2 - Bac+3 - Bac+4 - Bac+5 et plus,"['DIALUX', 'Éclairage', 'Dimensionnement', 'AUTOCAD']",2026-04-18
https://www.emploi.ma/offre-emploi-maroc/comptable-casablanca-9329602,Comptable - Casablanca,TECTRA,Tectra recrute pour son client sur Casablanca une Comptable en CDI . Vous aurez pour missions : Saisie des écritures comptables Facturation Rapprochement bancaire Gestion de trésorerie - Contrat : CDI - Rémunération : 6000 dh net,"Gestion, comptabilité, finance","Transports, logistique, services postaux",CDI,Casablanca-Mohammedia,Casablanca,Non,Expérience entre 2 ans et 5 ans,Bac+2,"['Rapprochement Bancaire', 'Finance', 'Écritures Comptables', 'Gestion', 'Facturation', 'Comptabilité', 'Trésorerie']",2026-04-24
https://www.emploi.ma/offre-emploi-maroc/technicien-etudes-rabat-9229118,Technicien D’Études - Rabat,INNOV ENGINEERING CONSULTING,Nous sommes à la recherche de Techniciens d’Études. Missions : Réaliser des études de projets au sein d’une équipe pluridisciplinaire ; Réaliser des calculs propres au dimensionnement et à la justification du projet correspondant.,Métiers du BTP,"BTP, construction",CDI,Rabat-Salé-Kénitra,Rabat,,"Etudiant, jeune diplômé - Débutant < 2 ans - Expérience entre 2 ans et 5 ans",Bac+2 - Bac+3 - Bac+4,['Dimensionnement'],2026-04-23
https://www.emploi.ma/offre-emploi-maroc/gestionnaire-sinistre-hf-rabat-9341206,Gestionnaire Sinistre (H/F) - Rabat,AFRICAWORK,"Nous recrutons un Gestionnaire Sinistre (H/F) disposant d'une première expérience réussie dans le domaine de l’assurance (Marché Français ou Belge). Si vous êtes rigoureux(se), organisé(e) et motivé(e) par les métiers du back office en assurance, cette opportunité est faite pour vous. Missions principales Assurer l’encodage précis des sinistres et la gestion administrative associée. Rédiger et suivre les courriels professionnels destinés aux compagnies d’assurance. Effectuer les rappels et assurer un suivi rigoureux des dossiers en cours. Collaborer avec le responsable sinistres pour le traitement et le suivi des dossiers. Gérer l’encodage de la tarification dans les programmes des compagnies d’assurance. Important : Ce poste est en back office et n’inclut pas de contact direct avec les clients. Compétences requises Expérience confirmée (minimum 3 ans) en gestion ou encodage de sinistres. Maîtrise des outils bureautiques (Word, Excel, etc.) et des logiciels de gestion de sinistres. Excellente capacité rédactionnelle et très bon niveau de français exigé (oral et écrit). Rigueur, sens du détail et capacité à gérer plusieurs tâches simultanément.",Métiers des services,"Banque, assurance, finances",CDI,Rabat-Salé-Kénitra,Rabat,Non,Expérience entre 2 ans et 5 ans - Expérience entre 5 ans et 10 ans - Expérience > 10 ans,Bac+2 - Bac+3 - Bac+4 - Bac+5 et plus,"['Formation', 'Assurance']",2026-05-02
https://www.emploi.ma/offre-emploi-maroc/technicien-topographe-rabat-9350737,Technicien Topographe - Rabat,TECTRA RABAT - KENITRA,"Nous sommes à la recherche d'un Technicien Topographe. Missions : Réaliser les levés topographiques sur terrain Effectuer les implantations des ouvrages selon les plans Utiliser les instruments de mesure (station totale, GPS, niveau) Traiter et analyser les données topographiques Établir les plans et documents techniques Assurer le suivi des travaux et le respect des normes",Métiers du BTP,"BTP, construction",CDI,Rabat-Salé-Kénitra,Rabat,,Expérience entre 2 ans et 5 ans - Expérience entre 5 ans et 10 ans - Expérience > 10 ans,Bac+2 - Bac+3 - Bac+4 - Bac+5 et plus,"['Calcul Topographique', 'Topographe', 'GPS', 'AUTOCAD', 'Topographie', 'Calcul Topographique', 'COVADIS']",2026-04-30
https://www.emploi.ma/offre-emploi-maroc/ingenieur-recherche-developpement-casablanca-9227558,Ingénieur Recherche et Développement - Casablanca,COLORADO,"Nous recrutons un Ingénieur Recherche et Développement à Casablanca. Missions principales : Développer de nouvelles formulations de peintures selon les exigences du marché. Optimiser les produits existants : performances, coûts, durabilité, application. Réaliser des essais en laboratoire. Poste basé à Casablanca.","R&D, gestion de projets","Industrie, production, fabrication, autres",CDI,Casablanca-Mohammedia,Casablanca,,"Etudiant, jeune diplômé - Débutant < 2 ans",Bac+5 et plus,['Analyse Physico-Chimique'],2026-04-15
https://www.emploi.ma/offre-emploi-maroc/juriste-confirmee-responsable-juridique-casablanca-9274133,Juriste Confirmé(e) / Responsable Juridique - Casablanca,CABINET AVOCATS,"Cabinet d'avocats d'affaires français recherche pour son bureau à Casablanca un(e) Juriste Confirmé(e) / Responsable Juridique. Missions : Vous interviendrez, sur des dossiers variés en conseil et en contentieux, selon votre profil, en droit des sociétés, droit des contrats, droit social ou en contentieux commercial, en lien direct avec les avocats du cabinet : 1. Conseil en droit des affaires (activité principale) Droit des sociétés Conseil juridique courant auprès des clients en matière de droit des sociétés. Rédaction et revue de documents sociaux : statuts, procès-verbaux d’assemblées générales et de conseils, pactes d’associés, conventions intra-groupe. Accompagnement des opérations juridiques courantes : constitution de sociétés, modifications statutaires, approbation des comptes, restructurations simples. Suivi des formalités juridiques et coordination avec les intervenants locaux. Droit des contrats Rédaction, analyse et négociation de contrats commerciaux. Revue et sécurisation juridique des engagements contractuels des clients. Conseil stratégique dans la structuration contractuelle des opérations. Identification et gestion des risques contractuels. Droit social Conseil aux clients en matière de droit du travail marocain. Assistance dans : la gestion des relations individuelles et collectives de travail, la rédaction de contrats de travail et d’avenants, les procédures disciplinaires ou de rupture du contrat de travail. Accompagnement des clients dans la prévention des risques sociaux. 2. Assistance précontentieuse (activité secondaire) Rédaction de mises en demeure. Assistance dans les démarches de recouvrement de créances. Participation aux démarches de résolution amiable des litiges. Analyse des situations conflictuelles et préparation de la stratégie juridique. 3. Assistance en matière contentieuse (activité secondaire) Collecte et analyse des informations auprès des clients et interlocuteurs concernés. Préparation de premiers projets d’actes de procédure, notamment : requêtes, assignations, projets de conclusions. Coordination avec les avocats et conseils externes en charge du contentieux. Suivi des procédures et reporting régulier aux clients sur l’avancement des dossiers. 4. Encadrement et coordination Dans le cadre de ses fonctions, le Juriste confirmé / Responsable juridique pourra être amené à encadrer et superviser un ou plusieurs juristes. À ce titre, elle aura notamment pour missions de : organiser et répartir le travail au sein de l’équipe juridique ; superviser la préparation et le traitement des dossiers par les juristes placés sous sa responsabilité ; assurer la qualité et la cohérence des analyses et des productions juridiques ; coordonner le suivi opérationnel des dossiers et veiller au respect des délais ; structurer et superviser le reporting régulier sur l’avancement des dossiers, tant auprès des supérieurs hiérarchiques que des clients ; et contribuer à la montée en compétence et à l’accompagnement des juristes de l’équipe.",Juridique,"Conseil, audit, comptabilité",CDI,Casablanca-Mohammedia,Casablanca,Non,Expérience entre 2 ans et 5 ans - Expérience entre 5 ans et 10 ans - Expérience > 10 ans,Bac+5 et plus,"['Droit des Sociétés', 'Droit', 'Contentieux', 'Droit des Contrats', 'Droit Social', 'Recouvrement de Créances']",2026-04-24
https://www.emploi.ma/offre-emploi-maroc/vendeur-gros-interim-casablanca-9351817,Vendeur Gros en Intérim - Casablanca,TECTRA CASA BOURGOGNE – RECRUTEMENT,"Nous recherchons un Vendeur Gros en intérim pour rejoindre notre équipe. Ce poste implique la commercialisation de produits agroalimentaires en gros, avec un accent sur la vente et la gestion de relations clients dans un environnement dynamique. Missions : Prospecter de nouveaux clients dans le secteur de l'agroalimentaire et de la distribution. Négocier et conclure des contrats de vente en gros avec les clients. Assurer le suivi et la fidélisation de la clientèle existante. Participer à l'organisation et à la gestion des stocks de produits. Collaborer avec l'équipe pour atteindre les objectifs de vente mensuels et annuels.","Commercial, vente",Agroalimentaire,Intérim,Casablanca-Mohammedia,Casablanca,,Débutant < 2 ans - Expérience entre 2 ans et 5 ans - Expérience entre 5 ans et 10 ans - Expérience > 10 ans,Qualification avant bac - Bac - Bac+1 - Bac+2 - Bac+3 - Bac+4 - Bac+5 et plus,"['Vente en gros', 'Techniques de Vente', 'Vente', 'Commercialisation', 'Négociation']",2026-05-04
https://www.emploi.ma/offre-emploi-maroc/chef-partie-garde-manger-riyadh-saudi-arabia-9342305,"Chef de Partie – (Garde Manger) - Riyadh, Saudi Arabia",AFRICAWORK,"We are recruiting a Chef de Partie – (Garde Manger) for our client, a leading hospitality and catering group operating in Saudi Arabia, specializing in large-scale banqueting, corporate catering, and premium event services. Missions & Tasks: Manage all cold kitchen production: salads, cold appetizers, platters, terrines, charcuterie displays, and cold buffet items. Prepare and present garde manger items for banquets and catering events to the highest standard. Execute international and continental cold cuisine across daily operations and event menus. Lead mise en place for cold section – organize production timelines for banquet service. Supervise and train commis chefs in the cold section. Ensure correct cold chain compliance, HACCP procedures, and allergen management. Coordinate daily with sous chef on production needs and buffet setups. Control waste, rotation, and cold storage standards within the section. Reporting To: Sous Chef / Executive Sous Chef. Directly Supervises: Commis Chefs (Cold Section) – 2 to 4 staff. Coordinates With: CDP Hot, CDP Pastry, Banqueting team, Stores & Procurement. Salary Range: SAR 3,500 - 5,000 net/month (930 - 1,330 USD net/month) depending on experience. Accommodation and transport included for expat candidates. Social Benefits: Accommodation | Transportation | flight ticket | Medical insurance | 21 days annual leave | End-of-service gratuity.",Métiers des services,"Hôtellerie, restauration",CDI,International,"Riyadh, Saudi Arabia",Non,Expérience entre 5 ans et 10 ans - Expérience > 10 ans,Bac - Bac+1 - Bac+2 - Bac+3 - Bac+4 - Bac+5 et plus,"['Tourisme', 'Cuisine', 'Catering']",2026-05-02
https://www.emploi.ma/offre-emploi-maroc/responsable-administratif-financier-casablanca-9310651,Responsable Administratif et Financier - Casablanca,GROUPE MCE,"Dans le cadre de notre développement, nous recrutons un(e) Responsable Administratif et Financier pour rejoindre notre équipe. Missions principales : Superviser la gestion financière, comptable et administrative de l’entreprise Élaborer les budgets et assurer le suivi de la performance financière Piloter la trésorerie et optimiser les flux financiers Produire les états financiers et garantir leur fiabilité Assurer la conformité fiscale et réglementaire Encadrer et coordonner l’équipe comptable et administrative Mettre en place des outils de reporting et d’aide à la décision Être l’interlocuteur des partenaires externes (banques, auditeurs, administrations…)","Gestion, comptabilité, finance","Hôtellerie, restauration",CDI,Casablanca-Mohammedia,Casablanca,,Expérience entre 2 ans et 5 ans,Bac+3 - Bac+4 - Bac+5 et plus,"['Comptabilité', 'Flux Financiers', 'Finance', 'États Financiers', 'Gestion', 'Trésorerie', 'Gestion Financière']",2026-04-14
https://www.emploi.ma/offre-emploi-maroc/agents-support-controle-qualite-casablanca-9327694,Agents Support et Contrôle Qualité - Casablanca,GENERAL PRIVATE INTERIM,"Acteur en pleine croissance dans le secteur de la livraison, recrute des Agents Support et Contrôle Qualité afin de renforcer ses équipes en support opérationnel et contrôle qualité . Vos principales missions : Assurer le suivi des opérations de livraison et le traitement des colis Gérer la relation client (appels, réclamations, suivi des demandes) Contrôler les flux des colis (entrée, sortie, retours) Veiller au respect des standards de qualité de service Coordonner efficacement avec les livreurs Remonter et suivre les anomalies et incidents","Transport, logistique","Transports, logistique, services postaux",CDI,Casablanca-Mohammedia,Casablanca,Non,Expérience entre 2 ans et 5 ans - Expérience entre 5 ans et 10 ans - Expérience > 10 ans,Bac+2 - Bac+3 - Bac+4 - Bac+5 et plus,"['• Bon sens du service client et excellente communication', 'Transport']",2026-04-23
https://www.emploi.ma/offre-emploi-maroc/projeteur-piping-confirme-casablanca-9192393,Projeteur Piping Confirmé - Casablanca,EXPERT EYE ENGINEERING,"Contexte Dans le cadre du renforcement de notre équipe piping, nous recrutons un Projeteur Piping Confirmé , ayant travaillé sur des installations industrielles (unités de process, utilités, dépôts/terminaux, industrie lourde). Missions Produire les livrables d’études piping : plans d’implantation et de routage, plans de supports, plans de détails, plans d’ensemble, isométriques. Proposer des solutions techniques de conception : optimisation du routage, accessibilité, maintenabilité, interfaces multi-disciplines (génie civil/structure, mécanique, électricité/instrumentation). Exploiter les P&ID et établir les documents associés : line list, repérage des lignes, cohérence des classes et spécifications. Établir les quantitatifs : MTO (Material Take-Off) et BOQ (Bill of Quantities), listes de matériaux et accessoires, tableaux de métrés. Participer aux revues de plans et assurer la qualité documentaire : respect des standards, gestion des révisions, cohérence plans/quantitatifs",Métiers du BTP,"Ingénierie, études développement",CDI,Casablanca-Mohammedia,Casablanca,Non,Expérience entre 5 ans et 10 ans - Expérience > 10 ans,Bac+3 - Bac+4 - Bac+5 et plus,"['PDMS', 'E3D', 'SmartPlant', 'CadWorx', 'BTP', 'AUTOCAD', 'Instrumentation']",2026-04-16
https://www.emploi.ma/offre-emploi-maroc/assistante-administrative-community-manager-secteur-scolaire-rabat-9287050,Assistante Administrative et Community Manager (Secteur scolaire) - Rabat,JOB CONNECT,"Nous recrutons, pour le compte de notre client basé sur l’autoroute d’Ain Aouda (à proximité de Rabat), une Assistante Administrative et Community Manager . Son rôle consiste à assurer la gestion administrative ainsi que le développement digital. Missions principales : Gestion du volet administratif Accueil physique et téléphonique des parents et visiteurs Gestion des dossiers administratifs des élèves (inscriptions, suivi, classement) Rédaction de courriers, comptes rendus et documents officiels Suivi des absences, retards et communication avec les parents Coordination avec l’équipe pédagogique et la direction Organisation des réunions et événements scolaires Gestion des réseaux sociaux de l’établissement (Facebook, Instagram, etc.) Création de contenu (publications, stories, photos, vidéos) mettant en valeur la vie scolaire Animation de la communauté en ligne et réponse aux messages/commentaires Mise à jour du site web (si applicable) Contribution à la stratégie de communication digitale Couverture des événements scolaires (journées portes ouvertes, activités, sorties…)","Marketing, communication","Marketing, communication, médias",CDI,Rabat-Salé-Kénitra,Rabat,,Expérience entre 2 ans et 5 ans - Expérience entre 5 ans et 10 ans,Bac+3 - Bac+4,"['Communication Digitale', 'Communication', 'Stratégie de Communication', 'Rédaction']",2026-04-01
https://www.emploi.ma/offre-emploi-maroc/responsable-hygiene-securite-environnement-berrechid-8873225,Responsable Hygiène Sécurité et Environnement - Berrechid,ATLAS PHARM,"Nous sommes à la recherche d'un Responsable Hygiène Sécurité et Environnement. Missions : Mettre en œuvre des politiques des procédures et des pratiques pour assurer la conformité avec les exigences en matière d'environnement et de sécurité Effectuer des audits réguliers en matières d'environnement et de sécurité afin d'améliorer et garantir la conformité aux normes Participer à la définition des objectifs en matière de qualité et de développement durable et suivre les progrès accomplis dans la réalisation de ces objectifs Collaborer avec les parties prenantes internes et externes pour garantir la conformité et la satisfaction des clients Travailler avec des équipes pour s'assurer que les projets sont réalisés conformément aux normes de qualité établies Préparation des rapports d'incidents , enquêter sur les accidents et mettre en œuvre des mesures correctives pour éviter qu’il ne se reproduisent","Production, maintenance, qualité",Industrie pharmaceutique,CDI,Casablanca-Mohammedia - Settat,Berrechid,Non,Expérience entre 5 ans et 10 ans - Expérience > 10 ans,Bac+4 - Bac+5 et plus,"['Production', 'Hygiène', 'Normes de Qualité', 'Maintenance', 'Qualité']",2026-05-04
https://www.emploi.ma/offre-emploi-maroc/responsable-comptabilite-mohammedia-9335027,Responsable Comptabilité - Mohammedia,BATIFER,"Nous sommes à la recherche d'un Responsable Comptabilité. Missions : Réaliser ou superviser l'ensemble des opérations de comptabilité générale jusqu'au bilan (paie, déclarations sociales et fiscales, tableaux de bord de gestion, ...) selon les règles comptables. Garantir la fiabilité des comptes de l'entreprise en conformité avec les législations comptables, sociales et fiscales. Assurer le bon fonctionnement au quotidien des activités comptables et financières. Suivi des lignes de crédit accordées à la société. Gérer les dépassements avec les banques. Animer les activités comptables inhérentes à son service Contrôler et analyser les résultats. Suivi de la trésorerie au quotidien: saisie des opérations de versement et de paiement sur le logiciel trésorerie, choix de banque pour l’encaissement, suivi des impayés clients, suivi et rapprochement des encaissements clients avec le service recouvrement. Traitement et suivi des transferts/ refinancement. Suivi et traitement des fiches de liquidation (douane). Négociation des valeurs auprès de la salle du marché Communication des situations financières à la DG et DF. Règlement des fournisseurs locaux et étrangers suivant l’état communiqué et visé par le service achat et import. Tenir un tableau de bord sur tous les fournisseurs locaux et étrangers. Tenir un échéancier des dettes mensuellement. Établissement des bilans pour chaque trimestre et suivi des rendements. Établissement des états de synthèse en fin d’année. Suivi des déclarations fiscales. Anticiper les dysfonctionnements du service et mettre en œuvre des actions correctives. Assurer l’ensemble des tâches comptables et financières inhérentes à son poste et à sa fonction. Superviser et contrôler l’activité de ses collaborateurs. Il peut, en cas de nécessité, assurer la gestion comptable, fiscale et financière.","Gestion, comptabilité, finance","Industrie, production, fabrication, autres",CDI,Casablanca-Mohammedia,Mohammedia,,Expérience entre 5 ans et 10 ans - Expérience > 10 ans,Bac+5 et plus,"['Suivi de la Trésorerie', 'Douane', 'Recouvrement', 'Gestion', 'Finance', 'Trésorerie', 'Comptabilité', 'Comptabilité Générale', 'Banque', 'Suivi de la Trésorerie']",2026-04-28
https://www.emploi.ma/offre-emploi-maroc/controleur-qualite-meknes-9273646,Contrôleur de Qualité - Meknès,SOMACOS,"nous recrutons pour notre usine de fabrication des produits d'irrigation basée à Meknès , des Contrôleurs de Qualité en plasturgie , qui pourra participer à l’élaboration de la politique QHSE de l’entreprise. les taches : Vérifier la réception des matières premières et des produits sous-traités Contrôler la conformité de la fabrication en fonction des normes et procédures Mettre en œuvre des documents de contrôle de conformité Suggérer des améliorations Établir des essais techniques Éliminer les produits non conformes ou suspects Faire un rapport sur les problèmes de fabrication Proposer des mesures correctives et préventives","Production, maintenance, qualité","Industrie, production, fabrication, autres",CDI - CDD,Agadir - Béni Mellal-Khénifra - Casablanca-Mohammedia - Dakhla - Errachidia - Fès - Guelmim - Laâyoune - Marrakech-Safi - Meknès - Oujda - Rabat-Salé-Kénitra - Settat - Tanger-Tétouan-Al Hoceïma - International,Meknès,Non,Expérience entre 2 ans et 5 ans - Expérience entre 5 ans et 10 ans - Expérience > 10 ans,Bac+2 - Bac+3 - Bac+4 - Bac+5 et plus,"['Analyse de la Qualité', 'Atelier de Production', 'Fabrication', 'Analyse de la Qualité', 'Qualité', 'Plasturgie', 'Irrigation', 'Production', 'QHSE', 'Maintenance']",2026-03-20
https://www.emploi.ma/offre-emploi-maroc/livreur-dar-bouazza-9356217,Livreur - Dar Bouazza,BRICOMA,BRICOMA recrute un Livreur . Missions : Assurer la livraison de la marchandise aux clients Participer au chargement et déchargement de son véhicule Conduire le véhicule en respectant les règlements de sécurité et de circulation routière,"Transport, logistique","Distribution, vente, commerce de gros",CDI - CDD - Anapec,Casablanca-Mohammedia,Dar Bouazza,,Débutant < 2 ans - Expérience entre 2 ans et 5 ans,Bac - Bac+1 - Bac+2,"['Livraison', 'Déchargement', 'Transport', 'Chargement']",2026-05-04
https://www.emploi.ma/offre-emploi-maroc/azure-solutions-architect-mf-8251962,AZURE Solutions Architect (M/F),AFRICASHORE,"We are looking for AZURE Solutions Architect profiles / CVs to share with our clients for their future recruitment campaigns. Mission: Serve as in-house technical expert providing technical guidance on new features & functionalities, drive the deployment of the customers workloads into Azure and provide deployment guidance. Deliver Cloud platform architecture documents detailing the vision for how Azure infrastructure and platform services support the overall application architecture. Proven background in the design and implementation of large scale, global, complex custom application development systems (e.g., high transaction volumes). Experience problem solving issues on globally distributed systems and critical product service environments. Create solutions that support a DevOps approach for delivery and operations of services. Drive the deployment of customers workloads into Azure and provide deployment guidance. Creation of standard templates for faster implementation & migration. Capable of technical deep dives into infrastructure, databases, and applications as needed, yet cognitively agile enough to have strategy discussions with leadership.","Informatique, nouvelles technologies","Informatique, SSII, Internet",CDI - CDD - Freelance,Agadir - Béni Mellal-Khénifra - Casablanca-Mohammedia - Dakhla - Errachidia - Fès - Guelmim - Laâyoune - Marrakech-Safi - Meknès - Oujda - Rabat-Salé-Kénitra - Settat - Tanger-Tétouan-Al Hoceïma - International,/ Travail En Remote,,Expérience entre 5 ans et 10 ans,Bac+3,"['PAAS', 'AGILE', 'ACCESS', 'CVS', 'SQL', 'ARM', 'AZURE', 'COSMOS', 'REDIS', 'SHELL']",2026-04-13
https://www.emploi.ma/offre-emploi-maroc/conseillere-pedagogique-casablanca-9336839,Conseiller(e) Pédagogique - Casablanca,CALLIOPE,"Vous êtes enseignant(e) et souhaitez valoriser votre expertise dans un nouveau cadre stimulant ? Rejoignez-nous pour accompagner les établissements scolaires dans le choix de ressources pédagogiques innovantes et adaptées à leurs besoins. Nous sommes à la recherche d'un(e) Conseiller(e) Pédagogique Vos missions : Démarcher les établissements scolaires et présenter notre offre de manuels et supports pédagogiques. Proposer des solutions éducatives alignées sur les programmes officiels et les besoins spécifiques des équipes enseignantes. Développer une relation de confiance par un suivi régulier, des actions de fidélisation, et l’organisation d’ateliers ou événements pédagogiques.","Commercial, vente","Éducation, formation",CDI,Casablanca-Mohammedia,Casablanca,,Expérience entre 2 ans et 5 ans - Expérience entre 5 ans et 10 ans - Expérience > 10 ans,Bac+3 - Bac+4 - Bac+5 et plus,"['Vente', 'Vente']",2026-04-29
https://www.emploi.ma/offre-emploi-maroc/chargee-recrutement-interim-rabat-9347385,Chargé(e) de Recrutement- Intérim - Rabat,JOB CONNECT,"Nous recrutons pour un établissement basé à Rabat un(e) Chargé(e) de Recrutement . Au cœur de la stratégie RH, vous serez responsable de l’ensemble du processus de recrutement, de l’identification des besoins jusqu’à l’intégration des nouveaux collaborateurs. Missions principales : Recueillir et analyser les besoins en recrutement en collaboration avec les managers Rédiger et diffuser les offres d’emploi sur les différents canaux (job boards, réseaux sociaux…) Sourcer, identifier et approcher des candidats qualifiés via différentes plateformes Réaliser les entretiens de présélection (téléphoniques / visio) Organiser et conduire les entretiens (individuels ou collectifs) Évaluer les candidats à l’aide d’outils adaptés (tests techniques, assessments…) Rédiger les comptes-rendus d’entretiens et assurer le suivi des candidatures Préparer les propositions d’embauche et gérer le processus d’intégration Accompagner les nouveaux collaborateurs durant leur période d’intégration Mettre à jour les bases de données de recrutement et assurer un reporting régulier","RH, formation","Éducation, formation",Intérim,Rabat-Salé-Kénitra,Rabat,,Débutant < 2 ans - Expérience entre 2 ans et 5 ans,Bac+2 - Bac+3 - Bac+4 - Bac+5 et plus,"['Embauche', 'Stratégie RH', 'Processus de Recrutement', 'Recrutement', 'Psychologie du Travail']",2026-05-06
https://www.emploi.ma/offre-emploi-maroc/technicien-etudes-debutant-dessin-batiments-hf-rabat-9240905,Technicien D’Études Débutant – Dessin de Bâtiments (H/F) - Rabat,INNOV ENGINEERING CONSULTING,"Dans le cadre du développement de nos activités, Notre Bureau D’Études recrute un Technicien d’Études débutant spécialisé en dessin de bâtiments. Encadré(e) par un ingénieur ou un projeteur senior, vous participerez à l’élaboration des plans et documents techniques relatifs à des projets de construction (bâtiments résidentiels, tertiaires ou industriels). Missions principales : Élaborer les plans d’architecture et/ou d’exécution (coffrage, ferraillage, détails techniques) Réaliser les modifications et mises à jour des plans selon les instructions Participer à la préparation des dossiers techniques Respecter les normes en vigueur et les procédures internes Assurer le classement et l’archivage des documents techniques",Métiers du BTP,"BTP, construction",CDI,Rabat-Salé-Kénitra,Rabat,,"Etudiant, jeune diplômé - Débutant < 2 ans",Bac+2 - Bac+3,"['AUTOCAD', 'Architecture', 'Coffrage', 'Ferraillage', 'Dessin de Bâtiment', 'REVIT']",2026-05-01
https://www.emploi.ma/offre-emploi-maroc/assistant-controle-gestion-casablanca-9296980,Assistant Contrôle de Gestion - Casablanca,TECTRA RECRUTEMENT MAROC,"L’Humain est au cœur de notre métier ! TECTRA est aujourd’hui leader du conseil en Ressources Humaines au Maroc. Avec plus de 1000 clients actifs multisectoriels et une force de réseaux de 27 agences partout dans le Royaume, Tectra vous accompagne dans votre recherche d’emploi. Pour l’un de ses clients, dans (l'industrie de l'alimentation animale), TECTRA recherche un(e) Assistant Contrôle de Gestion avec expérience Obligatoirement dans une fiduciaire , à Casablanca. Missions Principales : Élaborer le budget prévisionnel, comparer les réalisations aux prévisions, et analyser les écarts. Mettre à jour les indicateurs de performance (KPI) via Excel, Power BI ou des ERP Participer aux clôtures comptables mensuelles ou trimestrielles.","Gestion, comptabilité, finance","Industrie, production, fabrication, autres",CDI - CDD - Intérim,Casablanca-Mohammedia,Casablanca,,Débutant < 2 ans,Bac+2 - Bac+3,"['Finance', 'Gestion', 'Comptabilité', 'Comptabilité Analytique', 'Budget Prévisionnel']",2026-04-07
https://www.emploi.ma/offre-emploi-maroc/chef-chantier-experimente-rabat-9349601,Chef de Chantier Expérimenté - Rabat,JOB CONNECT,"Nous recrutons pour notre client un Chef de Chantier Expérimenté , garant du bon déroulement des travaux sur le terrain. Missions principales : Organiser, planifier et superviser les travaux sur chantier Encadrer et coordonner les équipes techniques Assurer le respect des délais, du budget et des normes de qualité Veiller à l’application des règles de sécurité Assurer le suivi technique et administratif du chantier Participer aux réunions de chantier et assurer le reporting",Métiers du BTP,"BTP, construction",CDI,Rabat-Salé-Kénitra,Rabat,,Expérience entre 5 ans et 10 ans - Expérience > 10 ans,Bac+3 - Bac+4 - Bac+5 et plus,['BTP'],2026-05-07
https://www.emploi.ma/offre-emploi-maroc/caissier-casablanca-9319441,Caissier - Casablanca,CRIT,"Nous recrutons deux Caissiers expérimentés pour rejoindre nos équipes à Casablanca. Le poste consiste à assurer l’encaissement et la saisie des règlements clients (espèces, chèques, cartes bancaires) sur Oracle, ainsi que la gestion des remises en banque et des bordereaux. Vous serez en charge de l’arrêté journalier de la caisse, du contrôle des pièces avant règlement et de la validation des factures. Le rôle inclut également le suivi des réclamations clients, la gestion de la relation client, ainsi que la vérification des dossiers dans le respect des procédures et de la gestion des risques.","Gestion, comptabilité, finance","Intérim, recrutement",CDI,Casablanca-Mohammedia,Casablanca,Non,Expérience entre 2 ans et 5 ans - Expérience entre 5 ans et 10 ans,Bac+3,"['Gestion des Encaissements', 'Comptabilité', 'Gestion des Encaissements', 'Gestion', 'Gestion des Risques', 'Banque', 'Comptabilité Générale', 'Finance']",2026-04-22
https://www.emploi.ma/offre-emploi-maroc/caissiere-casablanca-9191813,Caissière - Casablanca,,"Nous sommes à la recherche des Caissières. Missions : Accueillir et orienter les clients avec courtoisie Enregistrer les articles et encaisser les paiements Gérer la caisse (ouverture, fermeture, contrôle) Veiller à la propreté et à l’organisation de l’espace caisse Participer à la satisfaction et à la fidélisation des clients","Commercial, vente",Agroalimentaire,Intérim,Casablanca-Mohammedia,Casablanca,,Expérience entre 2 ans et 5 ans - Expérience entre 5 ans et 10 ans - Expérience > 10 ans,Bac - Bac+1 - Bac+2 - Bac+3 - Bac+4 - Bac+5 et plus,['Vente'],2026-04-08
https://www.emploi.ma/offre-emploi-maroc/comptable-fiscaliste-casablanca-9322419,Comptable Fiscaliste - Casablanca,CRIT,"Nous sommes à la recherche d'un Comptable Fiscaliste. Rattaché(e) au service financier, vous serez en charge de la gestion comptable et fiscale de l’entreprise, avec pour principales missions : Traitement des factures fournisseurs : saisie, lettrage et analyse des comptes Gestion et suivi des contrats fournisseurs Suivi des échéanciers de règlement en collaboration avec la Responsable Trésorerie Suivi des charges d’abonnement (situations extra-comptables) Comptabilisation des opérations diverses (OD) Préparation et établissement des déclarations fiscales Suivi administratif des dossiers fiscaux Participation aux travaux de clôture et au reporting comptable et financier","Gestion, comptabilité, finance","Intérim, recrutement",CDI,Casablanca-Mohammedia,Casablanca,Non,Expérience entre 5 ans et 10 ans,Bac+3 - Bac+4 - Bac+5 et plus,"['Fiscalité', 'Comptabilité', 'Gestion', 'Finance', 'Comptabilité Générale', 'Reporting Comptable', 'États Financiers']",2026-04-22
https://www.emploi.ma/offre-emploi-maroc/charge-logistique-hf-casablanca-9274114,Chargé Logistique (H/F) - Casablanca,TECTRA,"Nous sommes à la recherche d'un Chargé Logistique (H/F). Missions : Suivre et coordonner les opérations logistiques (approvisionnement, stockage, distribution). Assurer le suivi des commandes et des livraisons. Veiller au respect des délais et des procédures logistiques. Participer à l’optimisation des flux et des stocks. Assurer la coordination avec les différents services internes et les prestataires.","Transport, logistique","BTP, construction",Intérim,Casablanca-Mohammedia,Casablanca,,"Etudiant, jeune diplômé - Débutant < 2 ans",Bac+3 - Bac+4 - Bac+5 et plus,"['Opérations Logistiques', 'Stocks', 'Distribution', 'Stockage', 'Transport']",2026-03-20
https://www.emploi.ma/offre-emploi-maroc/peintre-automobile-carrossier-peintre-kenitra-9316626,Peintre Automobile (Carrossier Peintre) - Kénitra,TECTRA,"TECTRA recrute, pour le compte de l’un de ses clients opérant dans le secteur automobile, des Peintres Automobiles . Missions Principales : Préparer les surfaces (ponçage, masticage, nettoyage) Appliquer la peinture au pistolet en respectant les procédures Réaliser les finitions et retouches Contrôler la qualité des travaux effectués Respecter les consignes de sécurité","Production, maintenance, qualité","Automobile, matériels de transport, réparation",Intérim,Rabat-Salé-Kénitra,Kénitra,,Débutant < 2 ans,Qualification avant bac,"['Qualité', 'Production', 'Maintenance']",2026-04-17
https://www.emploi.ma/offre-emploi-maroc/ingenieur-genie-civil-batiments-durables-rabat-9305492,Ingénieur Génie Civil (Bâtiments Durables) - Rabat,INNOV ENGINEERING CONSULTING,"Nous sommes à la recherche d'un Ingénieur Génie Civil (Bâtiments Durables). Missions : Concevoir et piloter des projets de construction durable (bâtiments HQE, basse consommation, etc.) Réaliser les études techniques (structure, matériaux, performance énergétique) Assurer le suivi des chantiers et veiller au respect des délais, coûts et normes Intégrer les solutions innovantes en matière d’éco-construction et d’efficacité énergétique Collaborer avec les différents intervenants (architectes, bureaux d’études, entreprises) Veiller à la conformité réglementaire (normes environnementales et de construction)",Métiers du BTP,"BTP, construction",CDI,Rabat-Salé-Kénitra,Rabat,Non,Expérience entre 5 ans et 10 ans - Expérience > 10 ans,Bac+5 et plus,"['Efficacité Énergétique', 'AUTOCAD', 'Construction', 'REVIT']",2026-04-11
https://www.emploi.ma/offre-emploi-maroc/commercial-experimente-hf-interim-nettoyage-casablanca-9325813,Commercial Expérimenté (H/F) – Intérim et Nettoyage - Casablanca,GENERAL PRIVATE INTERIM,Nous recrutons pour le compte de notre société un Commercial Expérimenté dans les domaines de l’intérim et des services de nettoyage . Missions : Développer et gérer un portefeuille clients Prospecter de nouveaux marchés et identifier des opportunités commerciales Promouvoir l’ensemble des services proposés par la société Analyser les besoins des clients et proposer des solutions adaptées Assurer le suivi des contrats et veiller à la satisfaction client Atteindre les objectifs commerciaux fixés par la direction,"Commercial, vente","Intérim, recrutement",CDI - CDD,Casablanca-Mohammedia - Rabat-Salé-Kénitra,Casablanca,,Expérience entre 2 ans et 5 ans - Expérience entre 5 ans et 10 ans - Expérience > 10 ans,Bac+5 et plus,['Vente'],2026-04-22
https://www.emploi.ma/offre-emploi-maroc/agent-tri-colis-casablanca-9281444,Agent de Tri des Colis - Casablanca,GENERAL PRIVATE INTERIM,إعلان توظيف تعلن شركة متخصصة في خدمات توصيل الطرود الكائنة بمنطقة حي المحمدي عن فتح باب التوظيف لشغل منصب: عاملات فرز الطرود (Agents de Tri des Colis) للعمل خلال الفترة النهارية المهام الرئيسية : فرز وترتيب الطرود حسب الوجهة. التأكد من سلامة الطرود وتنظيمها داخل منطقة العمل. المساهمة في تجهيز الطرود لعملية التوزيع. احترام تعليمات السلامة والتنظيم داخل المخزن.,"Transport, logistique","Transports, logistique, services postaux",CDD,Casablanca-Mohammedia,Casablanca,,Débutant < 2 ans - Expérience entre 2 ans et 5 ans - Expérience entre 5 ans et 10 ans - Expérience > 10 ans,Qualification avant bac - Bac - Bac+1 - Bac+2 - Bac+3 - Bac+4 - Bac+5 et plus,[],2026-03-26
https://www.emploi.ma/offre-emploi-maroc/comptable-c-rabat-9323395,Comptable (Cabinet d'Avocat) - Rabat,JOB CONNECT,"Nous recrutons pour le compte de notre client, un cabinet d’avocat basé à Rabat, un(e) Comptable. Missions principales : Assurer la tenue de la comptabilité générale du cabinet Saisir, contrôler et classer les pièces comptables (factures, relevés bancaires, notes de frais…) Suivre les encaissements et décaissements (honoraires, paiements clients, charges…) Effectuer les rapprochements bancaires Préparer les déclarations fiscales (TVA, IS, IR…) en collaboration avec le cabinet externe si nécessaire Assurer le suivi de la trésorerie Participer à la préparation des bilans et situations comptables périodiques Veiller au respect des obligations légales et fiscales Mettre en place et améliorer les procédures comptables internes","Gestion, comptabilité, finance","Conseil, audit, comptabilité",CDI,Rabat-Salé-Kénitra,Rabat,,Débutant < 2 ans - Expérience entre 2 ans et 5 ans,Bac+2 - Bac+3,"['Secrétariat', 'Comptabilité', 'Finance', 'Gestion', 'Trésorerie', 'Suivi de la Trésorerie', 'Comptabilité Générale', 'Assistanat']",2026-04-28
https://www.emploi.ma/offre-emploi-maroc/agent-siap-casablanca-9302468,Agent SIAP - Casablanca,GROUPE MCE,Nous sommes à la recherche d'un Agent SIAP. Missions principales : Assurer la sécurité des personnes et des biens sur le site Veiller au respect des consignes de sécurité incendie Prévenir les risques et intervenir en cas d’incident Contrôler l’accès aux locaux et gérer les entrées/sorties Assister et guider le public en cas d’urgence,Métiers des services,"Nettoyage, sécurité, surveillance",CDD,Casablanca-Mohammedia,Casablanca,,Débutant < 2 ans - Expérience entre 2 ans et 5 ans - Expérience entre 5 ans et 10 ans - Expérience > 10 ans,Bac+2 - Bac+3,"['Sécurité', 'Sécurité Incendie']",2026-04-10
https://www.emploi.ma/offre-emploi-maroc/charge-portefeuille-fes-9280334,Chargé de Portefeuille - Fès,FONDATION ARRAWAJ,"Nous sommes à la recherche des Chargés de Portefeuille. Missions : En tant que « Chargé de Portefeuille », vous aurez pour principales missions : Gérer et développer le portefeuille client Faire des prospections de nouveaux clients Mettre en avant nos produits et nos services auprès des clients potentiels Accompagner et conseiller les clients Fidéliser les clients Veiller à garder un contact régulier avec les clients Gérer et suivre les dossiers en cours Faire du recouvrement terrain.","Commercial, vente","Banque, assurance, finances",CDI,Fès,Fès,,Débutant < 2 ans - Expérience entre 2 ans et 5 ans - Expérience entre 5 ans et 10 ans - Expérience > 10 ans,Bac+3 - Bac+4 - Bac+5 et plus,"['Finance', 'Marketing', 'Vente', 'Recouvrement', 'Gestion', 'Communication', 'Comptabilité']",2026-03-26
https://www.emploi.ma/offre-emploi-maroc/econome-rabat-9311897,Économe - Rabat,,"Nous sommes un groupe d'Établissements d'enseignement primaire / secondaire , accueillant 2000 élèves et comptant une équipe de 200 membres du personnel , recrute un(e) Économe / dans le cadre du développement de ses services administratifs et logistiques. L'économe est un pilier de la gestion matérielle et financière de l'établissement. Il/elle est chargé(e) de : Gestion des approvisionnements et des stocks Assurer l'approvisionnement en fournitures scolaires, produits d'entretien, denrées alimentaires (si restauration) Passer les commandes auprès des fournisseurs et négocier les meilleurs tarifs Réceptionner, contrôler la qualité et la quantité des livraisons Réaliser des inventaires réguliers et analyser les écarts Gestion financière et budgétaire Contrôler les factures fournisseurs et les bons de commande Participer à l'élaboration du budget prévisionnel de fonctionnement Assurer le suivi des dépenses et alerter la direction en cas d'écart Être ordonnateur des dépenses sous l'autorité du chef d'établissement Gestion logistique et immobilière Superviser l'entretien et la maintenance des locaux et des équipements Coordonner les prestataires extérieurs (travaux, maintenance, informatique) Veiller au respect des normes de sécurité et de conformité réglementaire Participer au suivi des travaux de rénovation ou d'aménagement Encadrement et coordination Animer et encadrer l'équipe technique et d'entretien Être l'interface entre la direction, le personnel et les prestataires Contribuer aux réunions de gestion et rendre compte régulièrement",Achats,"Éducation, formation",CDI,Rabat-Salé-Kénitra,Rabat,Non,Expérience entre 2 ans et 5 ans - Expérience entre 5 ans et 10 ans - Expérience > 10 ans,Bac+5 et plus,"['Achats', 'Gestion des Contrats', 'Approvisionnements', 'Négociation']",2026-04-15
https://www.emploi.ma/offre-emploi-maroc/technicien-injection-meknes-9273752,Technicien d'Injection - Meknès,SOMACOS,"Lieu : Meknès Organisation : Production continue – Horaires 3×8 Horaires : 06h00 – 14h00 14h00 – 22h00 22h00 – 06h00 Description du poste Dans le cadre de notre activité industrielle en production continue , nous recrutons un Technicien Régleur en Injection .Vous interviendrez directement sur les lignes de production et participerez activement à l’organisation et au bon déroulement des opérations tout en respectant les exigences qualité, sécurité et productivité . Vous serez un technicien opérationnel , impliqué sur le terrain et en lien direct avec le Responsable de Production . Missions principales Organiser et affecter les tâches au sein de l’équipe durant le poste. Assurer la bonne réalisation de la production conformément aux besoins clients et aux standards qualité et sécurité. Intervenir directement sur les opérations techniques : changements de série, montage et démontage des moules, réglages des machines d’injection, suivi et préparation des mélanges. Assurer la maintenance de premier niveau des équipements. Mettre en place et veiller au respect des 5S . Réaliser les contrôles qualité en cours de production. Rédiger les rapports de production et documents de suivi. Gérer les aléas de production et proposer des actions d’amélioration. Assurer le lien entre l’équipe terrain et le Responsable de Production (suivi des performances, reporting).","Production, maintenance, qualité","Industrie, production, fabrication, autres",CDI,Agadir - Béni Mellal-Khénifra - Casablanca-Mohammedia - Dakhla - Errachidia - Fès - Guelmim - Laâyoune - Marrakech-Safi - Meknès - Oujda - Rabat-Salé-Kénitra - Settat - Tanger-Tétouan-Al Hoceïma - International,Meknès,Non,Expérience entre 2 ans et 5 ans - Expérience entre 5 ans et 10 ans - Expérience > 10 ans,Bac+2 - Bac+3 - Bac+4 - Bac+5 et plus,"['Injection Plastique', ""Gestion d'Équipe"", 'Production', 'Machines', 'Démontage', 'Qualité', 'Montage', 'Injection', 'Maintenance', 'Productivité', 'Extrusion']",2026-03-20
https://www.emploi.ma/offre-emploi-maroc/technicien-maintenance-engins-lourds-tanger-9269309,Technicien de Maintenance des Engins Lourds - Tanger,GROUPE MCE,"Dans le cadre du renforcement de son équipe technique, une entreprise industrielle recrute un Technicien de Maintenance des Engins Lourds . Missions principales : Assurer la maintenance préventive et corrective des engins lourds (chargeuses, pelles, bulldozers, grues, etc.) Diagnostiquer les pannes mécaniques, hydrauliques, électriques et électroniques Effectuer les réparations nécessaires dans le respect des normes de sécurité Réaliser les contrôles périodiques et essais après intervention Renseigner les rapports d’intervention et assurer le suivi des équipements Collaborer avec les équipes d’exploitation pour garantir la disponibilité du matériel",Métiers du BTP,"BTP, construction",Intérim,Rabat-Salé-Kénitra - Tanger-Tétouan-Al Hoceïma,Tanger,,Expérience entre 2 ans et 5 ans - Expérience entre 5 ans et 10 ans - Expérience > 10 ans,Bac+1 - Bac+2 - Bac+3,"['Maintenance Préventive', 'Maintenance', 'Production', 'Électromécanique', 'Hydraulique', 'Maintenance Industrielle', 'Mécanique Hydraulique', 'Exploitation', 'Qualité']",2026-03-17
https://www.emploi.ma/offre-emploi-maroc/dermo-conseillere-agadir-9279975,Dermo-Conseillère - Agadir,TECTRA,"Nous recrutons une Dermo-Conseillère sur la ville d’Agadir dans le cadre d’un contrat de mission. Votre mission principale consiste à informer, conseiller et accompagner les clients sur les soins dermo-cosmétiques (peau, cheveux, hygiène) en officine, parapharmacie ou point de vente spécialisé, afin de proposer des routines adaptées et garantir la satisfaction client. Vos principales responsabilités : Accueillir les clients et analyser leurs besoins (diagnostic de peau, écoute active) Recommander les produits dermo-cosmétiques adaptés (peaux sensibles, acné, eczéma, anti-âge, solaire, bébé, etc.) Réaliser des animations commerciales, ateliers et démonstrations produits Assurer le suivi des ventes et fidéliser la clientèle Effectuer une veille sur les produits, tendances et nouveautés Respecter les normes d’hygiène et recommandations dermatologiques Participer à la mise en avant des produits (merchandising, PLV)","Commercial, vente","Luxe, cosmétiques",Intérim,Agadir,Agadir,Non,Débutant < 2 ans - Expérience entre 2 ans et 5 ans - Expérience entre 5 ans et 10 ans - Expérience > 10 ans,Bac+2 - Bac+3 - Bac+4 - Bac+5 et plus,"['Dermo-cosmétique', 'Conseil client', 'Diagnostic de peau', 'Animation Commerciale', 'Hygiène', 'Conseil', 'Formation', 'Animation', 'Merchandising', 'Vente', 'Techniques de Vente', 'Certification', 'Suivi des Ventes']",2026-03-25
https://www.emploi.ma/offre-emploi-maroc/commercial-assurances-decennale-kenitra-9344791,Commercial en Assurances Décennale - Kénitra,ASSU PRO,"Le Projet Dans le cadre de notre structure fraichement créé à Kénitra, nous recrutons des Commerciaux en Assurances Décennale pour développer notre clientèle située sur le marché français. Votre Mission : Prospection de professionnels du BTP, appel des leads frais pour détecter le besoin du client et proposer l assureur adapté.","Commercial, vente","Centres d´appel, hotline, call center",CDI,Rabat-Salé-Kénitra,Kénitra,Oui,Débutant < 2 ans - Expérience entre 2 ans et 5 ans - Expérience entre 5 ans et 10 ans - Expérience > 10 ans,Bac+1 - Bac+2 - Bac+3 - Bac+4 - Bac+5 et plus,"['Vente', 'Prospection']",2026-05-06
https://www.emploi.ma/offre-emploi-maroc/technicien-menuiserie-bois-casablanca-9336984,Technicien en Menuiserie Bois - Casablanca,TECTRA CASA BOURGOGNE – RECRUTEMENT,"Nous recherchons un Technicien en menuiserie bois pour rejoindre notre équipe spécialisée dans la pose et le montage de cuisines encastrables en bois et aluminium. Ce poste implique la réalisation d'installations de cuisines sur mesure, le montage précis des éléments en bois et aluminium, ainsi que le respect des normes de qualité et de sécurité. Le candidat devra travailler dans un environnement dynamique, en assurant la satisfaction des clients et la conformité des travaux réalisés. Missions : Installer et monter des cuisines encastrables en bois et aluminium selon les plans et spécifications techniques. Vérifier la conformité des installations et effectuer les ajustements nécessaires pour assurer un rendu parfait. Utiliser des outils et équipements spécialisés pour la pose et le montage des éléments de cuisine. Assurer la qualité du travail en respectant les normes de sécurité et de finition. Collaborer avec l'équipe pour assurer la coordination et la bonne exécution des projets.",Métiers du BTP,"Ameublement, décoration",CDD - Intérim,Casablanca-Mohammedia,Casablanca,,Expérience entre 2 ans et 5 ans - Expérience entre 5 ans et 10 ans - Expérience > 10 ans,Qualification avant bac - Bac - Bac+1 - Bac+2 - Bac+3 - Bac+4 - Bac+5 et plus,"['cuisine encastrable', 'Aménagement', 'Menuiserie', 'BTP', 'Construction', 'Menuiserie Bois', 'Aménagement Intérieur']",2026-04-30
https://www.emploi.ma/offre-emploi-maroc/chargee-accueil-francophone-casablanca-9341785,Chargée d’Accueil Francophone - Casablanca,CRIT,"Nous recrutons pour le compte de notre client, acteur reconnu dans le secteur automobile, une Chargée d’Accueil Francophone . Missions principales : Accueillir les clients avec professionnalisme et courtoisie Gérer les appels téléphoniques et orienter les demandes Assurer le suivi administratif des dossiers clients Participer à la bonne organisation du service après-vente Représenter l’image de l’entreprise auprès de la clientèle","Secrétariat, assistanat","Automobile, matériels de transport, réparation",Intérim,Casablanca-Mohammedia,Casablanca,,Expérience entre 2 ans et 5 ans,Bac+2,"['Dossiers', 'Assistanat', 'Secrétariat', 'Suivi Administratif']",2026-05-02
https://www.emploi.ma/offre-emploi-maroc/cuisiniere-bouznika-9306814,Cuisinière - Bouznika,TECTRA RABAT - KENITRA,"Nous sommes à la recherche d'une Cuisinière. Missions : Préparer et cuisiner des plats de la cuisine marocaine Assurer la préparation des petits-déjeuners Veiller à la qualité, au goût et à la présentation des préparations Gérer les matières premières et organiser le poste de travail Respecter les normes d’hygiène et de sécurité alimentaire","Tourisme, hôtellerie, restauration","Hôtellerie, restauration",Intérim,Rabat-Salé-Kénitra,Bouznika,,Expérience entre 2 ans et 5 ans - Expérience entre 5 ans et 10 ans - Expérience > 10 ans,Bac+2 - Bac+3 - Bac+4 - Bac+5 et plus,"['Tourisme', 'Cuisine']",2026-04-11
https://www.emploi.ma/offre-emploi-maroc/chauffeurs-permis-c-casablanca-9353385,Chauffeurs Permis C - Casablanca,GENERAL PRIVATE INTERIM,"Dans le cadre du renforcement de notre équipe, OzonExpress , entreprise marocaine spécialisée dans la livraison et le transport, recrute en urgence des Chauffeurs Expérimentés PERMIS C.","Transport, logistique","Transports, logistique, services postaux",CDI,Casablanca-Mohammedia,Casablanca,Non,Expérience entre 2 ans et 5 ans - Expérience entre 5 ans et 10 ans - Expérience > 10 ans,Qualification avant bac - Bac - Bac+1 - Bac+2 - Bac+3 - Bac+4 - Bac+5 et plus,"[""Certificat d'Aptitude à la Conduite en Sécurité"", 'GPS', 'Livraison Logistique', 'Transport']",2026-05-04
https://www.emploi.ma/offre-emploi-maroc/chef-barman-expatriation-cameroun-yaounde-9293551,Chef Barman - Expatriation Cameroun - Yaoundé,AFRICAWORK,"Nous recrutons pour l'un de nos clients, un Restaurant Lounge situé en Cameroun, un Chef Barman. Poste basé à : Yaoundé - Cameroun Responsabilités: Vous reportez au Manager et vos missions seront autour de: Gestion opérationnelle du Bar; Création carte boissons; Management de l'équipe du Bar; Gestion des stocks et des achats; Expérience client et ambiance du bar; Développement commercial; Hygiène et conformité.",Métiers des services,"Hôtellerie, restauration",CDD,International,Yaoundé,Non,Expérience entre 5 ans et 10 ans - Expérience > 10 ans,Bac+2 - Bac+3 - Bac+4 - Bac+5 et plus,['Formation'],2026-04-04
https://www.emploi.ma/offre-emploi-maroc/chargee-accueil-francophone-tanger-9348380,Chargée D’Accueil Francophone - Tanger,CRIT,"Nous recrutons pour le compte de notre client, acteur reconnu dans le secteur automobile, une Chargée d’Accueil Francophone . Missions principales : Accueillir les clients avec professionnalisme et courtoisie Gérer les appels téléphoniques et orienter les demandes Assurer le suivi administratif des dossiers clients Participer à la bonne organisation du service après-vente Représenter l’image de l’entreprise auprès de la clientèle","Secrétariat, assistanat","Automobile, matériels de transport, réparation",Intérim,Tanger-Tétouan-Al Hoceïma,Tanger,,Expérience entre 2 ans et 5 ans,Bac+2,"['Dossiers', 'Assistanat', 'Secrétariat', 'Suivi Administratif', 'Dossiers']",2026-05-07
https://www.emploi.ma/offre-emploi-maroc/charge-portefeuille-mohammedia-9280341,Chargé de Portefeuille - Mohammedia,FONDATION ARRAWAJ,"Nous sommes à la recherche des Chargés de Portefeuille. Missions : En tant que « Chargé de Portefeuille », vous aurez pour principales missions : Gérer et développer le portefeuille client Faire des prospections de nouveaux clients Mettre en avant nos produits et nos services auprès des clients potentiels Accompagner et conseiller les clients Fidéliser les clients Veiller à garder un contact régulier avec les clients Gérer et suivre les dossiers en cours Faire du recouvrement terrain.","Commercial, vente","Banque, assurance, finances",CDI,Casablanca-Mohammedia,Mohammedia,,Débutant < 2 ans - Expérience entre 2 ans et 5 ans - Expérience entre 5 ans et 10 ans - Expérience > 10 ans,Bac+3 - Bac+4 - Bac+5 et plus,"['Comptabilité', 'Vente', 'Finance', 'Recouvrement', 'Gestion', 'Communication', 'Marketing']",2026-03-26
https://www.emploi.ma/offre-emploi-maroc/technicien-laboratoire-casablanca-9300574,Technicien Laboratoire - Casablanca,COLORADO,"Dans le cadre de son projet de développement dédié aux procédés de polymérisation, COLORADO recrute des Techniciens Laboratoire sur son site industriel de Dar Bouazza. Missions du poste : Réaliser les analyses physico-chimiques sur matières premières, produits en cours et produits finis Effectuer les contrôles liés aux procédés de polymérisation (indices, viscosité, conversion, granulométrie, etc.) Préparer les échantillons et les réactifs Interpréter, enregistrer et valider les résultats d’analyses Assurer la traçabilité des essais","Production, maintenance, qualité","Chimie, pétrochimie, matières premières, mines",CDI,Casablanca-Mohammedia,Casablanca,,Débutant < 2 ans - Expérience entre 2 ans et 5 ans - Expérience entre 5 ans et 10 ans - Expérience > 10 ans,Bac+2 - Bac+3 - Bac+4 - Bac+5 et plus,"['Analyse Chimique', 'Analyse Physico-Chimique', 'Polymérisation', 'Procédés', 'Maintenance', 'Qualité', 'Viscosité', 'Granulométrie', 'Polymères', 'Chimie', 'Analyse Chimique']",2026-04-09
https://www.emploi.ma/offre-emploi-maroc/chef-projet-genie-civil-casablanca-9229071,Chef de Projet Génie Civil - Casablanca,EXPERT EYE ENGINEERING,"Nous sommes à la recherche d'un Chef de Projet Génie Civil. Missions : Superviser les études et travaux de génie civil (bâtiments, infrastructures industrielles, ouvrages spéciaux). Assurer la gestion contractuelle et technique du lot GC. Coordonner les interfaces entre disciplines (structure, charpente métallique, fluides, électricité). Mettre en place et suivre les contrôles qualité et HSE. Assurer le suivi des chantiers et la validation des attachements/métrés.",Métiers des services,"Ingénierie, études développement",CDI,Casablanca-Mohammedia,Casablanca,,Expérience entre 5 ans et 10 ans - Expérience > 10 ans,Bac+5 et plus,"['Charpente', 'BTP', 'Structural Analysis', 'REVIT', 'Charpente Métallique', 'Eurocodes']",2026-04-07
https://www.emploi.ma/offre-emploi-maroc/ingenieur-planification-miniere-taliouine-askaoun-9190141,Ingénieur Planification Minière - Taliouine - Askaoun,AYA GOLD AND SILVER,"Nous sommes à la recherche d'un Ingénieur Planification Minière. l'Ingénieur Planification Minière Sénior est chargé de fournir des services de planification minière au sein de la division technique de la mine, en mettant l'accent sur la planification Long terme et stratégique de la société, tout en coordonnant et en fournissant des plans miniers aux ingénieurs intermédiaire et junior. Il assurera également : la préparation des scénarios des budgets de la durée vie de la mine (LOM), l’animation de réunion du budget avec la direction, la réalisation d'une analyse stratégique mensuelle des écarts par rapport aux plans et le réalisé pour identifier les écarts, la support et formation des ingénieurs intermédiaire et junior. En tout temps Ce poste sera un emploi en rotation (fly in/fly out) basé à la mine de Zgounder, au Maroc. Préparer et développer des scénarios de LOM et budgétaires. Préparer des plans miniers continus sur 18 mois pour assurer l'alignement opérationnel avec le plan LOM et le budget annuel. Préparer le plan Forcast chaque fin du mois pour assurer l’alignement opérationnel avec le budget annuel. Préparer et surveiller l’alimentation du planning 18 mois. Assister et animer la réunion Budget et Forcast. Faire des réconciliations mensuelles entre le planifié et le réalisé. Analyser et conseiller sur les risques et opportunités stratégiques identifiés dans toutes les fonctions de planification. Faire et optimiser la conception du design minier. Préparer des rapports mensuels clairement écrits et d'autres documents requis Générer des rapports hebdomadaires et mensuels. Optimiser le plan minier pour optimiser l'extraction des zones minéralisées et minimiser la dilution. Assurer la liaison quotidienne avec la planification et les autres départements. Fournir des conseils et du mentorat aux collègues juniors pour assurer le développement et l'exécution sûrs et réussis. Aider à identifier les gains d'efficacité et les économies de coûts. Assurer des pratiques SST et un environnement de travail sûrs et coopérer avec département HSE. Exécuter d'autres tâches au besoin à l'appui des objectifs de l'entreprise. Encadrement des ingénieurs juniors. Des périodes de temps seront passées dans les chantiers dans un poste de supervision dans le cadre du développement en cours. Adhérer et soutenir toutes les politiques et procédures liées à l'entreprise. Gestion d’interface Gérer l’interface entre la géologie, la planification, la géométrie et les opérations. Entretenir des relations de travail constructives et efficaces avec les employés et les sous-traitants. Gestion de la sécurité S'assurer que toutes les activités de la mine sont menées en toute sécurité et conformément aux normes et procédures de la Société. S'assurer que les procédures et standards sont respectées. Démontrer l’engagement et l’exemplarité en matière de sécurité, sociale et environnementale.","Production, maintenance, qualité","Chimie, pétrochimie, matières premières, mines",CDI,Agadir - Marrakech-Safi,Taliouine - Askaoun,Non,Expérience entre 2 ans et 5 ans - Expérience entre 5 ans et 10 ans - Expérience > 10 ans,Bac+4 - Bac+5 et plus,"['Processus', 'Production', 'Forage', 'Exploitation', 'Qualité', 'Maintenance', 'Exploitation Minière']",2026-04-30
https://www.emploi.ma/offre-emploi-maroc/charge-portefeuille-tpe-casablanca-9282878,Chargé de Portefeuille TPE - Casablanca,FONDATION ARRAWAJ,"Dans le cadre de son développement, la fondation ARRAWAJ recrute des Chargés de Portefeuille TPE H/F au niveau de nos agences à Casablanca. Missions :En tant que Chargé de Portefeuille TPE , vous aurez pour principales missions : Assurer le développement, la gestion et la sécurisation d’un portefeuille des clients TPE , tout en contribuant à la performance commerciale et à la maîtrise du risque. Missions principales: Développer et gérer un portefeuille clients TPE : Prospecter de nouveaux clients TPE, fidéliser les clients TPE existants et assurer un accompagnement de proximité. Commercialiser les produits et services destinés au segment TPE : Identifier les besoins des TPE, conseiller les clients TPE et proposer des solutions financières et non financières adaptées. Analyser les dossiers de crédit et évaluer les risques : Étudier la situation financière des TPE, vérifier les informations, évaluer les garanties et préparer les dossiers conformément aux procédures. Assurer le suivi, le recouvrement et la qualité du portefeuille : Suivre les remboursements, prévenir les risques d’impayés et veiller aux indicateurs de performance Respecter les procédures et assurer le reporting des activités : Appliquer les règles internes, produire les reportings (CRM, visites, prospection, résultats) et contribuer à l’amélioration des pratiques. Assurer le relais entre le terrain, les clients et l’agence : Remonter les besoins des TPE, partager les informations terrain et représenter l’image de l’institution auprès du segment TPE.","Commercial, vente","Banque, assurance, finances",CDI,Casablanca-Mohammedia,Casablanca,,Expérience entre 2 ans et 5 ans - Expérience entre 5 ans et 10 ans - Expérience > 10 ans,Bac+3 - Bac+4 - Bac+5 et plus,"['Microfinance', 'Recouvrement', 'Vente', 'Prospection', 'Communication', 'CRM', 'Finance', 'Négociation', 'Analyse Financière', 'Comptabilité', 'Marketing', 'Gestion', 'Techniques de Vente']",2026-03-27
https://www.emploi.ma/offre-emploi-maroc/responsable-ressources-humaines-hf-mohammedia-9329752,Responsable Ressources Humaines H/F - Mohammedia,TECTRA,"Tectra recrute un(e) Responsable Ressources Humaines H/F pour un laboratoire de renommé sur Mohammedia. Vous aurez pour missions : Piloter et structurer le département RH sur les volets stratégique et opérationnel Gérer le processus de recrutement de A à Z (définition des besoins, sourcing, entretiens, sélection) Mettre en place et suivre le système d’évaluation de la performance Développer les parcours professionnels (plans de carrière, formation) Assurer l’administration du personnel (contrats, paie, congés, dossiers RH, mise à jour des données) Veiller au respect de la législation sociale et gérer les relations sociales (conflits, négociations, représentants du personnel) Produire des reportings RH réguliers et analyser les indicateurs de performance Assurer le rôle de référent RH auprès des équipes et de la direction - Contrat : CDI+avantages sociaux - Rémunération : attractive selon le profil","RH, formation",Industrie pharmaceutique,CDI,Casablanca-Mohammedia,Mohammedia,Non,Expérience entre 5 ans et 10 ans,Bac+5 et plus,"['Formation', 'Fonction RH', 'Administration du Personnel', 'Recrutement', 'Processus de Recrutement']",2026-04-25
https://www.emploi.ma/offre-emploi-maroc/vendeuse-terrain-casablanca-9342155,Vendeuse Terrain - Casablanca,IZIRY,"Iziry, startup innovante dans la distribution de fruits et légumes au Maroc, recrute ses futurs talents à Casablanca ! Votre Mission : Développer et fidéliser un portefeuille de détaillants (Khdara). Assurer la prise de commandes quotidienne sur le terrain. Conseiller les clients sur nos produits frais et de saison.","Commercial, vente",Agroalimentaire,CDI,Casablanca-Mohammedia,Casablanca,,Débutant < 2 ans - Expérience entre 2 ans et 5 ans - Expérience entre 5 ans et 10 ans - Expérience > 10 ans,Bac - Bac+1 - Bac+2 - Bac+3 - Bac+4 - Bac+5 et plus,['Vente'],2026-05-02
https://www.emploi.ma/offre-emploi-maroc/animateur-commercial-assurance-casablanca-9336938,Animateur Commercial Assurance - Casablanca,CRIT,"Nous recherchons un Animateur Commercial Assurance pour rejoindre notre équipe. Ce poste implique la gestion et la promotion des produits d'assurance auprès des clients, ainsi que la mise en œuvre de stratégies commerciales efficaces dans un environnement dynamique. Missions : Assurer la promotion des produits d'assurance auprès de la clientèle. Organiser et animer des campagnes commerciales pour augmenter la visibilité des offres. Analyser les besoins des clients et proposer des solutions adaptées. Suivre et fidéliser le portefeuille client existant. Participer à la mise en place de stratégies de développement commercial.","Commercial, vente","Intérim, recrutement",Intérim,Casablanca-Mohammedia,Casablanca,Non,Débutant < 2 ans,Bac+2,"['Animation Commerciale', 'Vente', 'Développement Commercial', 'Techniques de Vente']",2026-04-29
https://www.emploi.ma/offre-emploi-maroc/receptionniste-fes-9328720,Réceptionniste - Fès,TECTRA FÈS,"Nous recherchons un Réceptionniste pour rejoindre notre équipe dans le secteur de l'hôtellerie et de la restauration. Ce poste implique l'accueil des clients, la gestion des réservations, la coordination avec les autres services et la garantie d'une expérience client de qualité dans un environnement dynamique. Missions : Accueillir chaleureusement les clients à leur arrivée et leur fournir les informations nécessaires. Gérer les réservations et les demandes spéciales des clients avec professionnalisme. Assurer la coordination avec les autres départements pour garantir un service fluide. Répondre aux appels téléphoniques et traiter les courriels de manière efficace. Maintenir un espace de réception propre, organisé et accueillant.","Tourisme, hôtellerie, restauration","Tourisme, loisirs",Intérim,Fès,Fès,,Expérience entre 2 ans et 5 ans,Bac+4,"['Accueil', 'Tourisme', 'Hôtellerie', 'Restauration', 'Gestion Hôtelière']",2026-04-24
https://www.emploi.ma/offre-emploi-maroc/swift-developer-mf-8251956,SWIFT Developer (M/F),AFRICASHORE,"We are looking for SWIFT Developer profiles / CVs to pass on to our clients for their future recruitment campaigns. Mission: We are looking for an iOS/Swift developer responsible for the development and maintenance of applications aimed towards iOS and OS X, including mobile phones, tablets, and full. Plan, design and build advanced and build secure applications for iOS and OS X platform. Monitor the performance, quality, and responsiveness of company s applications. Work with the rest of the team to define, design, and develop new features. Find and fix bugs in a timely manner. Worked in Agile / SCRUM Methodology. Help maintain high-level code quality, organization and automatization. Provide estimates for delivery schedule. Strong Analytical skills.","Informatique, nouvelles technologies","Informatique, SSII, Internet",CDI - CDD - Freelance,Agadir - Béni Mellal-Khénifra - Casablanca-Mohammedia - Dakhla - Errachidia - Fès - Guelmim - Laâyoune - Marrakech-Safi - Meknès - Oujda - Rabat-Salé-Kénitra - Settat - Tanger-Tétouan-Al Hoceïma - International,/ Travail à Distance,,Expérience entre 5 ans et 10 ans,Bac+3,"['MERCURIAL', 'CVS', 'REST', 'GIT', 'SCRUM', 'AGILE', 'SWIFT']",2026-04-13
https://www.emploi.ma/offre-emploi-maroc/comptable-confirme-casablanca-9347120,Comptable Confirmé - Casablanca,TECTRA CASA BOURGOGNE – RECRUTEMENT,"Pour l'un de ces clients opérant dans le secteur de la grande distribution, TECTRA recrute un Comptable Confirmé. Missions principales Tenue et suivi comptable : Enregistrer et contrôler les flux comptables. Superviser la comptabilité des tiers (clients, fournisseurs). Gérer les immobilisations (acquisitions, cessions). Effectuer les rapprochements bancaires. Clôtures et analyses : Réaliser les clôtures mensuelles, trimestrielles et annuelles. Passer les écritures de régularisation et de fin d'exercice. Établir les rapports et analyses financières. Fiscalité et déclarations : Préparer et déposer les déclarations fiscales (TVA, etc.). Gérer les aspects fiscaux et sociaux. Traiter les dossiers de remboursement de taxes.","Gestion, comptabilité, finance","Distribution, vente, commerce de gros",Intérim,Casablanca-Mohammedia,Casablanca,,Expérience entre 5 ans et 10 ans - Expérience > 10 ans,Bac+3 - Bac+4 - Bac+5 et plus,"['Trésorerie', 'Finance', 'Comptabilité', 'Gestion de la Trésorerie', 'Gestion', 'Comptabilité Générale', 'Management', 'Analyse Financière', 'Inventaire', 'Gestion des Immobilisations', 'Fiscalité', 'Suivi de la Trésorerie', 'Trésorerie']",2026-05-06
https://www.emploi.ma/offre-emploi-maroc/conducteur-travaux-batiment-senior-rabat-9349607,Conducteur De Travaux Bâtiment (Senior) - Rabat,JOB CONNECT,Nous recrutons pour notre client à Rabat un Conducteur De Travaux Bâtiment (Senior) . Missions principales : Piloter et coordonner plusieurs chantiers simultanément Élaborer les plannings et suivre l’avancement des travaux Gérer les budgets et optimiser les ressources Encadrer les équipes et les sous-traitants Assurer la relation avec les clients et partenaires Garantir la conformité des travaux,Métiers du BTP,"BTP, construction",CDI,Rabat-Salé-Kénitra,Rabat,,Expérience entre 5 ans et 10 ans - Expérience > 10 ans,Bac+3 - Bac+4 - Bac+5 et plus,['BTP'],2026-05-07
https://www.emploi.ma/offre-emploi-maroc/chimiste-debutant-mohammedia-9348154,Chimiste Débutant - Mohammedia,TECTRA,Tectra recrute pour son client en pétrochimie sur Mohammedia un Chimiste Débutant. - Contrat : d'intérim+avantages sociaux - Salaire : 4000 dh net - Transport et cantine assurés,"Production, maintenance, qualité","Chimie, pétrochimie, matières premières, mines",Intérim,Casablanca-Mohammedia,Mohammedia,Non,Débutant < 2 ans,Bac+2 - Bac+3,"['Qualité', 'Maintenance', 'Production', 'Chimie Industrielle']",2026-05-07
https://www.emploi.ma/offre-emploi-maroc/magasinier-casablanca-9336807,Magasinier - Casablanca,CALLIOPE,"Nous recherchons un Magasinier motivé et rigoureux pour rejoindre notre équipe au dépôt situé à Aïn Sebaâ . Vous serez en charge de la réception, du rangement, de la préparation et de l'expédition des marchandises. Missions principales : Réceptionner et vérifier les livraisons. Ranger les produits dans les emplacements prévus. Préparer les commandes selon les bons de livraison. Participer aux inventaires. Veiller à la propreté et à la sécurité du dépôt.","Transport, logistique","Distribution, vente, commerce de gros",CDI - Anapec,Casablanca-Mohammedia,Casablanca,Non,Expérience entre 2 ans et 5 ans - Expérience entre 5 ans et 10 ans - Expérience > 10 ans,Bac+2 - Bac+3 - Bac+4 - Bac+5 et plus,"['Expédition', 'Transport', 'Rangement', 'Expédition']",2026-04-29
https://www.emploi.ma/offre-emploi-maroc/attache-parc-mohammedia-9189074,Attaché Parc - Mohammedia,,"Une entreprise leader dans son secteur, recrute un Attaché Parc . Vos principales missions seront : Validation et suivi des autorisations de Gasoil; Validation des bons de livraison Gasoil; Contrôle journalier de l'activité de la flotte par GPS; Réalisation de l'état kilométrique mensuel; Analyse de la consommation du Gasoil.","Gestion, comptabilité, finance","Distribution, vente, commerce de gros",CDI,Casablanca-Mohammedia,Mohammedia,,Expérience entre 2 ans et 5 ans,Bac+2,"['Gestion Logistique', 'Gestion', 'Techniques de Gestion', 'Finance', 'Secrétariat', 'Comptabilité', 'Assistanat']",2026-03-20
https://www.emploi.ma/offre-emploi-maroc/assistante-direction-office-manager-casablanca-9271244,Assistante de Direction / Office Manager - Casablanca,SDK WOOD,"Nous recrutons une Assistante de Direction rattachée au Directeur Général. Missions principales Assurer la gestion de l’agenda et l’organisation des rendez-vous du Directeur Général Organiser les réunions et préparer les comptes rendus Gérer les correspondances et assurer le suivi des dossiers de la Direction Générale Préparer des présentations, notes et documents pour la Direction Organiser les déplacements et assurer la coordination logistique Assurer la circulation de l’information entre la Direction Générale et les différents services Garantir la confidentialité des informations traitées","Secrétariat, assistanat","Distribution, vente, commerce de gros",CDI,Casablanca-Mohammedia,Casablanca,Non,Expérience entre 5 ans et 10 ans,Bac+3 - Bac+4 - Bac+5 et plus,"['Rigueur', 'Bon relationnel', 'sens de coordination', 'Assistanat', 'Secrétariat', 'Dossiers', 'Suivi des Dossiers']",2026-03-18
https://www.emploi.ma/offre-emploi-maroc/charge-portefeuille-tiznit-9269169,Chargé de Portefeuille - Tiznit,FONDATION ARRAWAJ,"Nous sommes à la recherche des Chargés de Portefeuille. Missions : En tant que « Chargé de Portefeuille », vous aurez pour principales missions : Gérer et développer le portefeuille client Faire des prospections de nouveaux clients Mettre en avant nos produits et nos services auprès des clients potentiels Accompagner et conseiller les clients Fidéliser les clients Veiller à garder un contact régulier avec les clients Gérer et suivre les dossiers en cours Faire du recouvrement terrain.","Commercial, vente","Banque, assurance, finances",CDI,Agadir,Tiznit,,Débutant < 2 ans - Expérience entre 2 ans et 5 ans - Expérience entre 5 ans et 10 ans - Expérience > 10 ans,Bac+3 - Bac+4 - Bac+5 et plus,"['Vente', 'Recouvrement', 'Finance', 'Comptabilité', 'Gestion']",2026-03-17
https://www.emploi.ma/offre-emploi-maroc/charge-portefeuille-moulay-idriss-zerhoun-9282611,Chargé de Portefeuille - Moulay Idriss Zerhoun,FONDATION ARRAWAJ,"Nous sommes à la recherche des Chargés de Portefeuille. Missions : En tant que « Chargé de Portefeuille », vous aurez pour principales missions : Gérer et développer le portefeuille client Faire des prospections de nouveaux clients Mettre en avant nos produits et nos services auprès des clients potentiels Accompagner et conseiller les clients Fidéliser les clients Veiller à garder un contact régulier avec les clients Gérer et suivre les dossiers en cours Faire du recouvrement terrain.","Commercial, vente","Banque, assurance, finances",CDI,Meknès,Moulay Idriss Zerhoun,,Débutant < 2 ans - Expérience entre 2 ans et 5 ans - Expérience entre 5 ans et 10 ans - Expérience > 10 ans,Bac+3 - Bac+4 - Bac+5 et plus,"['Comptabilité', 'Communication', 'Vente', 'Marketing', 'Recouvrement', 'Gestion', 'Finance']",2026-03-27
https://www.emploi.ma/offre-emploi-maroc/specialiste-cablage-courant-faible-mohammedia-9359952,Spécialiste Câblage et Courant Faible - Mohammedia,BRIQUETERIE JBEL ANNOUR,"Nous recrutons un(e) Spécialiste Câblage & Courant Faible pour assurer l’installation, la maintenance et l’optimisation des systèmes électriques basse tension et des réseaux de communication au sein de notre briqueterie. Vous interviendrez sur des équipements essentiels tels que la vidéosurveillance, le contrôle d’accès, les réseaux informatiques et les systèmes de sécurité. Missions principales : Installation et câblage Réaliser les travaux de câblage courant faible (réseaux informatiques, téléphonie, vidéosurveillance, contrôle d’accès). Installer et raccorder les équipements (caméras, baies de brassage, détecteurs, alarmes, etc.). Lire et interpréter les plans, schémas électriques et synoptiques réseau. Maintenance et dépannage Assurer la maintenance préventive et corrective des installations courant faible. Diagnostiquer les pannes et intervenir rapidement pour garantir la continuité de service. Tester et vérifier le bon fonctionnement des systèmes installés. Réseaux et systèmes Participer à l’installation et à la configuration des réseaux informatiques (LAN, câblage RJ45, fibre optique). Assurer la qualité des connexions et la performance des infrastructures réseau. Collaborer avec l’équipe IT pour l’intégration des équipements. Sécurité et conformité Veiller au respect des normes de sécurité électrique et des réglementations en vigueur. Garantir la conformité des installations aux standards internes et externes. Assurer la traçabilité des interventions et la mise à jour des documents techniques. Amélioration continue Proposer des solutions techniques pour optimiser les installations et réduire les pannes. Participer aux projets d’extension ou de modernisation des infrastructures.",Métiers du BTP,"BTP, construction",CDI,Casablanca-Mohammedia,Mohammedia,Non,Expérience entre 2 ans et 5 ans - Expérience entre 5 ans et 10 ans - Expérience > 10 ans,Bac+2 - Bac+3 - Bac+4 - Bac+5 et plus,"['Câblage', 'Électrotechnique']",2026-05-06
https://www.emploi.ma/offre-emploi-maroc/polyvalent-restauration-oualidia-9314944,Polyvalent Restauration - Oualidia,,"Entreprise spécialisée dans la distribution des produits pétroliers, en plein développement de ses activités, recherche pour son Restaurant situé à la Station-service ADM Oualidia un Polyvalent Restauration. Vous avez en charge d'effectuer le service en salle de restaurant : la préparation de la salle, l’accueil du client, le service à table, l’encaissement et les opérations de remise en état de la salle.","Tourisme, hôtellerie, restauration","Distribution, vente, commerce de gros",Intérim,Casablanca-Mohammedia,Oualidia,Non,Expérience entre 2 ans et 5 ans,Qualification avant bac,"['Conseiller les clients sur les plats et boissons.', 'Restauration', 'Accueil', 'Tourisme']",2026-04-16
https://www.emploi.ma/offre-emploi-maroc/consultant-ingenieur-ia-mission-conseil-ia-home-office-9346749,Consultant Ingénieur IA pour Mission de Conseil en IA - Home Office,EMPLOI.MA,Nous recherchons un Consultant Ingénieur IA pour Mission de Conseil en IA pour rejoindre notre équipe. Ce poste implique l'analyse des processus actuels d'un cabinet de recrutement afin de proposer et d'implémenter des solutions en intelligence artificielle visant à maximiser la valeur ajoutée à travers tous les processus de l'entreprise. Le consultant devra apporter son expertise pour définir des stratégies innovantes et adaptées aux enjeux du secteur. Missions : Analyser les processus existants du cabinet de recrutement pour identifier les opportunités d'intégration de l'IA. Proposer des solutions d'implémentation en intelligence artificielle pour optimiser chaque étape des processus RH et recrutement. Concevoir et recommander des stratégies d'automatisation et d'amélioration continue basées sur l'IA. Assurer la compatibilité des solutions proposées avec les systèmes existants et les besoins spécifiques de l'entreprise. Accompagner la mise en œuvre des solutions IA et former les équipes pour une adoption efficace.,"Informatique, nouvelles technologies","Intérim, recrutement",Freelance,Agadir - Béni Mellal-Khénifra - Casablanca-Mohammedia - Dakhla - Errachidia - Fès - Guelmim - Laâyoune - Marrakech-Safi - Meknès - Oujda - Rabat-Salé-Kénitra - Settat - Tanger-Tétouan-Al Hoceïma - International,Home Office,,Expérience entre 5 ans et 10 ans - Expérience > 10 ans,Bac+5 et plus,[],2026-05-05
https://www.emploi.ma/offre-emploi-maroc/chef-cuisinier-tanger-9360721,Chef Cuisinier - Tanger,GROUPE MCE,"Nous recrutons pour le compte de notre client , un restaurant de luxe un Chef Cuisinier. Missions principales : Créer une identité culinaire distinctive. Construire une carte élégante, précise et évolutive. Structurer la cuisine, les process et les standards. Recruter, former et accompagner la brigade. Garantir une expérience constante et haut de gamme. Allier excellence produit, organisation et rentabilité.","Tourisme, hôtellerie, restauration","Hôtellerie, restauration",CDI,Tanger-Tétouan-Al Hoceïma,Tanger,,Expérience entre 2 ans et 5 ans - Expérience entre 5 ans et 10 ans,Bac+3,"['Cuisine', 'Tourisme']",2026-05-07
https://www.emploi.ma/offre-emploi-maroc/comptable-hf-casablanca-9339224,Comptable (H/F) - Casablanca,,"Une entreprise leader dans son secteur renforce son équipe et recrute un Comptable basé à Casablanca . Rattaché(e) au Chef Comptable , vous participerez activement à la gestion quotidienne et à la fiabilité des opérations comptables. Vos principales missions : Enregistrer et suivre les opérations comptables courantes ; Réaliser les analyses de comptes et assurer leur justification ; Participer aux travaux de clôture et à la préparation des bilans ; Contribuer à l’amélioration continue des processus comptables .","Gestion, comptabilité, finance","Distribution, vente, commerce de gros",CDI,Casablanca-Mohammedia,Casablanca,,Débutant < 2 ans - Expérience entre 2 ans et 5 ans - Expérience entre 5 ans et 10 ans,Bac+2 - Bac+3,"['Comptabilité', 'Finance', 'Fiscalité', 'Gestion', 'Audit', 'Banque', 'Facturation', 'Analyse Comptable', 'Bilan Comptable', 'Audit Comptable', 'Comptabilité']",2026-05-01
https://www.emploi.ma/offre-emploi-maroc/ingenieur-systeme-information-ain-el-aouda-9331580,Ingénieur Système D’Information - Aïn El Aouda,AMANYS PHARMA,"Poste Nous sommes à la recherche d'un Ingénieur Système d’Information. Basé(e) à Ain El Aouda dans la région de Rabat et rattaché(e) au Responsable Système d’Information, vous aurez la responsabilité : Volet systèmes et Applications Administration des ERP (SAP) Administration des bases de données Développement des besoins des utilisateurs(BI,requêtes SQL, états Crystal report …) Administration des différents éléments de sécurité du SI (firewall, mécanismes d’authentification et de sécurisation, VPN, …) ; Administration réseau LAN et WAN (Protocoles de communication, Câblage, Routage, VLAN, VOIP…) Élaboration des architectures réseaux pour le SI Gestion de la sauvegarde, l’archivage et la restauration des données Gestion du parc informatique Résolution des problèmes et des pannes techniques Gestion des comptes et supervision des droits d'accès en fonction des habilitations des utilisateurs Volet projets Gestion des projets de déploiement du SI métier (ERP, GMAO, Workflow…) Recueil des besoins et écriture de cahier des charges Gestion de la réalisation avec les prestataires Volet général Mise à jour et alimentation des données des tableaux de bord (KPI) pour suivre la performance de l’activité IT Rédaction de la documentation, procédures et organisation des formations Veille technologique","Informatique, nouvelles technologies",Industrie pharmaceutique,CDI,Rabat-Salé-Kénitra,Aïn El Aouda,,Expérience entre 2 ans et 5 ans - Expérience entre 5 ans et 10 ans - Expérience > 10 ans,Bac+5 et plus,"['MICROSOFT', 'NAS', 'LDAP', 'HYPER V', 'VMWARE', 'SQL', 'VOIP', 'VPN', 'MDT', 'CISCO', 'WAN', 'CRYSTAL REPORT', 'SAP', 'BI', 'DNS', 'GLPI', 'VLAN', 'DHCP', 'GPO', 'RDS']",2026-04-25
https://www.emploi.ma/offre-emploi-maroc/conseiller-commercial-vehicules-neufs-agadir-9325033,Conseiller Commercial Véhicules Neufs - Agadir,CRIT,"Nous recrutons, pour le compte de l’un de nos clients, Deux Conseillers Commerciaux Véhicules Neufs basé à Agadir. Rattaché(e) à la Direction Commerciale, vous êtes en charge de la commercialisation des véhicules neufs. Vous accueillez, conseillez et accompagnez les clients dans leur projet d’achat en identifiant leurs besoins et en leur proposant des solutions adaptées. Vous assurez la présentation des véhicules, organisez les essais, élaborez les offres commerciales et accompagnez les prospects jusqu’à la conclusion de la vente. Vous veillez à offrir une expérience client de qualité tout au long du parcours. Vous développez et fidélisez votre portefeuille clients, assurez le suivi des leads et contribuez activement à l’atteinte des objectifs commerciaux. Vous participez également à la mise en valeur du showroom et au lancement des nouvelles gammes.","Commercial, vente","Automobile, matériels de transport, réparation",CDI,Agadir,Agadir,Non,Expérience entre 2 ans et 5 ans,Bac+2 - Bac+3 - Bac+4 - Bac+5 et plus,"['Excellent relationnel et sens du service client', 'Techniques de vente et de négociation', 'fidélisation clients', 'Négociation', 'Techniques de Vente', 'Commercialisation', 'Vente']",2026-04-22
https://www.emploi.ma/offre-emploi-maroc/technicien-electricien-cfocfa-hf-rabat-9325188,Technicien Électricien CFO/CFA (H/F) - Rabat,INNOV ENGINEERING CONSULTING,"Nous sommes à la recherche d'un Technicien Électricien CFO/CFA (H/F). Missions principales : Réaliser les plans et schémas électriques sous AutoCAD (CFO/CFA) Participer aux études techniques en électricité (bâtiments et infrastructures) Établir les notes de calcul (éclairage, dimensionnement des câbles, protections, etc.) Élaborer les pièces écrites (CCTP, DQE, estimations) Assister les ingénieurs dans le montage des dossiers techniques Participer au suivi des travaux et aux visites de chantier Veiller au respect des normes et réglementations en vigueur",Métiers du BTP,"BTP, construction",CDI,Rabat-Salé-Kénitra,Rabat,Non,Expérience entre 2 ans et 5 ans - Expérience entre 5 ans et 10 ans - Expérience > 10 ans,Bac+2 - Bac+3 - Bac+4 - Bac+5 et plus,"['AUTOCAD', 'DIALUX', 'Éclairage', 'Génie Électrique', 'Dimensionnement']",2026-04-22
https://www.emploi.ma/offre-emploi-maroc/charge-achats-tanger-9282488,Chargé des Achats - Tanger,GROUPE MCE,"Notre client, un établissement hôtelier de renom, recrute un(e) Chargé(e) des Achats afin d’assurer la gestion et l’optimisation de ses approvisionnements. Missions principales : Gestion des achats Identifier les besoins en approvisionnement (produits alimentaires, équipements, consommables…) Sélectionner et négocier avec les fournisseurs Passer les commandes et assurer leur suivi Optimisation des coûts Négocier les prix, délais et conditions d’achat Mettre en place des stratégies d’optimisation des coûts Suivre les indicateurs de performance achats Gestion des fournisseurs Développer et entretenir un portefeuille fournisseurs Évaluer la qualité des prestations Assurer une veille sur le marché Suivi administratif Gérer les contrats et documents liés aux achats Assurer le suivi des factures en coordination avec la comptabilité",Achats,"Hôtellerie, restauration",CDI,Tanger-Tétouan-Al Hoceïma,Tanger,,Débutant < 2 ans,Bac+2 - Bac+3,"['Approvisionnements', 'Négociation', 'Gestion des Fournisseurs', 'Achats', 'Gestion des Achats']",2026-03-27
https://www.emploi.ma/offre-emploi-maroc/adjoint-shift-magasin-vente-casablanca-9279091,Adjoint Shift Magasin de Vente - Casablanca,LA FONDA,"Nous cherchons un Adjoint Shift Magasin de vente à Casablanca. Missions principales : Assurer la mise en valeur des produits en vitrine et veiller à leur bonne présentation. Organiser le planning et la répartition du travail de l’équipe de vente. Gérer l’ensemble du cycle des marchandises : établissement des commandes, réception et vérification, contrôle qualité, organisation du stockage, retrait des produits non conformes, supervision des inventaires. Contribuer activement au développement du chiffre d’affaires et du portefeuille clients Maîtriser les techniques de conservation, d’hygiène, de sécurité alimentaire et de vente. Assurer la vente et la relation client : accueil, conseil, prise de commande, fidélisation, dynamisation de l’équipe. Gérer l’activité du magasin : analyse des performances, ajustements nécessaires, encadrement du personnel, recrutement et formation continue.","Commercial, vente",Agroalimentaire,Intérim,Casablanca-Mohammedia,Casablanca,,Expérience entre 2 ans et 5 ans - Expérience entre 5 ans et 10 ans - Expérience > 10 ans,Bac+1 - Bac+2 - Bac+3 - Bac+4 - Bac+5 et plus,['Vente'],2026-03-24
https://www.emploi.ma/offre-emploi-maroc/comptable-fournisseur-casablanca-9341786,Comptable Fournisseur - Casablanca,CRIT,"Nous sommes à la recherche d'un Comptable Fournisseur. Missions : Contrôler la conformité des factures et assurer leur traitement Enregistrer les opérations comptables (factures, notes de frais…) Assurer le respect des obligations fiscales, notamment en matière de TVA Gérer et régulariser les litiges fournisseurs Participer aux clôtures mensuelles et aux travaux de réconciliation Analyser les comptes fournisseurs et suivre les écarts Assurer le suivi et l’apurement des comptes non soldés Répondre aux demandes internes, fournisseurs et groupe Mettre à jour les outils de reporting et tableaux de bord Participer aux travaux d’amélioration continue des processus","Gestion, comptabilité, finance","Aéronautique, navale",Intérim,Casablanca-Mohammedia,Casablanca,Non,Expérience entre 2 ans et 5 ans - Expérience entre 5 ans et 10 ans,Bac+5 et plus,"['Comptabilité', 'Comptabilité Fournisseurs', 'Comptabilité', 'Gestion', 'Finance']",2026-05-07
https://www.emploi.ma/offre-emploi-maroc/java-jee-developer-mf-8251945,JAVA JEE Developer (M/F),AFRICASHORE,"We are looking for JAVA JEE Developer profiles / CVs to pass on to our clients for their future recruitment campaigns. Mission: Good exposure to Core Java, MySQL server as DB. Maintain source code control of all application code, scripts, and database definition language. Design, Develop, Implement and/or Manage project. Responsible for development, focusing on designs, coding, testing, quality assurance of complex product features in a development team. Show initiative and drive topics to resolution in a high level of quality, speed, reliability and efficiency considering the essential non-functional requirements. Analyzing clients' requirements and produce technical proposals, solution specifications and design documents. Resolves complex issues within own area of expertise and supports others in resolving issues. Excellent knowledge of Objective C, Xcode, and/or development on any other flavor. Constantly improve own work methods to gain state-of-the-art agile software engineering skills. Enhance skills beyond own core functional focus and works on other tasks for the benefit of the team. Have advanced overall product and technical knowledge and share expertise within and across team and organization. Must have good verbal and written communication skills. Should be a quick learner with sound logical abilities.","Informatique, nouvelles technologies","Informatique, SSII, Internet",CDI - CDD - Freelance,Agadir - Béni Mellal-Khénifra - Casablanca-Mohammedia - Dakhla - Errachidia - Fès - Guelmim - Laâyoune - Marrakech-Safi - Meknès - Oujda - Rabat-Salé-Kénitra - Settat - Tanger-Tétouan-Al Hoceïma - International,/ Travail à Distance,,Expérience entre 5 ans et 10 ans,Bac+3,"['SPRING', 'MYSQL', 'SOAP', 'REST', 'SPARK', 'MAVEN', 'AZURE', 'WEBLOGIC', 'DOCKER', 'HIBERNATE', 'J2EE', 'BIG DATA', 'COUCHBASE', 'JAVA JEE', 'NOSQL', 'HADOOP', 'JAVA', 'CVS', 'GIT', 'AGILE', 'CASSANDRA', 'MVC', 'HTML', 'JENKINS', 'ORACLE', 'JAVASCRIPT', 'ANGULAR JS', 'SQL', 'REDIS', 'JBOSS', 'STRUTS', 'CSS']",2026-04-13
https://www.emploi.ma/offre-emploi-maroc/livreur-quartier-hopitaux-9328785,Livreur - Quartier Des Hôpitaux,BRICOMA,BRICOMA recrute un Livreur . Missions : Assurer la livraison de la marchandise aux clients Participer au chargement et déchargement de son véhicule Conduire le véhicule en respectant les règlements de sécurité et de circulation routière,"Transport, logistique","Distribution, vente, commerce de gros",CDI - CDD - Anapec,Casablanca-Mohammedia,Quartier Des Hôpitaux,,Débutant < 2 ans - Expérience entre 2 ans et 5 ans,Bac - Bac+1 - Bac+2,['Livraison'],2026-04-24
https://www.emploi.ma/offre-emploi-maroc/conseillerere-pedagogique-tout-maroc-9336830,Conseiller(ère) Pédagogique - Tout le Maroc,CALLIOPE,"Vous êtes enseignant(e) ou issu(e) du milieu de l’éducation ? Mettez votre expertise au service d’un nouveau défi stimulant !Rejoignez notre équipe et accompagnez les établissements scolaires dans le choix de ressources pédagogiques innovantes et adaptées à leurs besoins . Nous recrutons actuellement des Conseiller(ère)s Pédagogiques dans plusieurs régions du Maroc . Missions : Démarcher les établissements scolaires et présenter notre gamme de manuels et supports pédagogiques Conseiller et accompagner les enseignants dans le choix des ressources adaptées à leurs besoins Assurer le suivi, la fidélisation et l’organisation d’ateliers ou d’événements pédagogiques","Commercial, vente","Distribution, vente, commerce de gros",CDI,Agadir - Béni Mellal-Khénifra - Casablanca-Mohammedia - Fès - Laâyoune - Marrakech-Safi - Meknès - Rabat-Salé-Kénitra,Tout Le Maroc,Non,Expérience entre 2 ans et 5 ans - Expérience entre 5 ans et 10 ans - Expérience > 10 ans,Bac+3 - Bac+4 - Bac+5 et plus,[],2026-04-29
https://www.emploi.ma/offre-emploi-maroc/technicien-geologue-rabat-9350758,Technicien Géologue - Rabat,TECTRA RABAT - KENITRA,Nous sommes à la recherche d'un Technicien Géologue. Missions : Réalisation des relevés et observations sur le terrain Prélèvement et analyse d’échantillons de sols et roches Assistance aux campagnes de sondages et d’investigations géotechniques Rédaction de rapports techniques Utilisation d’outils SIG et logiciels de traitement de données,Métiers du BTP,"BTP, construction",CDI,Rabat-Salé-Kénitra,Rabat,,Expérience entre 2 ans et 5 ans - Expérience entre 5 ans et 10 ans - Expérience > 10 ans,Bac+2 - Bac+3 - Bac+4 - Bac+5 et plus,"['Géologie', 'Géologie']",2026-04-30
https://www.emploi.ma/offre-emploi-maroc/bim-modeleur-architecture-interieure-rabat-9272615,BIM Modeleur Architecture Intérieure - Rabat,JOB CONNECT,"Pour notre client basé à Casablanca , nous recherchons un BIM Modeleur Architecture . Mission principale Produire des maquettes architecturales conformes aux standards projet, prêtes pour la coordination avec les autres lots et pour les livrables techniques (plans, exports). Responsabilités Produire des maquettes architecturales conformes aux standards projet, prêtes pour la coordination avec les autres lots et pour les livrables techniques (plans, exports). Responsabilités Produire des maquettes architecturales conformes aux standards du projet, prêtes pour coordination et validation. Modéliser les niveaux gros œuvre, enveloppes, cloisons, menuiseries, et finitions avec rigueur et précision. Mettre en place des vues, gabarits, nomenclatures, et filtrages, en garantissant la cohérence des données selon les conventions LOD/LOI. Vérifier la qualité des maquettes, produire les livrables (plans, coupes, façades), et assurer les exports IFC, DWG, PDF. Contrôler la qualité : respect des conventions BIM, cohérence LOD/LOI, vérifications de base. Gérer les mises à jour, intégrer les retours du client ou des partenaires via BCF, et garantir une production alignée aux exigences. Assurer la production des livrables : plans, coupes, façades, exports IFC/DWG/PDF. Gérer les mises à jour, intégrer les retours du client ou des partenaires via BCF, et garantir une production alignée aux exigences.",Métiers du BTP,"BTP, construction",CDI,Rabat-Salé-Kénitra,Rabat,,Expérience entre 2 ans et 5 ans - Expérience entre 5 ans et 10 ans - Expérience > 10 ans,Bac+3 - Bac+4 - Bac+5 et plus,"['BIM', 'Architecture', 'REVIT']",2026-03-27
https://www.emploi.ma/offre-emploi-maroc/chargee-facturation-casablanca-9312843,Chargé(e) de Facturation - Casablanca,TECTRA RECRUTEMENT MAROC,Nous recherchons pour notre client basé à Casablanca une Chargé(e) de Facturation.,"Commercial, vente",Services autres,Intérim,Casablanca-Mohammedia,Casablanca,,Expérience entre 2 ans et 5 ans,Bac+2,"['Vente', 'SAGE', 'Facturation']",2026-04-15
https://www.emploi.ma/offre-emploi-maroc/assistante-financiere-hf-casablanca-9015372,Assistante Financière (H/F) - Casablanca,,"Nous sommes à la recherche d'un(e) Assistante Financière (H/F). Vos responsabilités sont les suivantes : Traiter le courrier postal et électronique ainsi que les appels téléphoniques. Suivre la circulation des parapheurs. Gérer les agendas électroniques et contrôler les échéances. Saisir, mettre en forme des documents divers (courriers, mails, rapports ….), les reproduire et les diffuser. Répondre aux demandes d'informations des autres services et de l'extérieur. Participer à la gestion administrative, financière et/ou des ressources humaines de la structure en appliquant les procédures dédiées. Classer et pré-archiver les documents. Mise à jour des dossiers administratifs: classement des pièces et documents.","Gestion, comptabilité, finance","Distribution, vente, commerce de gros",CDI,Casablanca-Mohammedia,Casablanca,,Débutant < 2 ans - Expérience entre 2 ans et 5 ans,Bac+2 - Bac+3,"['Analyse et contrôle des données financières', 'organisation et gestion des priorités', 'Rigueur et sens du détail', 'Gestion Administrative', 'Dossiers Administratifs', 'Gestion', 'Techniques de Gestion', 'Assistanat', 'Dossiers', 'Secrétariat', 'Finance', 'WORD', 'Comptabilité']",2026-03-20
https://www.emploi.ma/offre-emploi-maroc/agent-tolerie-nouaceur-9301647,Agent Tôlerie - Nouaceur,GENERAL PRIVATE INTERIM,"Nous sommes une société d’intérim à la recherche, pour le compte de notre client opérant dans le secteur industriel, des Agents Tôlerie . Missions principales : Réaliser des opérations de découpe, pliage et assemblage de pièces métalliques Assurer la préparation et le façonnage des éléments en tôle Lire et interpréter les plans techniques Contrôler la qualité des pièces produites Respecter les consignes de sécurité et les procédures de production","Transport, logistique","Aéronautique, navale",Intérim,Casablanca-Mohammedia,Nouaceur,,Expérience entre 2 ans et 5 ans - Expérience entre 5 ans et 10 ans - Expérience > 10 ans,Qualification avant bac - Bac - Bac+1 - Bac+2 - Bac+3 - Bac+4 - Bac+5 et plus,['Assemblage'],2026-04-10
https://www.emploi.ma/offre-emploi-maroc/assistante-direction-generale-marrakech-9338982,Assistante de Direction Générale - Marrakech,SOCIÉTÉ ROUANDI,"Dans le cadre du renforcement de notre organisation basée à Marrakech, nous recrutons une Assistante de Direction Générale (DG) en CDI. Directement rattachée au Directeur Général, vous jouez un rôle central dans l'organisation quotidienne, la coordination des priorités et le suivi des actions stratégiques. Missions : Gérer l'agenda et les plannings de la direction pour assurer une organisation fluide des réunions et des déplacements. Organiser et coordonner les réunions, en préparant les documents nécessaires et en assurant le bon déroulement des événements. Assurer la communication interne et externe en filtrant les appels et en gérant la correspondance. Suivre et préparer les dossiers administratifs et financiers liés aux activités de la direction. Collaborer avec les différents départements pour assurer la cohérence et la fluidité des opérations quotidiennes.","Secrétariat, assistanat","BTP, construction",CDI,Marrakech-Safi,Marrakech,Non,Expérience entre 2 ans et 5 ans - Expérience entre 5 ans et 10 ans - Expérience > 10 ans,Bac+3 - Bac+4 - Bac+5 et plus,"[""Gestion d'Agenda"", 'Organisation de Réunions', 'Dossiers', 'Secrétariat', 'Support', 'Gestion Administrative', 'Assistanat', 'Dossiers Administratifs']",2026-05-07
https://www.emploi.ma/offre-emploi-maroc/cariste-conducteur-chariot-elevateur-experimente-casablanca-9217364,Cariste : Conducteur de Chariot Élévateur Expérimenté - Casablanca,BRICOMA,"Nous sommes à la recherche des Caristes : Conducteurs de Chariot Élévateurs Expérimentés. Missions : Assurer les opérations de chargement, déchargement et déplacement des palettes à l’aide d’un chariot élévateur. Effectuer les chargements et déchargements de camions selon le planning défini. Déplacer les palettes entre les zones de réception, de transit, d’expédition. Ranger les palettes dans les zones tampons ou les zones d'attente selon les instructions du chef d’équipe. Enregistrer les mouvements dans le système (WMS, PDA). Identifier toute anomalie logistique (palette abîmée, référence manquante, etc.). Respecter les consignes de sécurité lors de toutes les manœuvres. Respecter le plan de circulation interne et les règles de priorité.","Transport, logistique","Distribution, vente, commerce de gros",CDI,Casablanca-Mohammedia,Casablanca,,Expérience entre 2 ans et 5 ans - Expérience entre 5 ans et 10 ans - Expérience > 10 ans,Qualification avant bac - Bac - Bac+1 - Bac+2,"['Transport', 'Chargement', 'Expédition', 'Déchargement', 'Transit']",2026-04-07
https://www.emploi.ma/offre-emploi-maroc/attaches-commerciaux-kenitra-larache-9285641,Attachés Commerciaux - Kénitra et Larache,BOTTU,"Bottu cherche des Attachés Commerciaux pour ses deux filiales basées à Kénitra et Larache Mission Assurer la commercialisation des produits pharmaceutiques distribués auprès des pharmacies et cliniques, développer le portefeuille clients, recueillir les commandes et contribuer à l’atteinte des objectifs commerciaux. Principales Attributions Assurer des visites régulières auprès des pharmacies et cliniques relevant de votre secteur. Prospecter de nouvelles pharmacies afin de développer le portefeuille clients. Recueillir les commandes et les transmettre aux services concernés. Assurer le suivi des livraisons et veiller à la satisfaction des clients. Remonter les informations terrain relatives au marché, à la concurrence et aux besoins des pharmacies. Contribuer à l’atteinte des objectifs de chiffre d’affaires. Suivre les encaissements et assurer le recouvrement.","Commercial, vente","Distribution, vente, commerce de gros",CDI,Rabat-Salé-Kénitra,Kénitra Et Larache,,Expérience entre 2 ans et 5 ans,Bac+3,"['Techniques de Vente', 'Recouvrement', 'Vente', 'Commercialisation']",2026-03-31
https://www.emploi.ma/offre-emploi-maroc/magasiner-depot-hf-casablanca-9316603,Magasiner Dépôt H/F - Casablanca,TECTRA CASA BOURGOGNE – RECRUTEMENT,"Pour l'un de ces clients opérant dans la grande distribution , TECTRA recrute des Magasiniers Dépôt H/F. Missions principales Réception des marchandises Réceptionner les livraisons Vérifier la conformité des produits (quantité, qualité, état) Signaler toute anomalie (produits manquants ou endommagés) Gestion des stocks Assurer le rangement des produits selon les procédures Effectuer les inventaires périodiques Suivre les entrées et sorties de stock Maintenir un stock organisé et à jour Préparation des commandes Préparer les commandes internes ou clients Emballer et étiqueter les produits Assurer la disponibilité des articles en magasin Organisation du magasin Maintenir la propreté et l’ordre du dépôt Respecter les règles de sécurité et de stockage Optimiser l’espace de stockage","Commercial, vente","Distribution, vente, commerce de gros",Intérim,Casablanca-Mohammedia,Casablanca,,Expérience entre 2 ans et 5 ans - Expérience entre 5 ans et 10 ans - Expérience > 10 ans,Bac+2 - Bac+3 - Bac+4 - Bac+5 et plus,"['Finance', 'Comptabilité', 'Gestion']",2026-04-17
https://www.emploi.ma/offre-emploi-maroc/infographiste-casablanca-9287595,Infographiste - Casablanca,,"Dans le cadre de notre développement, nous recherchons un(e) infographiste talentueux(se) pour rejoindre notre équipe et contribuer à nos projets de communication visuelle. Missions principales : Concevoir des supports visuels pour la communication interne et externe (affiches, brochures, présentations, publications digitales). Créer et mettre en forme des contenus graphiques adaptés aux différents supports numériques et print. Collaborer avec l’équipe technique pour illustrer des concepts et des projets. Participer à la création d’animations ou de visuels interactifs selon les besoins.","Marketing, communication","Distribution, vente, commerce de gros",CDD,Casablanca-Mohammedia,Casablanca,,"Etudiant, jeune diplômé - Débutant < 2 ans - Expérience entre 2 ans et 5 ans",Qualification avant bac - Bac - Bac+1 - Bac+2 - Bac+3,"['Création Graphique', 'Infographie', 'Projets de Communication', 'Communication', 'Communication Interne', 'Brochures', 'Marketing']",2026-04-01
https://www.emploi.ma/offre-emploi-maroc/cadre-juriste-hf-casablanca-9015359,Cadre Juriste (H/F) - Casablanca,,"Nous sommes à la recherche d'un Cadre Juriste (H/F). Missions : En tant que cadre juriste, vous assurerez les missions principales suivantes : L'analyse des documents contractuels et des risques y afférents ; La rédaction d’avis et de consultations juridiques ; L'aide à la négociation des marchés et contrats de toutes natures ; La participation à la mise en place des polices d’assurances et au suivi des sinistres ; La gestion et suivi de l’ensemble de la documentation relative au droit des sociétés ainsi qu’à son application dans la société (rédaction de statuts, PV d’assemblée …) La Gestion des pré-contentieux et contentieux sociaux et commerciaux en relation avec les avocats et les services opérationnels ; La rédaction de supports et notes juridique; Assurer des missions de conseil et d’audit juridique ; Prendre en charge toutes les autres problématiques juridiques liées à l’activité de l'entreprise.",Juridique,"Distribution, vente, commerce de gros",CDI,Casablanca-Mohammedia,Casablanca,,Expérience entre 2 ans et 5 ans,Bac+3,"['Gestion des contentieux et précontentieux', 'droit des affaires', 'sociétés', 'commercial et travail', 'Conseil juridique et audit', 'Rédaction et analyse de contrats', 'Suivi juridique des assurances et sinistres', 'Veille réglementaire', 'Rigueur', 'confidentialité et sens du détail', 'Esprit d’analyse et de synthèse', 'Bonne communication écrite et orale', 'organisation et gestion des priorités', 'Précontentieux', 'Droit des Sociétés', 'Contentieux', 'Audit Juridique', 'Droit']",2026-03-20
https://www.emploi.ma/offre-emploi-maroc/technicien-maintenance-larache-8724987,Technicien de Maintenance - Tout le Maroc,SALAM GAZ,"Notre entreprise, leader dans l'industrie de l'emplissage et du conditionnement en bouteille, recherche activement un Technicien en Maintenance Polyvalent pour renforcer notre équipe dédiée à maintenir nos équipements de production performants.","Production, maintenance, qualité","Electricité, eau, gaz, nucléaire, énergie",CDI,Agadir - Béni Mellal-Khénifra - Casablanca-Mohammedia - Dakhla - Errachidia - Fès - Guelmim - Laâyoune - Marrakech-Safi - Meknès - Oujda - Rabat-Salé-Kénitra - Settat - Tanger-Tétouan-Al Hoceïma - International,Tout Le Maroc,,Expérience entre 2 ans et 5 ans,Bac+2 - Bac+3 - Bac+4 - Bac+5 et plus,"['Mécanique Hydraulique', 'Industrie', 'Pneumatique', 'Maintenance', 'Production', 'Hydraulique', 'Qualité', 'Hydraulique Pneumatique']",2026-04-17
https://www.emploi.ma/offre-emploi-maroc/assistant-ressources-humaines-hf-meknes-9315788,Assistant Ressources Humaines (H/F) - Meknès,SOMACOS,"Dans le cadre de notre développement, nous recherchons un(e) Assistant(e) des Ressources Humaines pour rejoindre notre équipe. Missions principales : Gérer les processus de recrutement (diffusion et sourcing des profil des annonces, tri des CV, entretiens) Assurer le suivi administratif du personnel (contrats, dossiers salariés, absences) Participer à la gestion de la paie et des déclarations sociales Accueillir et accompagner les nouveaux collaborateurs Veiller au respect de la législation du travail et des procédures internes Assurer la mise à jour des bases de données RH","RH, formation","Industrie, production, fabrication, autres",CDI - CDD,Béni Mellal-Khénifra - Fès - Meknès - Rabat-Salé-Kénitra,Meknès,,Expérience entre 2 ans et 5 ans - Expérience entre 5 ans et 10 ans - Expérience > 10 ans,Bac+2 - Bac+3 - Bac+4 - Bac+5 et plus,"['Recrutement', 'Gestion de la Paie', 'Processus de Recrutement', 'Formation', 'Suivi Administratif']",2026-04-16
https://www.emploi.ma/offre-emploi-maroc/mecanicien-industriel-had-soualem-9358528,Mécanicien Industriel - Had Soualem,TECTRA RECRUTEMENT MAROC,"Nous recherchons un Mécanicien Industriel pour rejoindre notre équipe. Ce poste implique la maintenance, la réparation et l'entretien des équipements industriels afin d'assurer leur bon fonctionnement et leur performance optimale dans un environnement de production dynamique. Missions : Effectuer la maintenance préventive et corrective des machines industrielles pour minimiser les temps d'arrêt. Diagnostiquer et réparer les pannes techniques sur différents équipements de production. Participer à l'installation et à la mise en service de nouveaux équipements. Assurer la conformité des machines aux normes de sécurité et de qualité. Collaborer avec les équipes de production pour optimiser le fonctionnement des installations.","Production, maintenance, qualité","Industrie, production, fabrication, autres",Intérim,Casablanca-Mohammedia,Had Soualem,,Débutant < 2 ans - Expérience entre 2 ans et 5 ans,Bac+2 - Bac+3 - Bac+4 - Bac+5 et plus,"['Machines', 'Maintenance', 'Production', 'Qualité', 'Maintenance Préventive', 'Réparation', 'Maintenance Industrielle']",2026-05-05
https://www.emploi.ma/offre-emploi-maroc/responsable-ordonnancement-birjdid-9273621,Responsable Ordonnancement - Birjdid,TECTRA CASA BOURGOGNE – RECRUTEMENT,"Pour l'un de ces clients opérant dans l'industrie lourde, TECTRA recrute son Responsable Ordonnancement sur Birjdid. Mission principales Élaborer et piloter l’ordonnancement quotidien, hebdomadaire et mensuel des ateliers Prioriser et lancer les ordres de fabrication en fonction des prévisions, commandes clients et niveaux de stock Anticiper et gérer les ruptures matières et les conflits de capacité en coordination avec achats approvisionnement et production Optimiser la charge des postes/ateliers pour maximiser le taux de service et l’utilisation des capacités Suivre les avancements de production, analyser les écarts planning /réalité et proposer actions correctives Mettre en place et suivre les indicateurs clés (PTD taux de respect du planning lead times taux de rendement). Participer aux réunions quotidiennes/hebdomadaires de production et fournir les éléments de reporting","Transport, logistique","Industrie, production, fabrication, autres",CDI,Casablanca-Mohammedia,Birjdid,,Expérience entre 5 ans et 10 ans - Expérience > 10 ans,Bac+3 - Bac+4 - Bac+5 et plus,"['Transport', 'Transport']",2026-03-20
https://www.emploi.ma/offre-emploi-maroc/charge-ressources-humaines-hf-kenitra-9334729,Chargé des Ressources Humaines H/F - Kénitra,AFRICAWORK,"Nous recrutons pour le compte de notre client, filiale marocaine d’un groupe français reconnu, opérant dans le secteur agro-industriel. Le groupe est spécialisé dans la production, la transformation et la commercialisation de produits agricoles à forte valeur ajoutée, principalement destinés à l’export. Lieu : Kenitra, Maroc Contrat : CDI Votre mission Rattaché(e) au Directeur Général de la filiale Maroc et fonctionnellement à la Directrice RH Groupe, vous pilotez l’ensemble des activités RH opérationnelles du site au Maroc. Véritable partenaire des managers, vous contribuez à développer un climat social sain, à assurer une gestion RH rigoureuse et à déployer la politique RH du Groupe en conformité avec le cadre légal marocain. Vos principales responsabilités Recrutement & Intégration Gérer le processus complet de recrutement : définition du besoin, annonces, sourcing, entretiens, sélection. Assurer tout le processus de pre-boarding et onboarding. Développer les relations écoles et les partenariats locaux. Développement des compétences et Gestion des carrières et mobilité Analyser les besoins de formation et mettre en oeuvre le plan de développement des compétences. Organiser la logistique des formations. Mettre en place et accompagner les campagnes d’entretiens annuels. Soutenir les managers dans leurs réflexions organisationnelles. Climat social & Légal Gérer les procédures disciplinaires, entretiens de départ et alertes sociales. Veiller au respect du droit du travail marocain. Administration du personnel & Paie Superviser la paie, les déclarations sociales et les relations avec organismes. Superviser la GTA et les pointages. Reporting RH Mettre en place et suivre les KPI's RH (turnover, formations, masse salariale…). Être force de proposition pour l’amélioration continue.","RH, formation","Agriculture, pêche, aquaculture",CDI,Rabat-Salé-Kénitra,Kénitra,,Expérience entre 5 ans et 10 ans - Expérience > 10 ans,Bac+4 - Bac+5 et plus,"['Gestion RH', 'Politique RH', 'Mobilité', 'Administration du Personnel', 'Formation', 'Recrutement', 'Reporting RH']",2026-04-28
https://www.emploi.ma/offre-emploi-maroc/caissiere-oualidia-9314917,Caissier(e) - Oualidia,,"Entreprise spécialisée dans la distribution des produits pétroliers, en plein développement de ses activités, recherche pour son Restaurant situé à la Station-service ADM Oualidia un Caissier(e). Vous avez en charge les missions suivantes : Assurer l'encaissement au restaurant et shop ""caisse enregistreuse""; Préparer l'espace de travail et prendre connaissances des nouveaux articles ; Assurer le rangement des articles ""shop"" ; Servir la clientèle, la guider et lui fournir les renseignements sur les produits présentés et s’assurer de sa satisfaction ; Effectuer des transactions par la réception des paiements en espèces et carte bancaires ""TPE"" ; Calculer les montants perçus à la fin de quart de travail et les confronter au chiffre total des ventes "" Raz fin de journée et fin de service"" ; Produire le rapport de caisse ""fond de caisse + les encaissements"" ;","Tourisme, hôtellerie, restauration","Distribution, vente, commerce de gros",Intérim,Casablanca-Mohammedia,Oualidia,,Expérience entre 2 ans et 5 ans - Expérience entre 5 ans et 10 ans - Expérience > 10 ans,Bac+2,"['Très bonne connaissance en comptabilité.', 'Tourisme']",2026-04-16
https://www.emploi.ma/offre-emploi-maroc/directeur-usine-directeur-technique-meknes-9273743,Directeur d’Usine / Directeur Technique - Meknès,SOMACOS,"Directeur d’Usine / Directeur Technique (H/F) Secteur : Plasturgie – Irrigation (Goutte-à-goutte et accessoires) Dans le cadre du renforcement de notre organisation, une société industrielle spécialisée dans la fabrication de tuyaux de goutte-à-goutte et d’accessoires d’irrigation , recrute un Directeur d’Usine / Directeur Technique . Missions principales : Rattaché à la Direction Générale, vous aurez pour principales responsabilités : Assurer la direction globale de l’usine (production, maintenance, qualité, sécurité) Définir et mettre en œuvre la stratégie technique et industrielle Planifier, organiser et optimiser la production (extrusion, injection, recyclage plastique, etc.) Garantir la performance industrielle (productivité, coûts, délais, qualité) Superviser les équipes techniques et de production Mettre en place et suivre les indicateurs de performance (KPI) Piloter les projets d’ amélioration continue et d’industrialisation Veiller au respect des normes qualité, sécurité et environnement Participer aux choix d’investissements industriels et technologiques","Production, maintenance, qualité","Industrie, production, fabrication, autres",CDI,Agadir - Béni Mellal-Khénifra - Casablanca-Mohammedia - Dakhla - Errachidia - Fès - Guelmim - Laâyoune - Marrakech-Safi - Meknès - Oujda - Rabat-Salé-Kénitra - Settat - Tanger-Tétouan-Al Hoceïma - International,Meknès,Non,Expérience entre 5 ans et 10 ans - Expérience > 10 ans,Bac+5 et plus,"['direction', 'Expertise Technique', 'Plasturgie', 'Injection Plastique', 'Qualité', 'Irrigation', 'Industrialisation', 'TPM', 'Gestion Industrielle', 'Maintenance', 'Extrusion', 'Génie Industriel', 'Productivité', 'Injection', 'Production', 'Amélioration Continue', 'Procédés']",2026-03-20
https://www.emploi.ma/offre-emploi-maroc/metreur-verificateur-agree-casablanca-9280258,Métreur Vérificateur Agréé - Casablanca,DEKRA SERVICES,Nous recherchons un Métreur Vérificateur Agréé qualifié et expérimenté pour le compte d’une société opérant dans le secteur de la promotion immobilière. Vous serez responsable de la vérification et du contrôle des métrés dans le cadre de projets de construction. Missions principales Vérifier et contrôler les attachements et décomptes des travaux réalisés Élaborer les métrés détaillés des ouvrages selon les plans et cahiers des charges Assurer le contrôle quantitatif et qualitatif des travaux exécutés Établir les situations de travaux et décomptes définitifs Participer aux réunions de chantier et produire les rapports nécessaires Veiller au respect des normes et réglementations en vigueur au Maroc Conseiller les maîtres d'ouvrage sur les aspects techniques et financiers des projets,Métiers du BTP,"BTP, construction",CDI,Casablanca-Mohammedia,Casablanca,,Expérience entre 5 ans et 10 ans - Expérience > 10 ans,Bac+5 et plus,"['REVIT', 'AUTOCAD', 'Architecture', 'Promotion Immobilière', 'BTP']",2026-03-25
https://www.emploi.ma/offre-emploi-maroc/agent-suivi-flotte-gps-casablanca-9356456,Agent de Suivi de Flotte GPS - Casablanca,GENERAL PRIVATE INTERIM,"Nous sommes à la recherche d'un Agent de Suivi de Flotte GPS. Missions : Assurer le suivi quotidien des véhicules via les systèmes GPS Contrôler et analyser la consommation de carburant Gérer le suivi des véhicules en panne et coordonner les réparations nécessaires. Effectuer des suivis terrain et Superviser le parc automobile (vérifications, constats) Élaborer des rapports réguliers à destination de la direction Signaler toute anomalie ou utilisation non conforme des véhicules","Transport, logistique","Transports, logistique, services postaux",CDI,Casablanca-Mohammedia,Casablanca,Non,Débutant < 2 ans - Expérience entre 2 ans et 5 ans - Expérience entre 5 ans et 10 ans - Expérience > 10 ans,Bac+2 - Bac+3 - Bac+4 - Bac+5 et plus,"['GPS', 'Activités Logistiques', 'EXCEL', 'Transport']",2026-05-04
https://www.emploi.ma/offre-emploi-maroc/chef-rang-marrakech-9327766,Chef de Rang - Marrakech,CRIT MARRAKECH,"Nous recrutons pour le compte de notre client, un hôtel, un Chef de Rang . Missions principales : Assurer un service de qualité auprès des clients Gérer et organiser son rang Accueillir, conseiller et servir la clientèle Coordonner avec la cuisine pour le bon déroulement du service Veiller à la satisfaction et à la fidélisation des clients","Tourisme, hôtellerie, restauration","Hôtellerie, restauration",Intérim,Marrakech-Safi,Marrakech,Non,Expérience entre 2 ans et 5 ans,Qualification avant bac,"['Hôtellerie', 'Tourisme', 'Cuisine']",2026-05-01
https://www.emploi.ma/offre-emploi-maroc/javascript-developer-mf-8251946,JAVASCRIPT Developer (M/F),AFRICASHORE,"< We are looking for JAVASCRIPT Developer profiles / CVs to pass on to our clients for their future recruitment campaigns. Mission: Primarily responsible for developing software components using Core JavaScript, HTML5 and CSS. Ensure designs are in compliance with specifications. Prepare and produce releases of software components. Help maintain code quality, organization, unit tests and automation. Support continuous improvement by investigating alternatives and technologies and presenting these for architectural review. Building sustainable coding that may be used in the future. Modifying designs and specifications of complex applications. Analyzing code, requirements, system risks, and software reliability. Leveraging previous development experience and expertise, design and build advanced applications for the mobile and web environments. Develop new API’s, business and UI components, as well as work on bug fixing and improving existing applications, particularly performance and security. Collaborate with cross-functional development teams to define, design, and ship new features. Establish a great rapport with stakeholders (release manager, product owner, QA and others) to maintain high levels of visibility and cross team co-ordination. Continuously discover and evaluate new technologies and tools to maximize development potential.","Informatique, nouvelles technologies","Informatique, SSII, Internet",CDI - CDD - Freelance,Agadir - Béni Mellal-Khénifra - Casablanca-Mohammedia - Dakhla - Errachidia - Fès - Guelmim - Laâyoune - Marrakech-Safi - Meknès - Oujda - Rabat-Salé-Kénitra - Settat - Tanger-Tétouan-Al Hoceïma - International,/ Travail à Distance,,Expérience entre 5 ans et 10 ans,Bac+3,"['DOJO', 'BACKBONE JS', 'MONGODB', 'CSS', 'CVS', 'ANGULAR JS', 'HTML', 'JAVASCRIPT', 'JENKINS', 'API', 'ORACLE', 'JQUERY']",2026-04-13
https://www.emploi.ma/offre-emploi-maroc/delegue-medical-marrakech-9207534,Délégué Médical - Marrakech,CRIT MARRAKECH,"Dans le cadre du renforcement de l’équipe de notre client, nous recrutons des Délégués Médicaux pour les régions de Marrakech et Agadir . Missions principales : Assurer la promotion des produits auprès des professionnels de santé Développer et fidéliser un portefeuille clients Atteindre les objectifs commerciaux fixés Assurer un reporting régulier de l’activité terrain","Commercial, vente",Industrie pharmaceutique,CDI,Agadir - Marrakech-Safi,Marrakech,Non,Expérience entre 2 ans et 5 ans - Expérience entre 5 ans et 10 ans - Expérience > 10 ans,Bac+4 - Bac+5 et plus,"['Négociation', 'Vente']",2026-04-22
https://www.emploi.ma/offre-emploi-maroc/peintre-polyvalent-casablanca-9317695,Peintre Polyvalent - Casablanca,TECTRA CASA TERTIAIRE – RECRUTEMENT,"Pour l’un de ses clients, dans secteur de Restauration, TECTRA recherche un Peintre Polyvalent , à Casablanca. Missions Principales : Réaliser les travaux de peinture (préparation des surfaces, application, finitions) Effectuer des travaux d’électricité de base Réaliser des travaux de carrelage et petites réparations Assurer l’entretien et la rénovation des locaux","Production, maintenance, qualité","Papier, bois, caoutchouc, plastique, verre, tabac",Intérim,Casablanca-Mohammedia,Casablanca,,Débutant < 2 ans - Expérience entre 2 ans et 5 ans - Expérience entre 5 ans et 10 ans - Expérience > 10 ans,Bac - Bac+1 - Bac+2 - Bac+3 - Bac+4 - Bac+5 et plus,"['Maintenance', 'Production', 'Qualité']",2026-04-18
https://www.emploi.ma/offre-emploi-maroc/comptable-interim-hf-casablanca-9349820,Comptable en Intérim (H/F) - Casablanca,DEKRA SERVICES,"Note client, une société de service interbancaire basée à Maarif, cherche dans le cadre de l’intérim, un( e) Comptable. Vous serez en charge de : La comptabilité générale Suivre les opérations bancaires. Comptabiliser les différents flux de trésorerie (Encaissements, Décaissements). Préparer les états de rapprochements bancaires. Préparer, déclarer, comptabiliser et assurer le suivi des déclarations TVA Assurer le classement des différentes pièces comptables. Assurer la réconciliation des comptes généraux","Gestion, comptabilité, finance","Banque, assurance, finances",Intérim,Casablanca-Mohammedia,Casablanca,,Expérience entre 2 ans et 5 ans - Expérience entre 5 ans et 10 ans,Bac+3 - Bac+4 - Bac+5 et plus,"['Comptabilité', 'Trésorerie', 'Opérations Bancaires', 'Comptabilité Générale', 'Gestion']",2026-05-07
https://www.emploi.ma/offre-emploi-maroc/commercial-showroom-ameublement-decoration-casablanca-9350684,Commercial Showroom Ameublement Décoration - Casablanca,TECTRA CASA BOURGOGNE – RECRUTEMENT,"Pour l'un de ces client opérant dans le secteur de fabrication de matériaux de construction haute gamme, TECTRA recrute son Commercial Showroom Ameublement Décoration poste alliant vente technique, conseil en aménagement intérieur et gestion de la relation client haut de gamme Missions Principales Le commercial showroom agit comme un consultant en design et un vendeur sédentaire : Accueil et Conseil Premium : Accueillir les clients (particuliers, architectes, décorateurs) et identifier précisément leurs besoins en aménagement. Vente et Merchandising : Mettre en scène les produits (revêtements, meubles, décoration) dans le showroom pour maximiser l'impact visuel. Conception 3D : Utiliser des logiciels de modélisation pour proposer des plans 3D et des aménagements sur mesure. Gestion Commerciale : Élaborer des devis, relancer les prospects, négocier les conditions de vente et assurer le « closing ». Fidélisation et Suivi : Assurer le suivi des commandes, la gestion des stocks, la livraison et le service après-vente (SAV). Veille et Prospection : Développer un portefeuille de clients, notamment auprès des prescripteurs (architectes, promoteurs immobiliers)","Commercial, vente","Ameublement, décoration",CDD,Casablanca-Mohammedia,Casablanca,,Expérience entre 2 ans et 5 ans - Expérience entre 5 ans et 10 ans - Expérience > 10 ans,Bac+5 et plus,"['connaissance en désign intérieur', 'Prospection', 'CRM', 'Gestion Commerciale', 'Vente', 'Négociation', 'Devis', 'Merchandising']",2026-04-30
https://www.emploi.ma/offre-emploi-maroc/patissier-casablanca-9281721,Pâtissier - Casablanca,TECTRA RECRUTEMENT MAROC,"Nous recrutons pour notre client basé à Casablanca un Pâtissier ayant un intérêt et un talent particulier pour l'élaboration des desserts (pâtisseries, glaces ...) et viennoiseries.","Tourisme, hôtellerie, restauration","Hôtellerie, restauration",Intérim,Casablanca-Mohammedia,Casablanca,,Expérience entre 2 ans et 5 ans,Bac,"['Dressage', 'Tourisme']",2026-03-27
https://www.emploi.ma/offre-emploi-maroc/operateur-cablage-berrechid-9328652,Opérateur Câblage - Berrechid,TECTRA CASA BOURGOGNE – RECRUTEMENT,"Pour l'un de ces client opérant dans le secteur aéronautique, TECTRA recrute des Opérateurs Câblage. Missions principales Pose et assemblage : Installation de fils conducteurs, câbles et connecteurs sur des sous-ensembles électriques ou directement sur l'aéronef. Fixation : Montage des composants sur des supports, tableaux ou dans des structures (radars, prototypes). Contrôle et test : Vérification de la continuité électrique et contrôle de la conformité des assemblages.","Production, maintenance, qualité","Aéronautique, navale",Intérim,Casablanca-Mohammedia,Berrechid,,Débutant < 2 ans - Expérience entre 2 ans et 5 ans - Expérience entre 5 ans et 10 ans - Expérience > 10 ans,Qualification avant bac - Bac - Bac+1 - Bac+2 - Bac+3 - Bac+4 - Bac+5 et plus,"['expérience en cablage', 'Montage', 'Qualité', 'Maintenance', 'Assemblage', 'Production', 'Câblage']",2026-04-24
https://www.emploi.ma/offre-emploi-maroc/coordinateurtrice-examens-cambridge-casablanca-9287038,Coordinateur(trice) Examens Cambridge - Casablanca,CALLIOPE,"Dans le cadre du renforcement de notre équipe, nous recrutons un(e) Coordinateur(trice) Examens Cambridge . Missions principales : Accompagner l’équipe dans la préparation, l’organisation et le bon déroulement des examens Cambridge Veiller au respect strict des procédures et normes liées à la gestion des examens Assurer le suivi de la réception des résultats et leur dispatching aux candidats Gérer les aspects administratifs liés aux examens Participer aux activités pédagogiques et contribuer à l’amélioration continue des processus Assurer la coordination avec les différentes parties prenantes (enseignants, candidats, administration",Métiers des services,"Éducation, formation",CDI,Casablanca-Mohammedia,Casablanca,Non,Expérience entre 2 ans et 5 ans - Expérience entre 5 ans et 10 ans - Expérience > 10 ans,Bac+3 - Bac+4 - Bac+5 et plus,"['Réception', 'Gestion Administrative', 'Secrétariat', 'Administration', 'Assistanat', 'Réception']",2026-04-01
https://www.emploi.ma/offre-emploi-maroc/ingenieur-systeme-zos-middleware-hf-8251976,Ingénieur Système Z/OS Middleware (H/F),AFRICASHORE,"Nous recherchons des profils / CV de Ingénieur Système Z/OS Middleware (H/F ) pour les transmettre à nos clients dans le cadre de leurs futures campagnes de recrutement. Mission : Ingénieur système Z/OS expérimenté, être capable d'installer, de paramétrer, d'activer et d'exécuter tant l'investigation et la résolution des problèmes des produits habituellement utilisés dans un environnement z/OS. Equipe en charge de la gestion d'un environnement mainframe (HW / SW) incluant la sécurité associée (RACF), le stockage (DASD, Tape, B&R, DRP), la conformité, la métrologie, la performance, l'automatisation, les aspects réseaux.","Informatique, nouvelles technologies","Informatique, SSII, Internet",CDI - CDD - Freelance,Agadir - Béni Mellal-Khénifra - Casablanca-Mohammedia - Dakhla - Errachidia - Fès - Guelmim - Laâyoune - Marrakech-Safi - Meknès - Oujda - Rabat-Salé-Kénitra - Settat - Tanger-Tétouan-Al Hoceïma - International,/ Travail En Remote,,Expérience entre 5 ans et 10 ans,Bac+3,"['NETVIEW', 'JAVA', 'ASSEMBLEUR', 'TWS', 'LDAP', 'VTAM', 'COBOL', 'TCP IP']",2026-04-13
https://www.emploi.ma/offre-emploi-maroc/chargee-projet-secteur-associatif-rabat-9287631,Chargé(e) de Projet – Secteur Associatif - Rabat,JOB CONNECT,"Nous recrutons pour le compte de notre client basé à Rabat un(e) Chargé(e) de projet . Sous la supervision du directeur et de la coordinatrice du programme d’Éducation aux Droits Humains, il/elle sera responsable de la mise en œuvre opérationnelle et organisationnelle du projet au sein d’un environnement associatif. Une expérience préalable dans le milieu associatif est obligatoire. Missions principales : Planifier, coordonner et suivre les activités associatives du projet selon le programme convenu Assurer la mise en œuvre opérationnelle et organisationnelle des actions Animer ateliers, formations et rencontres avec les groupes cibles Coordonner le projet avec les associations, institutions et partenaires Développer, gérer et entretenir les partenariats stratégiques Collecter les données et rédiger les rapports narratifs et financiers Contribuer à l’élaboration de propositions et documents pour de nouveaux partenariats Suivre et évaluer l’impact des activités et partenariats, et proposer des ajustements Établir la collecte de fonds, plaidoyer ou suivi-évaluation","Management, direction générale",Activités associatives,CDI,Rabat-Salé-Kénitra,Rabat,,Expérience entre 2 ans et 5 ans - Expérience entre 5 ans et 10 ans,Bac+3 - Bac+4 - Bac+5 et plus,"['Management', 'Gestion']",2026-04-01
https://www.emploi.ma/offre-emploi-maroc/facturier-caissier-mohammedia-9347293,Facturier / Caissier - Mohammedia,TECTRA,Tectra recrute un Facturier / Caissier pour son client sur Mohammedia . Contrat : d'intérim+avantages sociaux Rémunération : 4000 dh - 5000 dh net Mobilité : possible sur jorf lasfar / Sud / Casablanca,"Gestion, comptabilité, finance","Electricité, eau, gaz, nucléaire, énergie",Intérim,Casablanca-Mohammedia,Mohammedia,Non,Débutant < 2 ans,Bac+2 - Bac+3,"['Comptabilité', 'Finance', 'Gestion']",2026-05-06
https://www.emploi.ma/offre-emploi-maroc/femme-chambre-marrakech-9339117,Femme de Chambre - Marrakech,GROUPE MCE,"Nous recherchons un Femme de Chambre pour le compte de notre client . Ce poste consiste à assurer la propreté et l'entretien des chambres et des espaces communs, tout en offrant un service de qualité aux clients dans un environnement professionnel dynamique. Missions : Nettoyer et désinfecter les chambres selon les standards de l'hôtel. Changer la literie, les draps et les serviettes. Vérifier l'état du mobilier et signaler toute anomalie. Réapprovisionner les fournitures dans les chambres. Assurer la propreté des espaces communs et des zones de service.","Tourisme, hôtellerie, restauration","Hôtellerie, restauration",Intérim,Marrakech-Safi,Marrakech,,Débutant < 2 ans - Expérience entre 2 ans et 5 ans,Bac+2,"['Restauration', 'Tourisme', 'Hôtellerie']",2026-05-01
https://www.emploi.ma/offre-emploi-maroc/ingenieur-etudes-solaire-rabat-9338979,Ingénieur D'Etudes Solaire - Rabat,RENEWABLE ENERGY DESIGN,"Dans le cadre d'une croissance soutenue du marché et d'un engagement marqué en faveur des énergies renouvelables (éoliens, hydrogène vert, photovoltaïque...), nous sommes à la recherche d'un Ingénieur d’Études Solaire chargé de concevoir, dimensionner, et optimiser les installations énergétiques tout en intégrant les contraintes techniques, économiques et réglementaires. Missions principales: Réaliser les études techniques et dimensionnements Élaborer les dossiers techniques et plans d'exécution Élaborer et rédiger les modes opératoires Coordonner les équipes techniques et prestataires Assurer un Reporting régulier auprès de la direction","Production, maintenance, qualité","Electricité, eau, gaz, nucléaire, énergie",CDI,Rabat-Salé-Kénitra,Rabat,Non,Expérience entre 2 ans et 5 ans,Bac+5 et plus,"[""Production d'Énergie"", 'Dimensionnement Énergétique', 'Logiciels de simulation', 'études de faisabilité', 'Contrôle de Qualité', 'Irradiation et ressource solaire', 'Photovoltaïque', 'Dimensionnement', 'AUTOCAD', 'Qualité', 'Maintenance', 'CANECO', 'Génie Électrique', 'Production']",2026-05-07
https://www.emploi.ma/offre-emploi-maroc/agent-logistique-administratif-hf-casablanca-9349005,Agent Logistique et Administratif (H/F) - Casablanca,BUDGET LOCASOM,"Dans le cadre du renforcement de ses équipes, LOCASOM recrute un(e) Agent Logistique et Administratif . Vous interviendrez dans la gestion opérationnelle et administrative liée à la livraison et au suivi des véhicules. Missions principales : Assurer les opérations de livraison des véhicules neufs (VN) Veiller à la conformité des documents des véhicules, de la livraison jusqu’à la restitution Assurer le suivi administratif lié à la gestion des véhicules Coordonner avec les différents intervenants (clients, concessionnaires, équipes internes)","Transport, logistique",Services autres,CDI,Casablanca-Mohammedia,Casablanca,,Débutant < 2 ans - Expérience entre 2 ans et 5 ans,Bac+2,"['Gestion Logistique', 'Transport']",2026-05-07
https://www.emploi.ma/offre-emploi-maroc/gerant-station-service-settat-9351521,Gérant de Station-Service - Settat,,"Une grande entreprise leader dans son secteur, recrute un Gérant de Station-Service dans une région proche de Settat . Rattaché(e) à la Direction Réseau Direct, vous êtes l'interlocuteur principal du client, Vos principales missions seront : Gestion et fiabilisation des stocks carburants et lubrifiants; Établissement des rapports journaliers et décadaires d’activités; Suivi et recouvrement des crédits clients; Être le garant de la qualité de service; Être le garant de la sécurité des équipes et des clients; Management et animation des équipes; Prospection des clients.","Commercial, vente","Distribution, vente, commerce de gros",CDI,Casablanca-Mohammedia - Settat,Settat,,Débutant < 2 ans - Expérience entre 2 ans et 5 ans,Bac+3,"['Gestion', 'Stocks', 'Prospection', 'Recouvrement', 'Finance', 'Comptabilité', 'Gestion']",2026-04-30
https://www.emploi.ma/offre-emploi-maroc/chef-responsable-qualite-meknes-9273756,Chef /Responsable Qualité - Meknès,SOMACOS,"Nous recherchons un Responsable Qualité Expérimenté pour piloter et garantir la qualité de nos produits en plasturgie. Rattaché à la direction générale, vous serez responsable de la mise en œuvre, du suivi et de l’amélioration continue de notre système qualité. Missions principales : Définir, mettre en œuvre et suivre la politique qualité de l’entreprise Superviser les contrôles qualité en production (matières premières, process, produits finis) Gérer les audits internes et externes (clients, certifications) Animer les démarches d’amélioration continue (ISO 9001, 14001, etc.) Gérer les non-conformités et mettre en place les actions correctives Former et sensibiliser les équipes aux exigences qualité","Production, maintenance, qualité","Industrie, production, fabrication, autres",CDI,Agadir - Béni Mellal-Khénifra - Casablanca-Mohammedia - Dakhla - Errachidia - Fès - Guelmim - Laâyoune - Marrakech-Safi - Meknès - Oujda - Rabat-Salé-Kénitra - Settat - Tanger-Tétouan-Al Hoceïma - International,Meknès,Non,Expérience entre 2 ans et 5 ans - Expérience entre 5 ans et 10 ans - Expérience > 10 ans,Bac+3 - Bac+4 - Bac+5 et plus,"['Analyse de la Qualité', 'Plasturgie', 'Contrôle de Qualité', 'Essais Laboratoire', 'QHSE', 'HSSE', 'Production', 'Qualité', 'Génie Industriel', 'Maintenance', 'Chimie', 'Process', 'Amélioration Continue', 'Analyse de la Qualité']",2026-03-20
https://www.emploi.ma/offre-emploi-maroc/stagiaire-ressources-humaines-dar-bouazza-9327003,Stagiaire Ressources Humaines - Dar Bouazza,SAINT GOBAIN MAROC,"Nous recherchons un Stagiaire Ressources Humaines - pour notre site à Dar Bouazza pour rejoindre notre équipe. Ce poste implique la gestion des volets recrutement, formation et organisation d’événements liés aux ressources humaines, dans un environnement dynamique et professionnel.","RH, formation","BTP, construction",Stage,Casablanca-Mohammedia,Dar Bouazza,,"Etudiant, jeune diplômé",Bac+5 et plus,"['Gestion des Ressources Humaines', 'Processus RH', 'Recrutement', 'Communication RH', 'Formation']",2026-04-23
https://www.emploi.ma/offre-emploi-maroc/gerant-station-service-khouribga-9306666,Gérant de Station-Service - Khouribga,,"Nous sommes à la recherche d'un Gérant de Station-Service. Rattaché(e) à la Direction Réseau Direct, vous êtes l'interlocuteur principal du client, Vos principales missions seront : Gestion et fiabilisation des stocks carburants et lubrifiants; Établissement des rapports journaliers et décadaires d’activités; Suivi et recouvrement des crédits clients; Être le garant de la qualité de service; Être le garant de la sécurité des équipes et des clients; Management et animation des équipes; Prospection des clients.","Commercial, vente","Distribution, vente, commerce de gros",CDI,Béni Mellal-Khénifra,Khouribga,,Débutant < 2 ans - Expérience entre 2 ans et 5 ans,Bac+3,"['Gestion', 'Stocks', 'Prospection', 'Recouvrement', 'Finance', 'Comptabilité', 'Gestion']",2026-04-11
https://www.emploi.ma/offre-emploi-maroc/assistante-ressources-humaines-paie-rabat-9325623,Assistante Ressources Humaines et Paie - Rabat,JOB CONNECT,"Nous recrutons pour notre client basé à Rabat une Assistante Ressources Humaines et Paie . Missions : Gestion des dossiers du personnel et suivi administratif Préparation et suivi de la paie Suivi des congés, absences et avantages sociaux Assistance dans le recrutement et l’intégration des nouveaux employés Veille au respect des procédures et législation du travail","Secrétariat, assistanat",Secrétariat,CDI,Rabat-Salé-Kénitra,Rabat,,Expérience entre 2 ans et 5 ans - Expérience entre 5 ans et 10 ans,Bac+2 - Bac+3 - Bac+4,"['Suivi Administratif', 'Assistanat', 'Assistance', 'Dossiers', 'Gestion des Dossiers']",2026-04-23
https://www.emploi.ma/offre-emploi-maroc/operateur-hf-casablanca-9315502,Opérateur H/F - Casablanca,BOTTU,"Nous sommes à la recherche d’ Opérateur H/F sur Casablanca. Principales attributions : Participer à l’application du planning de Production-Conditionnement en exécutant les ordres de Fabrication-Conditionnement Conduire les machines et assister aux opérations de fabrication, de conditionnement et de maintenance Participer à la réalisation des contrôles en cours de production et de conditionnement Respecter et faire respecter les bonnes pratiques de fabrication (BPF) Vérifier le nettoyage des locaux et effectuer le nettoyage des équipements.","Production, maintenance, qualité",Industrie pharmaceutique,CDI - Intérim,Casablanca-Mohammedia,Casablanca,,Débutant < 2 ans,Bac+2,"['Fabrication', 'Maintenance', 'BPF', 'Bonnes Pratiques de Fabrication', 'Production', 'Qualité', 'Machines', 'Fabrication']",2026-04-08
https://www.emploi.ma/offre-emploi-maroc/commis-service-hf-casablanca-9279849,Commis Service (H/F) - Casablanca,TECTRA CASA TERTIAIRE – RECRUTEMENT,"L’Humain est au cœur de notre métier ! TECTRA est aujourd’hui le leader du conseil en Ressources Humaines au Maroc. Avec plus de 1000 clients actifs multisectoriels et un réseau de 27 agences partout dans le Royaume, nous vous accompagnons au quotidien dans votre recherche d’emploi. Pour l'un de nos clients prestigieux dans le secteur de l’hôtellerie, nous recherchons actuellement des Commis Service (H/F) passionnés à Casablanca.","Tourisme, hôtellerie, restauration","Évènementiel, hôte(sse), accueil",Intérim,Casablanca-Mohammedia,Casablanca,,"Etudiant, jeune diplômé - Débutant < 2 ans - Expérience entre 2 ans et 5 ans - Expérience entre 5 ans et 10 ans - Expérience > 10 ans",Bac - Bac+1 - Bac+2 - Bac+3 - Bac+4 - Bac+5 et plus,"['Cuisine', 'Hôtellerie']",2026-03-25
https://www.emploi.ma/offre-emploi-maroc/chauffeur-livreur-c-ec-casablanca-9345523,Chauffeur Livreur C-EC - Casablanca,TECTRA,Tectra recrute pour son client sur Casablanca un Chauffeur Livreur permis C-EC avec expérience en livraison . Carte professionnelle obligatoire Contrat intérim+avantages sociaux Rémunération : 3500 dh net,"Commercial, vente",Agroalimentaire,Intérim,Casablanca-Mohammedia,Casablanca,Non,Expérience entre 2 ans et 5 ans,Qualification avant bac,['Vente'],2026-05-05
https://www.emploi.ma/offre-emploi-maroc/conseiller-commercial-vehicules-occasion-agadir-9351060,Conseiller Commercial Véhicules D’Occasion - Agadir,CRIT,Nous sommes à la recherche d'un Conseiller Commercial Véhicules d’Occasion. Missions : Accueillir et accompagner les clients dans leur projet d’achat Identifier les besoins et proposer des véhicules adaptés Assurer la prospection et le suivi des clients Négocier et conclure les ventes Gérer les dossiers administratifs liés aux ventes Fidéliser la clientèle,"Commercial, vente","Intérim, recrutement",CDI,Agadir,Agadir,Non,Débutant < 2 ans - Expérience entre 2 ans et 5 ans,Bac+2 - Bac+3,"['Gestion des Ventes', 'Gestion Commerciale', 'Prospection', 'Gestion des Ventes', 'Suivi des Clients', 'Vente']",2026-04-30
https://www.emploi.ma/offre-emploi-maroc/lead-developpeur-java-jee-hf-8338274,Lead Développeur Java JEE (H/F),AFRICASHORE,"Nous recherchons un Lead Développeur Java JEE (H/F) pour notre client, une société multinationale dans le domaine des services informatiques. Poste & Mission : Intégré-e dans la Direction R&D au sein du service d’Architecture Technique des équipes de Développement, en charge de domaines techniques précis, votre périmètre comprend. Conception et développements techniques sur des technologies java/JEE ; Evolution et maintenance du Framework du progiciel ; Instruction et débogage des problèmes techniques avancés ; Participation au chiffrage et à la conception des composants techniques ; Support niveau 3 aux développeurs métier sur leurs questions liées au Framework ; Instruction des problèmes de performances Java/Base de données/réseau ; Participation à la démarche qualité ; Réalisation de prototypes. Votre parcours d’intégration débutera par une formation à notre solution et aux métiers de l’assurance.","Informatique, nouvelles technologies","Informatique, SSII, Internet",CDI - Freelance,Agadir - Béni Mellal-Khénifra - Casablanca-Mohammedia - Dakhla - Errachidia - Fès - Guelmim - Laâyoune - Marrakech-Safi - Meknès - Oujda - Rabat-Salé-Kénitra - Settat - Tanger-Tétouan-Al Hoceïma - International,/ Travail En Remote,,Expérience entre 5 ans et 10 ans,Bac+3,"['MAVEN', 'UML', 'AGILE', 'SPRING', 'JENKINS', 'HIBERNATE', 'JAVA JEE', 'HTML', 'JAVASCRIPT', 'JUNIT', 'ECLIPSE', 'CSS', 'JAVA']",2026-04-13
https://www.emploi.ma/offre-emploi-maroc/chef-equipe-plasturgie-extrusion-meknes-9190935,Chef D’Équipe Plasturgie – Extrusion - Meknès,SOMACOS,"Dans le cadre de notre activité industrielle en production continue , nous recrutons un Chef d’Équipe Plasturgie – Extrusion .Rattaché au Responsable de Production , vous assurez l’organisation, le pilotage et la réalisation des opérations de production tout en encadrant votre équipe sur le terrain. Vous êtes un chef d’équipe opérationnel , impliqué directement dans la production. Missions principales Organiser et affecter les tâches au sein de l’équipe pendant le poste. Assurer la bonne réalisation de la production conformément aux exigences clients, aux standards qualité et sécurité . Intervenir directement sur les opérations de production : changements de série, montage et démontage des filières et des conformateurs, réglages machines, suivi et préparation des mélanges. Assurer la maintenance de premier niveau . Mettre en place et suivre les 5S sur le poste de travail. Réaliser les contrôles qualité en cours de production. Rédiger les rapports de production et assurer le suivi des indicateurs. Gérer les aléas de production et proposer des actions d’amélioration continue. Être l’ interlocuteur principal entre l’équipe et le Responsable de Production (suivi des performances, communication terrain).","Production, maintenance, qualité","Industrie, production, fabrication, autres",CDI,Agadir - Béni Mellal-Khénifra - Casablanca-Mohammedia - Dakhla - Errachidia - Fès - Guelmim - Laâyoune - Marrakech-Safi - Meknès - Oujda - Rabat-Salé-Kénitra - Settat - Tanger-Tétouan-Al Hoceïma - International,Meknès,Non,Expérience entre 2 ans et 5 ans - Expérience entre 5 ans et 10 ans - Expérience > 10 ans,Bac+3 - Bac+4 - Bac+5 et plus,"['EXTRUSION TUBE', 'Injection Plastique', 'Plasturgie', ""Gestion d'Équipe"", 'Production', 'Machines', 'Démontage', 'Qualité', 'Montage', 'Injection', 'Maintenance', 'Amélioration Continue', 'Extrusion']",2026-04-09
https://www.emploi.ma/offre-emploi-maroc/charge-portefeuille-taroudant-9269170,Chargé de Portefeuille - Taroudant,FONDATION ARRAWAJ,"Nous sommes à la recherche des Chargés de Portefeuille. Missions : En tant que « Chargé de Portefeuille », vous aurez pour principales missions : Gérer et développer le portefeuille client Faire des prospections de nouveaux clients Mettre en avant nos produits et nos services auprès des clients potentiels Accompagner et conseiller les clients Fidéliser les clients Veiller à garder un contact régulier avec les clients Gérer et suivre les dossiers en cours Faire du recouvrement terrain.","Commercial, vente","Banque, assurance, finances",CDI,Agadir,Taroudant,,Débutant < 2 ans - Expérience entre 2 ans et 5 ans - Expérience entre 5 ans et 10 ans - Expérience > 10 ans,Bac+3 - Bac+4 - Bac+5 et plus,"['Finance', 'Vente', 'Comptabilité', 'Recouvrement', 'Gestion']",2026-03-17
https://www.emploi.ma/offre-emploi-maroc/chargee-recrutement-casablanca-ain-sebaa-9279061,Chargé(e) de Recrutement - Casablanca - Ain Sebaa,TECTRA AGENCE AIN SBAA,"Pour l’un de ses clients, dans le secteur de recrutement et d'intérim, TECTRA recherche un(e) Chargé(e) de Recrutement , à Casablanca Ain Sebaa. Missions Principales : Définition du besoin : Recueillir et analyser les besoins auprès des managers opérationnels Sourcing et attractivité : Rédiger et diffuser les offres sur les jobboards et réseaux sociaux professionnels. Chasser des profils via des bases de données (CVthèques). Sélection des candidats : Trier les CV, mener les entretiens de pré-sélection téléphonique et les entretiens physiques ou visio. Suivi et intégration : Accompagner les candidats retenus jusqu'à leur prise de poste ( onboarding) Reporting : Suivre les indicateurs clés (délais de recrutement, qualité des sources) et gérer le vivier de candidatures.","RH, formation","Intérim, recrutement",CDI,Casablanca-Mohammedia,Casablanca - Ain Sebaa,,Expérience entre 2 ans et 5 ans - Expérience entre 5 ans et 10 ans - Expérience > 10 ans,Bac+3 - Bac+4 - Bac+5 et plus,"['Formation', 'Recrutement']",2026-03-24
https://www.emploi.ma/offre-emploi-maroc/ouvrier-polyvalent-casablanca-9271095,Ouvrier Polyvalent - Casablanca,SDK WOOD,"Nous sommes à la recherche des Ouvriers Polyvalents. Rattaché au Chef de dépôt , l’ouvrier polyvalent aura pour missions principales : Participer aux opérations de manutention, chargement et déchargement des marchandises Participer aux opérations de préparation des commandes Aider au rangement et à l’organisation des zones de stockage Assister les équipes du dépôt dans les différentes tâches opérationnelles Veiller au respect des consignes de sécurité et des procédures internes Maintenir la propreté et l’ordre dans les zones de travail","Transport, logistique","Distribution, vente, commerce de gros",CDD,Casablanca-Mohammedia,Casablanca,Non,Expérience entre 2 ans et 5 ans,Qualification avant bac,"['discipliné', 'Sérieux', 'Stockage', 'Rangement', 'Chargement', 'Déchargement', 'Transport']",2026-03-18
https://www.emploi.ma/offre-emploi-maroc/comptable-casablanca-9342040,Comptable - Casablanca,PROFILS RECRUTEMENT,"Dans le cadre de son développement nous recrutons pour une Fiduciaire deux Comptables expérimentés. En tant que Comptable, votre principale mission est de participer à la tenue et/ou la supervision de la comptabilité des clients de la FIDUCIAIRE qui vous seront confiés.","Gestion, comptabilité, finance","Conseil, audit, comptabilité",CDI,Casablanca-Mohammedia,Casablanca,,Expérience entre 2 ans et 5 ans - Expérience entre 5 ans et 10 ans - Expérience > 10 ans,Bac+3 - Bac+4 - Bac+5 et plus,"['Gestion', 'Comptabilité', 'Finance']",2026-05-02
https://www.emploi.ma/offre-emploi-maroc/chef-partie-hot-section-riyadh-saudi-arabia-9342266,"Chef de Partie - Hot Section - Riyadh, Saudi Arabia",AFRICAWORK,"We are recruiting a Chef de Partie - Hot Section for our client, a leading hospitality and catering group operating in Saudi Arabia, specializing in large-scale banqueting, corporate catering, and premium event services. Missions & Tasks: Manage all hot section production including sauces, mains, soups, and banquet hot items. Execute international and continental cuisine to high quality standards consistently. Lead mise en place for banquet events – plan and organize production timelines. Supervise and train commis chefs assigned to the hot section. Ensure section cleanliness, HACCP compliance, and food safety at all times. Coordinate with sous chef on daily production requirements and banquet menus. Control portion sizes, food waste, and stock rotation within the section. Step in as support across sections during large banquet events as needed. Reporting To: Sous Chef / Executive Sous Chef. Directly Supervises: Commis Chefs (Hot Section) – 3 to 5 staff. Coordinates With: CDP Cold, CDP Pastry, Banqueting team, Stores & Procurement. Salary Range: SAR 3,500 - 5,000 net/month (930 - 1,330 USD net/month) depending on experience. Accommodation and transport included for expat candidates. Social Benefits: Accommodation | Transportation | flight ticket | Medical insurance | 21 days annual leave | End-of-service gratuity.",Métiers des services,"Hôtellerie, restauration",CDI,International,"Riyadh, Saudi Arabia",Non,Expérience entre 5 ans et 10 ans - Expérience > 10 ans,Bac - Bac+1 - Bac+2 - Bac+3 - Bac+4 - Bac+5 et plus,"['Support', 'Cuisine', 'Tourisme', 'Catering']",2026-05-02
https://www.emploi.ma/offre-emploi-maroc/vendeur-casablanca-9157838,Vendeur - Casablanca,,Nous recherchons des Vendeurs dynamique pour rejoindre notre équipe dans le secteur de la vente de produit de la cuisine et ménage à Casablanca Bourgogne. Les tâches : Accueillir et conseiller les clients dans leurs choix de produits. Présenter les caractéristiques des produits et leurs avantages. Assurer la mise en rayon et l’organisation du magasin. Participer à la gestion des stocks et aux inventaires. Contribuer à la réalisation des objectifs de vent,"Commercial, vente","Distribution, vente, commerce de gros",CDI,Casablanca-Mohammedia,Casablanca,,Débutant < 2 ans - Expérience entre 2 ans et 5 ans,Qualification avant bac - Bac - Bac+1 - Bac+2 - Bac+3,['Vente'],2026-03-21
https://www.emploi.ma/offre-emploi-maroc/technicien-frigoriste-casablanca-9273694,Technicien Frigoriste - Casablanca,TECTRA RECRUTEMENT MAROC,Nous cherchons pour notre client basé à Casablanca un Technicien Frigoriste.,"Production, maintenance, qualité","Maintenance, entretien, service après vente",CDI - Intérim,Casablanca-Mohammedia,Casablanca,,Expérience entre 2 ans et 5 ans,Bac+2,"['[email protected]', 'Production', 'Qualité']",2026-03-20
https://www.emploi.ma/offre-emploi-maroc/superviseur-production-meknes-9325418,Superviseur de Production - Meknès,SOMACOS,"Nous recrutons : SUR MEKNÈS - Superviseur de Production. 1. Responsabilités principales A. Encadrement & Management Superviser et accompagner les chefs d’équipe dans la gestion de leurs opérateurs. Organiser les briefings de début de poste. Répartir les équipes selon les priorités de production. Assurer une présence active sur le terrain (supervision 80 % du temps en zone de production). Veiller à la discipline, l’assiduité et la ponctualité des équipes. B. Suivi des tâches & contrôle des activités Vérifier la bonne réalisation des tâches quotidiennes des opérateurs et chefs d’équipe. Tenir à jour les fiches de suivi, feuilles de présence, rapports d’activité. Contrôler le respect des procédures de travail standard (SOP). S’assurer que les postes de travail sont préparés et conformes avant chaque début d’activité. C. Qualité & Sécurité Veiller au respect des règles d’hygiène, de sécurité et des normes de qualité. Signaler et documenter toute non-conformité ou incident. Participer aux audits internes ou externes. D. Reporting Renseigner le rapport de production journalier (quantités produites, anomalies, absences, incidents). Remonter immédiatement tout problème impactant la production. Proposer des actions correctives simples.","Production, maintenance, qualité","Industrie, production, fabrication, autres",CDI - CDD,Agadir - Béni Mellal-Khénifra - Casablanca-Mohammedia - Dakhla - Errachidia - Fès - Guelmim - Laâyoune - Marrakech-Safi - Meknès - Oujda - Rabat-Salé-Kénitra - Settat - Tanger-Tétouan-Al Hoceïma - International,Meknès,,Expérience entre 2 ans et 5 ans - Expérience entre 5 ans et 10 ans - Expérience > 10 ans,Bac+1 - Bac+2 - Bac+3 - Bac+4 - Bac+5 et plus,"['Processus', 'Non-Conformité', 'Maintenance', 'Procédés', 'Hygiène', 'Procédés Industriels', 'Qualité', 'Production', 'Normes de Qualité']",2026-04-22
https://www.emploi.ma/offre-emploi-maroc/operateur-montage-kenitra-9304758,Opérateur de Montage - Kénitra,TECTRA,"Pour l’un de ses clients opérant dans le secteur automobile, TECTRA recrute des Opérateurs de Montage basés à Kénitra. Missions Principales : Assemblage de composants automobiles Contrôle des pièces Travail en ligne de production","Production, maintenance, qualité","Automobile, matériels de transport, réparation",Intérim,Rabat-Salé-Kénitra,Kénitra,,Débutant < 2 ans,Qualification avant bac - Bac,"['Production', 'Montage', 'Assemblage', 'Maintenance', 'Qualité']",2026-04-11
https://www.emploi.ma/offre-emploi-maroc/charge-portefeuille-marrakech-9280358,Chargé de Portefeuille - Marrakech,FONDATION ARRAWAJ,"Nous sommes à la recherche des Chargés de Portefeuille. Missions : En tant que « Chargé de Portefeuille », vous aurez pour principales missions : Gérer et développer le portefeuille client Faire des prospections de nouveaux clients Mettre en avant nos produits et nos services auprès des clients potentiels Accompagner et conseiller les clients Fidéliser les clients Veiller à garder un contact régulier avec les clients Gérer et suivre les dossiers en cours Faire du recouvrement terrain.","Commercial, vente","Banque, assurance, finances",CDI,Marrakech-Safi,Marrakech,,Débutant < 2 ans - Expérience entre 2 ans et 5 ans - Expérience entre 5 ans et 10 ans - Expérience > 10 ans,Bac+3 - Bac+4 - Bac+5 et plus,"['Comptabilité', 'Vente', 'Finance', 'Recouvrement', 'Gestion', 'Communication', 'Marketing']",2026-03-26
https://www.emploi.ma/offre-emploi-maroc/technical-sales-representative-data-center-site-power-cdd-casablanca-9348018,Technical Sales Representative (Data Center and Site Power) en CDD - Casablanca,DEKRA SERVICES,"Notre client, opérateur international dans le domaine des télécommunications et leader mondial de son secteur, cherche dans le cadre du développement de ses activités dans le domaine des Data Centers, un(e) Technical Sales Representative (Data Center & Site Power) dans le cadre d'un CDD. Vous jouerez un rôle clé dans l’expansion de notre présence sur le marché marocain des Data Centers, en développant de nouvelles opportunités commerciales et en renforçant notre réseau de partenaires. Missions principales Développer et gérer un portefeuille clients dans le domaine des solutions énergie et data centers Identifier de nouvelles opportunités commerciales et piloter les cycles de vente Promouvoir des solutions techniques adaptées aux besoins clients Collaborer avec les équipes techniques et avant-vente pour construire des offres compétitives Assurer une veille marché et concurrentielle Participer à la stratégie commerciale régionale et aux projets de développement","Commercial, vente","Informatique, SSII, Internet",CDD,Casablanca-Mohammedia,Casablanca,,Expérience entre 2 ans et 5 ans - Expérience entre 5 ans et 10 ans,Bac+4 - Bac+5 et plus,"['Vente', 'Stratégie Commerciale']",2026-05-06
https://www.emploi.ma/offre-emploi-maroc/projeteur-dessinateur-postes-electriques-ththtmt-oujda-9310738,Projeteur Dessinateur Postes Électriques THT/HT/MT - Oujda,ELITE INTERIM MAROC,"Nous sommes à la recherche d'un Projeteur Dessinateur Postes Électriques THT/HT/MT. Vos missions : Réaliser les plans d’implantation et d’exécution des postes électriques Concevoir les schémas unifilaires et multifilaires Assurer la conformité des plans aux normes marocaines (NM, ONEE) et internationales (IEC) Participer aux revues techniques avec l’équipe d’ingénieurs",Métiers du BTP,"BTP, construction",Intérim,Oujda,Oujda,Non,Expérience entre 2 ans et 5 ans - Expérience entre 5 ans et 10 ans - Expérience > 10 ans,Bac+2 - Bac+3 - Bac+4 - Bac+5 et plus,"['SEE ELECTRICAL', 'Électrotechnique', 'Transport', 'AUTOCAD']",2026-04-23
https://www.emploi.ma/offre-emploi-maroc/pharmacienne-ain-aouda-9224923,Pharmacien(ne) - Ain Aouda,AMANYS PHARMA,"Nous sommes à la recherche d'un(e) Pharmacien(ne). Missions : Soutenir et coordonner les activités de qualification et de validation (IQ/OQ/PQ) des équipements, utilités, installations et procédés. Participer à la préparation, la révision et la gestion du Plan Directeur de Validation (VMP) et du Site Master File (SMF) . Réaliser des tournées GMP (GMP walk-throughs) et contribuer à la revue documentaire (BMR, logbooks, déviations, CAPA, change controls). Participer aux audits internes et audits fournisseurs ; assurer le suivi des dossiers d’audit et des CAPA associées. Rédiger, maintenir et mettre à jour les documents AQ : SOP, protocoles et rapports de validation, tableaux de suivi de conformité. Soutenir la coordination des formations GMP, la gestion des enregistrements de formation et l’intégration des nouveaux employés.",Métiers de la santé et du social,Industrie pharmaceutique,CDI,Rabat-Salé-Kénitra,Ain Aouda,Non,Expérience entre 2 ans et 5 ans,Bac+3 - Bac+4 - Bac+5 et plus,"['Santé', 'Microbiologie']",2026-04-25
https://www.emploi.ma/offre-emploi-maroc/animateur-commercial-assurance-casablanca-9331573,Animateur Commercial Assurance - Casablanca,CRIT,"Nous sommes à la recherche d'un Animateur Commercial Assurance. Missions : Animer et développer un réseau d’intermédiaires (agents, courtiers, partenaires) Promouvoir les produits d’assurance Former et accompagner les partenaires sur les offres et techniques de vente Suivre les performances commerciales et les objectifs Mettre en place des actions pour développer le portefeuille Assurer le reporting et remonter les informations terrain","Commercial, vente","Intérim, recrutement",Intérim,Casablanca-Mohammedia,Casablanca,Non,Débutant < 2 ans - Expérience entre 2 ans et 5 ans - Expérience entre 5 ans et 10 ans - Expérience > 10 ans,Bac+3,"['Animation Commerciale', 'Négociation', 'Techniques de Vente', 'Vente']",2026-04-25
https://www.emploi.ma/offre-emploi-maroc/chauffeur-permis-c-nouaceur-9316621,Chauffeur Permis C - Nouaceur,TECTRA CASA BOURGOGNE – RECRUTEMENT,"Pour l'un de ces clients opérant dans la grande distribution,TECTRA recrute des Chauffeurs Permis C . Missions principales Conduite et Livraison : Transporter des marchandises (courte ou longue distance) en respectant les délais et les consignes de sécurité. Gestion du chargement : Superviser ou effectuer le chargement/déchargement, ainsi que l'arrimage des marchandises. Entretien du véhicule : Veiller au bon état du camion (niveaux, pneus, nettoyage) et signaler les pannes. Documents de bord : Assurer la mise à jour du carnet de bord et des documents de transport.","Transport, logistique","Distribution, vente, commerce de gros",Intérim,Casablanca-Mohammedia,Nouaceur,,Expérience entre 2 ans et 5 ans - Expérience entre 5 ans et 10 ans - Expérience > 10 ans,Qualification avant bac - Bac - Bac+1 - Bac+2 - Bac+3 - Bac+4 - Bac+5 et plus,"['Transport', 'Chargement', 'Déchargement']",2026-04-17
https://www.emploi.ma/offre-emploi-maroc/java-developer-mf-8251944,JAVA Developer (M/F),AFRICASHORE,"We are looking for JAVA Developer profiles / CVs to pass on to our clients for their future recruitment campaigns. Mission: Working within a Team to determine needs and applying / customizing existing technology to meet those needs. Producing detailed specifications and writing the program codes that perform efficiently. Write clean, scalable, reusable code using JAVA Framework sach as Spring, Struts, JSF, GWT etc. Lead a team closely with complete authority and accountability to deliver high quality software products in a fast-paced environment. Guide your team members on latest technologies including Java, Spring, Spring-Boot, Angular, Hibernate, Grails, Groovy, Kafka, Redis, Hazelcast, Bootstrap, jQuery etc. Leverage development tools including AWS, GIT, Nginx, Jira, Confluence, Jenkins etc. Understand the detailed requirements and develop the custom application from detailed design specifications. Seek and resolve production problems with new insights. Develop technical solutions following specifications, taking into account functional and non-functional requirements. Produce presentations & documentation to a high standard. Design and implement unit tests, integration tests, performance tests, security tests, mocks. Validate the development done, perform code reviews. Reporting on progress, problems, points of attention and blockages. Participate in meetings with customers or delivery teams to provide technical support or expertise. Support teams from other departments in development tasks as required. Participate in task forces to analyse and resolve application problems quickly.","Informatique, nouvelles technologies","Informatique, SSII, Internet",CDI - CDD - Freelance,Agadir - Béni Mellal-Khénifra - Casablanca-Mohammedia - Dakhla - Errachidia - Fès - Guelmim - Laâyoune - Marrakech-Safi - Meknès - Oujda - Rabat-Salé-Kénitra - Settat - Tanger-Tétouan-Al Hoceïma - International,/ Travail à Distance,,Expérience entre 5 ans et 10 ans,Bac+3,"['JSF', 'SPRING', 'JIRA', 'CONFLUENCE', 'AGILE', 'GRAILS', 'JAVA', 'CVS', 'GWT', 'MYSQL', 'HTML', 'JAVASCRIPT', 'STRUTS', 'JENKINS', 'GIT', 'BOOTSTRAP', 'API', 'REDIS', 'ORACLE', 'GROOVY', 'HIBERNATE', 'JQUERY']",2026-04-13
https://www.emploi.ma/offre-emploi-maroc/secretaire-direction-fes-9290349,Secrétaire de Direction - Fès,TECTRA FÈS,"Une société basée à Fès recherche actuellement des Secrétaires de Direction possédant une formation de niveau Bac+3 ou Bac+4. Missions : Organisation : Gestion de l'agenda, planification de réunions, et coordination de l'emploi du temps. Administration : Rédaction de courriers, comptes rendus, et dossiers stratégiques. Communication : Filtrage d'appels et mails, accueil des visiteurs. Logistique : Organisation des déplacements professionnels.","Commercial, vente",Administration publique,Intérim,Fès,Fès,,Expérience entre 2 ans et 5 ans - Expérience entre 5 ans et 10 ans - Expérience > 10 ans,Bac+3 - Bac+4,"['Assistanat', 'Comptabilité', 'Gestion', 'Vente', 'Secrétariat', 'Rédaction', 'Dossiers']",2026-04-03
https://www.emploi.ma/offre-emploi-maroc/gestionnaire-paie-casablanca-9361459,Gestionnaire de Paie - Casablanca,ELITE INTERIM MAROC,"Nous recherchons un Gestionnaire de paie pour rejoindre notre équipe. Ce poste implique la gestion des processus de paie, la conformité réglementaire et le traitement précis des données salariales. Le candidat devra assurer une administration efficace des salaires tout en respectant les délais et les normes en vigueur. Missions : Gérer le traitement mensuel des paies en conformité avec la législation en vigueur. Assurer la saisie et la vérification des données salariales dans les systèmes informatiques. Veiller à la conformité des déclarations sociales et fiscales liées à la paie. Collaborer avec les autres départements pour assurer une gestion cohérente des ressources humaines. Maintenir à jour la documentation relative aux processus de paie et aux réglementations.","Gestion, comptabilité, finance","Intérim, recrutement",CDI,Casablanca-Mohammedia,Casablanca,Non,Expérience entre 2 ans et 5 ans - Expérience entre 5 ans et 10 ans - Expérience > 10 ans,Bac+5 et plus,"['Gestion Administrative', 'Comptabilité', 'Gestion de la Paie', 'Finance', 'Gestion', 'Formation']",2026-05-07
https://www.emploi.ma/offre-emploi-maroc/stagiaire-developpeur-ia-casablanca-9318976,Stagiaire Développeur IA - Casablanca,IZIRY,"Société dynamique basée à Casablanca, nous digitalisons nos processus métier pour soutenir notre croissance. Nous recherchons un(e) Stagiaire Développeur(se) motivé(e) par l'intégration de technologies d'intelligence artificielle dans des applications concrètes. Missions Développement applicatif : Concevoir et développer des fonctionnalités basées sur l'intelligence artificielle. Intégration d'APIs : Implémenter des services d'IA (LLMs, Vision par ordinateur, Speech-to-text) au sein de nos systèmes existants. Optimisation : Améliorer les scripts et les algorithmes pour garantir la fluidité des outils déployés. Prototypage : Créer des Proof of Concept (PoC) pour répondre à des besoins d'automatisation technique.","Commercial, vente",Agroalimentaire,Stage,Agadir - Béni Mellal-Khénifra - Casablanca-Mohammedia - Dakhla - Errachidia - Fès - Guelmim - Laâyoune - Marrakech-Safi - Meknès - Oujda - Rabat-Salé-Kénitra - Settat - Tanger-Tétouan-Al Hoceïma - International,Casablanca,,"Etudiant, jeune diplômé - Débutant < 2 ans - Expérience entre 2 ans et 5 ans - Expérience entre 5 ans et 10 ans - Expérience > 10 ans",Bac+3 - Bac+4 - Bac+5 et plus,"['Vente', 'Marketing', 'Communication']",2026-04-18
https://www.emploi.ma/offre-emploi-maroc/responsable-paie-chtouka-ait-baha-9339030,Responsable de Paie - Chtouka Ait Baha,QUALITY TOMATO MOROCCO,"QTM est une entreprise spécialisée dans la production de tomates dans la région d’Agadir, reconnue pour son engagement en faveur de la qualité, de la durabilité et du développement des compétences de ses collaborateurs.Dans le cadre de notre expansion, nous recrutons un Responsable de Paie. Missions principales : Élaboration et gestion de la paie : Assurer la gestion complète et autonome du processus de paie, en appliquant la réglementation sociale et fiscale en vigueur et en utilisant Sage Paie pour sécuriser et optimiser la paie. Collecte, contrôle et traitement des éléments variables de paie (heures, absences, congés, primes, etc.) Établissement des bulletins de paie dans le respect de la réglementation sociale et fiscale Gestion des déclarations sociales (CNSS, AMO, autres organismes) Préparation et suivi du paiement des salaires Reporting et amélioration continue Paramétrage, contrôle et optimisation du logiciel Sage Paie lors de sa mise en place. Production des états de paie, tableaux de bord et reportings sociaux Suivi du pointage journalier Proposition d’améliorations des processus de paie et d’administration du personnel Contribution à l’optimisation des outils et procédures RH Administration du personnel Suivi des entrées et sorties du personnel Vérification des contrats de travail et des RIB Suivi des congés, absences et arrêts de travail Rôle d’interlocuteur(trice) principal(e) des salariés pour toutes les questions liées à la paie Participation aux audits internes et externes","RH, formation","Agriculture, pêche, aquaculture",CDI,Agadir,Chtouka Ait Baha,Non,Expérience entre 2 ans et 5 ans - Expérience entre 5 ans et 10 ans - Expérience > 10 ans,Bac+3 - Bac+4 - Bac+5 et plus,"['Payroll Management', 'Gestion de la Paie', 'Formation', 'Administration du Personnel', 'Payroll Management']",2026-05-01
https://www.emploi.ma/offre-emploi-maroc/secretaire-cabinet-topographe-rabat-9348051,Secrétaire – Cabinet de Topographe - Rabat,JOB CONNECT,"Nous recrutons pour le compte de notre client basé à Rabat, Une Secrétaire Administrative dans un cabinet de topographe . Missions principales : Assurer l’accueil physique et téléphonique des clients Gérer le courrier entrant et sortant Rédiger et mettre en forme les documents administratifs Établir les devis, bons de commande et bons de livraison Assurer le suivi administratif des dossiers clients Classer et archiver les documents Assister le topographe dans les tâches administratives quotidiennes",Métiers des services,Secrétariat,CDI,Rabat-Salé-Kénitra,Rabat,,Expérience entre 2 ans et 5 ans,Bac+2 - Bac+3,"['Livraison', 'Accueil', 'Devis']",2026-05-06
https://www.emploi.ma/offre-emploi-maroc/zone-manager-vn-casablanca-9356425,Zone Manager VN - Casablanca,CRIT,"Nous sommes à la recherche d'un Zone Manager VN. Rattaché(e) à la Direction, vous intervenez en tant que manager dans le secteur automobile et êtes responsable du déploiement de la politique commerciale de la marque au sein de votre zone. Vous négociez et suivez les objectifs de ventes avec les distributeurs, analysez les performances commerciales et mettez en place des plans d’actions afin de développer l’activité VN.Vous veillez au bon approvisionnement du réseau, au suivi des stocks ainsi qu’à la gestion des encours et des risques. Sur le terrain, vous accompagnez les équipes commerciales dans leurs actions de prospection et contribuez à la mise en place des plans marketing locaux. Vous garantissez également le respect des standards de la marque, participez à l’amélioration de la satisfaction client et assurez un reporting régulier à la Direction","Commercial, vente","Intérim, recrutement",CDI,Casablanca-Mohammedia,Casablanca,Non,Expérience entre 2 ans et 5 ans - Expérience entre 5 ans et 10 ans,Bac+3 - Bac+4 - Bac+5 et plus,"['Gestion des Ventes', 'Commercialisation', 'Techniques de Vente', 'Vente', 'Gestion des Ventes', 'Prospection']",2026-05-04
https://www.emploi.ma/offre-emploi-maroc/chauffeur-camion-mohammedia-9322353,Chauffeur de Camion - Mohammedia,BATIFER,Nous sommes à la recherche d'un Chauffeur de Camion. Missions : Contrôler l'état de fonctionnement du véhicule Réaliser les opérations d'attelage Définir un itinéraire en fonction des consignes de livraison Organiser ou contrôler le chargement des marchandises dans le véhicule Vérifier la présence et la conformité des documents de bord et de transport Vérifier la conformité de la livraison Organiser le transfert et la livraison des produits aux clients Réaliser un suivi d'activité Déclencher les mesures d'urgence en cas d'incident,"Transport, logistique","Industrie, production, fabrication, autres",CDI,Casablanca-Mohammedia,Mohammedia,,Expérience entre 5 ans et 10 ans - Expérience > 10 ans,Bac - Bac+1 - Bac+2 - Bac+3 - Bac+4 - Bac+5 et plus,"['Déchargement', 'Chargement', 'Transport']",2026-04-21
https://www.emploi.ma/offre-emploi-maroc/agent-facturation-recouvrement-casablanca-9349295,Agent de Facturation et de Recouvrement - Casablanca,EDVANTIS HIGHER EDUCATION GROUP,"Dans le cadre de son développement, le groupe Edvantis recrute pour son campus à Casablanca un(e) Agent de Facturation et de Recouvrement. Missions : L'établissement des factures annuelles, La gestion et le suivi du recouvrement des créances.","Commercial, vente","Éducation, formation",CDI,Casablanca-Mohammedia,Casablanca,,Débutant < 2 ans - Expérience entre 2 ans et 5 ans - Expérience entre 5 ans et 10 ans - Expérience > 10 ans,Bac+2 - Bac+3 - Bac+4 - Bac+5 et plus,"['Facturation', 'Recouvrement', 'Gestion', 'Finance', 'Comptabilité', 'Vente', 'Facturation']",2026-05-07
https://www.emploi.ma/offre-emploi-maroc/responsable-maintenance-ait-melloul-9275576,Responsable Maintenance - Ait Melloul,VETCAM,"Dans le cadre du renforcement de ses équipes, notre entreprise spécialisée dans la fabrication de matériaux de construction (préfabrication béton, pavés et produits dérivés) recrute un Responsable Maintenance chargé d’assurer la disponibilité, la fiabilité et l’optimisation des équipements de production. Rattaché à la Direction Industrielle, vos principales responsabilités seront : Superviser et coordonner l’ensemble des activités de maintenance préventive, corrective et améliorative des équipements industriels. Assurer la gestion et l’encadrement de l’équipe maintenance (techniciens et agents de maintenance) : planification des interventions, répartition des tâches et montée en compétence des équipes. Mettre en place et suivre un plan de maintenance préventive efficace afin de limiter les pannes et optimiser la durée de vie des équipements. Diagnostiquer les pannes techniques et mettre en œuvre des actions rapides pour réduire les arrêts machines et les pertes de production . Garantir la disponibilité et la performance des installations industrielles (centrales à béton, presses à pavés, convoyeurs, moules, systèmes hydrauliques, etc.). Mettre en œuvre des actions d’amélioration continue visant à réduire les temps d’arrêt et améliorer la productivité. Assurer la gestion du stock des pièces de rechange et optimiser les coûts de maintenance. Élaborer et suivre les indicateurs de performance maintenance (taux de disponibilité, temps d’arrêt, MTBF, MTTR, etc.). Assurer un reporting régulier à la direction sur les performances techniques, les incidents majeurs et les actions d’amélioration. Veiller au respect des normes de sécurité, d’hygiène et de qualité dans toutes les opérations de maintenance.",Métiers du BTP,"BTP, construction",CDI,Agadir,Ait Melloul,Non,Expérience entre 2 ans et 5 ans,Bac+4 - Bac+5 et plus,"['Production', 'GMAO', 'Génie Industriel', 'Machines', 'Maintenance Préventive', 'Amélioration Continue', 'MTBF', 'Génie Mécanique', 'Construction', 'Électromécanique', 'Maintenance', 'Qualité', 'Productivité', 'Fabrication', 'Hygiène']",2026-03-21
https://www.emploi.ma/offre-emploi-maroc/charge-portefeuille-oued-amlil-9289202,Chargé de Portefeuille - Oued Amlil,FONDATION ARRAWAJ,"Fondation ARRAWAJ, est un acteur économique et social majeur dans le secteur de la micro-finance, elle s’appuie sur un capital humain fort de plus de 2000 collaborateurs, réparti sur un réseau de plus de 208 agences.Dans le cadre de son développement, la fondation ARRAWAJ recrute des Chargés de Portefeuille H/F au niveau de nos agences à Oued amlil . Missions : En tant que « Chargé de Portefeuille », vous aurez pour principales missions : Gérer et développer le portefeuille client Faire des prospections de nouveaux clients Mettre en avant nos produits et nos services auprès des clients potentiels Accompagner et conseiller les clients Fidéliser les clients Veiller à garder un contact régulier avec les clients Gérer et suivre les dossiers en cours Faire du recouvrement terrain.","Commercial, vente","Banque, assurance, finances",CDI,Fès - Oujda,Oued Amlil,,Débutant < 2 ans - Expérience entre 2 ans et 5 ans - Expérience entre 5 ans et 10 ans - Expérience > 10 ans,Bac+2 - Bac+3 - Bac+4 - Bac+5 et plus,"['Vente', 'Recouvrement']",2026-04-02
https://www.emploi.ma/offre-emploi-maroc/conseillere-vente-cosmetique-casablanca-9310868,Conseillère de Vente en Cosmétique - Casablanca,TECTRA CASA BOURGOGNE – RECRUTEMENT,"Pour l'un de ces clients opérant dans la grande distribution, Tectra recrute des Conseillères de Vente en Cosmétique. Mission principales : Accueil et Conseil personnalisé : Identifier les besoins, analyser le type de peau et recommander les produits adaptés (soins, maquillage, parfums). Démonstration et Vente : Appliquer les produits, expliquer les techniques d'utilisation et conclure la vente. Mise en valeur (Merchandising) : Réceptionner les marchandises, assurer le réassort, et veiller à la propreté et à l'attractivité des rayons. Fidélisation : Créer un lien de confiance, offrir des échantillons et assurer un suivi client","Commercial, vente","Distribution, vente, commerce de gros",Intérim,Casablanca-Mohammedia,Casablanca,,Expérience entre 2 ans et 5 ans - Expérience entre 5 ans et 10 ans - Expérience > 10 ans,Qualification avant bac - Bac - Bac+1 - Bac+2 - Bac+3 - Bac+4 - Bac+5 et plus,"['Vente', 'Techniques de Vente', 'Merchandising']",2026-04-14
https://www.emploi.ma/offre-emploi-maroc/ingenieur-genie-civil-casablanca-9339528,Ingénieur Génie Civil - Casablanca,PROFILS RECRUTEMENT,"Nous recrutons pour notre client, une société spécialisée dans les travaux de construction un Ingénieur Génie Civil. Ce poste implique la conception, la planification et la supervision de projets de construction, ainsi que la gestion de diverses phases de travaux dans le secteur du BTP. Missions : Analyser les plans et les spécifications techniques pour élaborer des solutions adaptées aux projets de construction. Coordonner les activités sur le chantier et assurer le suivi de l'avancement des travaux. Gérer les relations avec les fournisseurs, sous-traitants et autres intervenants du projet. Contrôler la qualité des travaux réalisés et veiller au respect des délais et du budget. Participer à la rédaction des rapports techniques et des documents administratifs liés aux projets.",Métiers du BTP,"BTP, construction",CDI,Casablanca-Mohammedia,Casablanca,,"Etudiant, jeune diplômé - Débutant < 2 ans - Expérience entre 2 ans et 5 ans - Expérience entre 5 ans et 10 ans - Expérience > 10 ans",Bac+5 et plus,"['BTP', 'Expertise Technique', 'Construction']",2026-05-01
https://www.emploi.ma/offre-emploi-maroc/superviseur-maintenance-b-b-mohammedia-avec-deplacements-frequents-9301576,Superviseur Maintenance et B to B - Mohammedia avec Déplacements Fréquents,,"Entreprise spécialisée dans la distribution des produits pétroliers, en plein développement de ses activités, recherche un Superviseur Maintenance et B to B . Rattaché à la Direction Technique, vous avez en charge la disponibilité, la conformité réglementaire et la sécurité des équipements des stations-service, points de ventes et centres d’intérêt de l’entreprise afin d’assurer la continuité d’exploitation et la satisfaction clients. Vous aurez également pour mission : les prés visites aux chantiers et examiner les besoins clients pour estimation (objectif d'optimisation). les formations des gérants et partenaires sur l'exploitation des moyens de service. déploiement des procédures ; la supervision et l’animation de la maintenance préventive: équipes, moyens, outils, avancement. le déploiement des bonnes pratiques QHSE sur nos sites: formation, sensibilisation et comportement. l'exploitation des rapports de visite. la préparation des travaux à réaliser. les implantations des travaux neufs si besoin est. La supervision des travaux sur le terrain ; Les réunions de mise au point, rapports mensuels et réunions de communication avec les prestataires externes. Les Interventions sur les équipements en cas d'urgence.","Production, maintenance, qualité","Distribution, vente, commerce de gros",CDI,Casablanca-Mohammedia,Mohammedia Avec Déplacements Fréquents,,Expérience entre 2 ans et 5 ans,Bac+2 - Bac+3,"['Très bonnes connaissance technique du secteur : mécanique', 'Éléctricité', 'Électrotechnique', 'Hydraulique', 'Pneumatique', 'plomberie et chaudronnerie…', 'Hydraulique Pneumatique', 'Exploitation', 'Produits Pétroliers', 'QHSE', 'Maintenance Préventive', 'Production', 'Maintenance', 'Maintenance Industrielle', 'Qualité', 'Plomberie']",2026-04-10
https://www.emploi.ma/offre-emploi-maroc/responsable-administratif-casablanca-9270642,Responsable Administratif - Casablanca,,"Dans le cadre de sa croissance, une grande structure basée à Casablanca recrute un Responsable Administratif. Vos principales missions sont les suivantes : Assurer le suivi administratif des activités de l’entreprise et contribuer à l’organisation générale du fonctionnement interne. Participer à la préparation et au suivi des plans d’actions et des activités annuelles en coordination avec la direction générale. Assurer le suivi des dossiers administratifs et veiller à la bonne circulation de l’information entre les différents services. Mettre en place et améliorer les procédures administratives afin d’optimiser l’organisation interne et la gestion documentaire. Assurer le suivi administratif des contrats et des documents officiels de l’entreprise. Veiller au respect des procédures internes et à la conformité administrative des activités de l’entreprise. Coordonner les activités administratives entre les différents départements (technique, RH, informatique, etc.). Préparer et consolider les reportings administratifs destinés à la direction générale. Collecter, organiser et analyser les informations nécessaires au suivi des activités de l’entreprise. Mettre en place et suivre des indicateurs administratifs afin d’appuyer la direction dans le pilotage des activités.","Gestion, comptabilité, finance","Distribution, vente, commerce de gros",CDI,Casablanca-Mohammedia,Casablanca,,Expérience entre 5 ans et 10 ans - Expérience > 10 ans,Bac+4 - Bac+5 et plus,"['Gestion Administrative', 'Administration générale', 'Responsable administratif', 'Coordination administrative', 'Reporting et tableaux de bord', 'Gestion', 'Pilotage de Projets', 'Gestion des procédures', 'Organisation Administrative', 'Évaluation Financière', 'Suivi Administratif', 'Finance', 'Comptabilité', 'Dossiers Administratifs', 'Management']",2026-03-18
https://www.emploi.ma/offre-emploi-maroc/stagiaire-technicien-specialise-electromecanique-casablanca-9267304,Stagiaire Technicien Spécialisé en Électromécanique - Casablanca,,"Nous recherchons un Stagiaire Technicien Spécialisé en Électromécanique pour rejoindre notre équipe technique. Sous la supervision du responsable maintenance, le stagiaire participera aux différentes activités de maintenance et d’exploitation des équipements industriels.","Production, maintenance, qualité","Industrie, production, fabrication, autres",Stage,Casablanca-Mohammedia,Casablanca,Non,"Etudiant, jeune diplômé",Bac+2,"['Exploitation', 'Maintenance', 'Maintenance Industrielle', 'Électromécanique', 'Qualité']",2026-03-17
https://www.emploi.ma/offre-emploi-maroc/chargee-import-casablanca-9360100,Chargé(e) d'Import - Casablanca,BRICOMA,"Nous recherchons pour notre filiale ELG, un Chargé(e) d'Import. Missions : Rattaché à la direction commerciale, vous aurez comme missions principales : Gérer toutes les opérations d’importation dès la passation de la commande par les chargés d’affaire, jusqu’à la livraison : les formalités douanières, les transporteurs internationaux, les compagnies maritimes, les formalités bancaires et transitaires, les ordres de paiement fournisseurs/transitaires/transporteurs/assurance Garantir un bon rapport qualité-prix tout en optimisant les délais de livraison Préparer un reporting hebdomadaire à la destination de la direction générale et la direction commerciale Gérer et anticiper les litiges avec les différents intervenants et proposer des solutions préventives et correctives.",Achats,"Distribution, vente, commerce de gros",CDI,Casablanca-Mohammedia,Casablanca,Non,Débutant < 2 ans - Expérience entre 2 ans et 5 ans,Bac+5 et plus,"['Import', 'Formation', 'Importation', 'Export', 'Livraison', 'Transport', 'Assurance', 'Achats', 'Import']",2026-05-06
https://www.emploi.ma/offre-emploi-maroc/assistante-administrative-logistique-casablanca-9359966,Assistante Administrative et Logistique - Casablanca,CRIT,Nous sommes à la recherche d'une Assistante Administrative et Logistique. Missions : Classement et archivage des documents Scan et numérisation des dossiers Suivi et mise à jour des dossiers de biens récupérés Organisation et gestion administrative des dossiers logistiques,"Management, direction générale","Intérim, recrutement",Intérim,Casablanca-Mohammedia,Casablanca,Non,Débutant < 2 ans,Bac+3,"['scan', 'Classement et archivage', 'Administration', 'Gestion', 'Management']",2026-05-06
https://www.emploi.ma/offre-emploi-maroc/responsable-comptes-commerciale-b-b-hf-rabat-9346734,Responsable de Comptes / Commercial(e) B to B (H/F) - Rabat,EMPLOI.MA,"Nous recrutons pour notre site Emploi.ma un(e) Responsable de Comptes / Commercial(e) B to B à Rabat (H/F). Vous avez obligatoirement un excellent niveau de français, aussi bien à l'oral qu'à l'écrit. Missions : En tant que responsable de votre portefeuille de comptes entreprises, vos tâches principales sont les suivantes : Prospection de nouveaux clients ; Vente de nos services avant tout par téléphone auprès d'une clientèle d´entreprises ; Identification des besoins de vos clients ; Gestion des contrats ; Suivi commercial des clients.","Commercial, vente","Informatique, SSII, Internet",CDI,Rabat-Salé-Kénitra,Rabat,,Expérience entre 2 ans et 5 ans,Bac+2 - Bac+3 - Bac+4 - Bac+5 et plus,"['Techniques de Vente', 'Vente', 'Suivi Commercial', 'Prospection', 'Télévente', 'Techniques de Vente']",2026-05-05
https://www.emploi.ma/offre-emploi-maroc/soudeur-industrie-meknes-9301302,Soudeur / Industrie - Meknès,SOMACOS,"Nous sommes à la recherche d’un soudeur motivé et rigoureux pour rejoindre notre équipe. Vous serez responsable d’effectuer des travaux de soudure selon les plans, les normes de qualité et les consignes de sécurité en vigueur.","Production, maintenance, qualité","Industrie, production, fabrication, autres",CDD,Agadir - Béni Mellal-Khénifra - Casablanca-Mohammedia - Dakhla - Errachidia - Fès - Guelmim - Laâyoune - Marrakech-Safi - Meknès - Oujda - Rabat-Salé-Kénitra - Settat - Tanger-Tétouan-Al Hoceïma - International,Meknès,Non,Débutant < 2 ans - Expérience entre 2 ans et 5 ans - Expérience entre 5 ans et 10 ans - Expérience > 10 ans,Qualification avant bac - Bac - Bac+1,"['Soudage Industriel', 'Maintenance', 'Soudage Industriel', 'Qualité', 'Normes de Qualité']",2026-04-10
https://www.emploi.ma/offre-emploi-maroc/tolier-carrossier-agadir-9319464,Tôlier / Carrossier - Agadir,CRIT MARRAKECH,"CRIT recrute, pour le compte de son client, un grand groupe automobile, un tôlier-carrossier expérimenté. Vous serez en charge de la réparation et de la remise en état des carrosseries de véhicules dans le respect des standards de qualité du groupe.","Production, maintenance, qualité","Automobile, matériels de transport, réparation",Intérim,Agadir,Agadir,Non,Expérience entre 2 ans et 5 ans - Expérience entre 5 ans et 10 ans - Expérience > 10 ans,Qualification avant bac,[],2026-04-22
https://www.emploi.ma/offre-emploi-maroc/consultante-relations-publiques-casablanca-sidi-maarouf-9290471,Consultant(e) en Relations Publiques - Casablanca Sidi Maarouf,DEKRA SERVICES,"Notre client, opérateur international dans le domaine de télécommunication et l’un des leaders mondiaux dans son secteur d’activité, recrute dans le cadre d’un CDD, son Consultant(e) en Relations Publiques . Le/la candidat(e) retenu(e) jouera un rôle essentiel dans la communication entre notre organisation et nos différentes parties prenantes, notamment les organismes gouvernementaux, les organisations de normalisation, les médias et la presse. Missions principales : Communication avec les parties prenantes Représenter le groupe auprès des clients gouvernementaux, des organismes de normalisation des secteurs des télécommunications et de l'énergie, ainsi que des médias Établir et entretenir des relations solides avec les organismes gouvernementaux et les parties prenantes clés Gestion événementielle Planifier, coordonner et exécuter des événements en accord avec les objectifs de l'organisation Définir les objectifs des événements, superviser leur mise en œuvre et préparer les bilans post-événements Traiter et accomplir efficacement les tâches urgentes confiées par la direction Collaborer avec les équipes internes pour atteindre les objectifs fixés","Marketing, communication",Télécom,CDD,Casablanca-Mohammedia,Casablanca Sidi Maarouf,Non,Débutant < 2 ans,Bac+5 et plus,"['Communication', 'Communication Marketing', 'Relations Publiques', 'Marketing', 'Médias']",2026-04-03
https://www.emploi.ma/offre-emploi-maroc/charge-portefeuille-el-jadida-9280321,Chargé de Portefeuille - EL JADIDA,FONDATION ARRAWAJ,"Nous sommes à la recherche des Chargés de Portefeuille. Missions : En tant que « Chargé de Portefeuille », vous aurez pour principales missions : Gérer et développer le portefeuille client Faire des prospections de nouveaux clients Mettre en avant nos produits et nos services auprès des clients potentiels Accompagner et conseiller les clients Fidéliser les clients Veiller à garder un contact régulier avec les clients Gérer et suivre les dossiers en cours Faire du recouvrement terrain.","Commercial, vente","Banque, assurance, finances",CDI,Marrakech-Safi,EL JADIDA,,Débutant < 2 ans - Expérience entre 2 ans et 5 ans - Expérience entre 5 ans et 10 ans - Expérience > 10 ans,Bac+3 - Bac+4 - Bac+5 et plus,"['Communication', 'Vente', 'Recouvrement', 'Gestion', 'Finance', 'Comptabilité', 'Marketing']",2026-03-25
https://www.emploi.ma/offre-emploi-maroc/responsable-reglements-fournisseurs-casablanca-9358994,Responsable Règlements Fournisseurs - Casablanca,BOTTU,"BOTTU cherche à recruter un Responsable Règlements Fournisseurs . Poste rattaché hiérarchiquement au Directeur Financier. Attributions du poste : Supervision et suivi des workflows dans le Moniteur des comptes fournisseurs Étrangers et Locaux ; Traitement des paiements dans le cadre du processus règlement fournisseurs ; Vérification, suivi et paiement des notes de frais ; Suivi des échéances des dettes fournisseurs ; Participation aux opérations des travaux de fin d’année ; Trésorerie : Suivi bancaire, Suivi des opérations inter-groupes, Reporting journalier et hebdomadaire ; Suivi des placements OPCVM ….. ; Calcul des commissions et autres ; Encadrement de l’équipe chargée des règlements Fournisseurs ; Maîtrise du français avec un bon niveau en anglais.","Gestion, comptabilité, finance",Industrie pharmaceutique,CDI,Casablanca-Mohammedia,Casablanca,,Expérience entre 5 ans et 10 ans,Bac+5 et plus,"['Gestion', 'Comptabilité', 'Finance', 'Trésorerie']",2026-05-06
https://www.emploi.ma/offre-emploi-maroc/responsable-ressources-humaines-hf-casablanca-9339228,Responsable des Ressources Humaines (H/F) - Casablanca,,"Nous sommes à la recherche d'un Responsable des Ressources Humaines (H/F). Rattaché à la Direction, votre mission principale consiste à assurer l’organisation et la gestion administrative du personnel. Dans ce cadre, vous aurez à : Piloter l'administration du personnel (contrats, gestion du temps, obligations sociales et légales) et la gestion de la paie. Assurer de la conformité de la politique et des procédures de la Société avec les dispositions légales. Définir une politique de ressources humaines en lien avec les exigences fonctionnelles de la société : analyse des besoins, lancement des actions de recrutement, suivi de l'intégration des collaborateurs, etc., Recueillir les besoins en termes de formation auprès des opérationnels, définir et mettre en œuvre la politique de formation. Assurer les relations avec les différents organismes sociaux et fiscaux, Contribuer au maintien d’un bon climat social.","RH, formation","Distribution, vente, commerce de gros",CDI,Casablanca-Mohammedia,Casablanca,,Expérience entre 2 ans et 5 ans,Bac+3,"['Formation', 'Recrutement', 'Gestion de la Paie', 'Gestion Administrative', 'Administration du Personnel', 'Formation']",2026-05-01
https://www.emploi.ma/offre-emploi-maroc/receptionniste-marchandise-casablanca-9306280,Réceptionniste Marchandise - Casablanca,GENERAL PRIVATE INTERIM,Nous sommes à la recherche d'une Réceptionniste Marchandise. Missions principales : Réception et contrôle des marchandises Vérification des bons de livraison Organisation du stockage Suivi des entrées et sorties,Achats,"Chimie, pétrochimie, matières premières, mines",Intérim,Casablanca-Mohammedia,Casablanca,,"Etudiant, jeune diplômé - Débutant < 2 ans",Bac+2 - Bac+3,"['Comptabilité', 'Finance', 'Gestion', 'Achats', 'Stockage', 'Livraison']",2026-04-11
https://www.emploi.ma/offre-emploi-maroc/quality-technician-sala-al-jadida-parc-technopolis-rabat-9300503,Quality Technician - Sala Al Jadida - Parc Technopolis Rabat,LEAR AUTOMOTIVE MOROCCO,"*/ Nous sommes à la recherche d'un Quality Technician. Missions : Mise à jour des indicateurs qualité hebdomadaires. Suivi des défauts litigieux et des problèmes qualité. Participation ou pilotage des actions d’amélioration. Audits des processus de réalisation du produit. Suivi quotidien des défauts et analyse des récurrences. Gestion et résolution des problèmes qualité internes. Certification et formation des opérateurs (autocontrôle, sensibilisation qualité). Respect des standards 5S et des règles de sécurité. Autorité pour arrêter la production ou les expéditions en cas de non‑conformité. Garantie de la conformité aux exigences IATF, clients et réglementaires. Application du processus d’escalade. Participation aux programmes énergie, environnement, sécurité et santé. Signalement des incidents et conditions dangereuses. Contribution à la réduction de la consommation énergétique.","Production, maintenance, qualité","Industrie, production, fabrication, autres",CDI,Casablanca-Mohammedia - Fès - Meknès - Rabat-Salé-Kénitra - Settat - Tanger-Tétouan-Al Hoceïma,Sala Al Jadida - Parc Technopolis Rabat,Non,Débutant < 2 ans - Expérience entre 2 ans et 5 ans - Expérience entre 5 ans et 10 ans - Expérience > 10 ans,Bac - Bac+1 - Bac+2 - Bac+3 - Bac+4 - Bac+5 et plus,"['Énergie', 'Process', 'Quality', 'Normes de Qualité', 'Électronique', 'QRQC', 'PDCA', 'Aéronautique', 'Production', 'Processus', 'Qualité', 'Électromécanique', 'Consommation Énergétique', 'Maintenance']",2026-04-09
https://www.emploi.ma/offre-emploi-maroc/comptable-casablanca-9358699,Comptable - Casablanca,TECTRA RECRUTEMENT MAROC,"Nous recherchons un Comptable / Comptable débutant pour rejoindre notre équipe. Ce poste implique la gestion des opérations comptables courantes, la tenue des livres, et la vérification des documents financiers. Il s'agit d'une opportunité pour un profil débutant souhaitant évoluer dans le secteur de la finance et de la comptabilité. Missions : Assurer la saisie et la vérification des opérations comptables quotidiennes. Participer à la préparation des états financiers et des rapports mensuels. Gérer la documentation et le classement des pièces comptables. Collaborer avec les autres départements pour assurer la cohérence des données financières. Soutenir l'équipe dans la gestion des audits et des contrôles internes.","Production, maintenance, qualité","Transports, logistique, services postaux",Intérim,Casablanca-Mohammedia,Casablanca,,Débutant < 2 ans,Bac+2 - Bac+3 - Bac+4 - Bac+5 et plus,"['Production', 'Maintenance', 'Qualité']",2026-05-05
https://www.emploi.ma/offre-emploi-maroc/qa-tester-mf-8251953,QA Tester (M/F),AFRICASHORE,"We are looking for QA Tester profiles / CVs to pass on to our clients for their future recruitment campaigns. Mission: Work on tasks identified in the testing strategy and plan. Be responsible for the accurate recording of defects and the collation of metrics and KPI information for reporting purposes. Articulation of defects in detailed manner, assigning defects to technical teams, capturing target fix dates. Identifie the tasks and resources needed to ensure that their specific portion of the testing process meets software quality requirements prior to release into a live environment. Establish the testing process such as test automation, performance testing, testing process, test environments, test data provisioning. Review and analyze system specifications. Good understanding of functional and API testing. Web based and Mobile Applications testing. Manage the fleet of devices required for testing. Monitoring the internal QA process and participating in its improvement. To have strong analytical and problem solving skills.","Informatique, nouvelles technologies","Informatique, SSII, Internet",CDI - CDD - Freelance,Agadir - Béni Mellal-Khénifra - Casablanca-Mohammedia - Dakhla - Errachidia - Fès - Guelmim - Laâyoune - Marrakech-Safi - Meknès - Oujda - Rabat-Salé-Kénitra - Settat - Tanger-Tétouan-Al Hoceïma - International,/ Travail à Distance,,Expérience entre 5 ans et 10 ans,Bac+3,"['JAVA', 'MAVEN', 'CVS', 'APP', 'SELENIUM', 'SQL', 'SCRUM', 'AGILE', 'MYSQL', 'API']",2026-04-13
https://www.emploi.ma/offre-emploi-maroc/gestionnaire-senior-juridique-conformite-hf-casablanca-9300375,Gestionnaire Senior Juridique et Conformité (H/F) - Casablanca,AFRICAWORK,"Nous recrutons pour le compte de notre client, acteur majeur du secteur bancaire, un(e) Gestionnaire Senior Juridique et Conformité. Missions principales Gestion des risques Identifier, évaluer et assurer le suivi des risques liés à l’activité. Définir et piloter des plans d’actions correctifs et préventifs. Mettre en place des indicateurs de suivi des risques (KRI) et assurer un reporting régulier à la Direction. Conformité & juridique Assurer la conformité réglementaire avec les autorités marocaines et les standards internationaux, en coordination avec les différentes entités. Rédiger, analyser et valider les contrats, conventions et documents juridiques. Accompagner les équipes sur les aspects juridiques et contractuels des projets. Assurer une veille juridique et réglementaire continue. Piloter la mise en œuvre des recommandations d’audit et accompagner les missions d’audit. Support opérationnel & conseil Conseiller les équipes métiers sur les risques et les implications juridiques de leurs décisions. Participer à l’élaboration et à l’amélioration des procédures internes et des politiques de contrôle.",Juridique,"Banque, assurance, finances",CDI,Casablanca-Mohammedia,Casablanca,Non,Expérience entre 2 ans et 5 ans,Bac+5 et plus,['Droit'],2026-04-09
https://www.emploi.ma/offre-emploi-maroc/technicien-electricien-mohammedia-9280244,Technicien Électricien - Mohammedia,BATIFER,"Nous sommes à la recherche d'un Technicien Électricien . Missions principales : Assurer l’installation et l’entretien des équipements et installations électriques. Réaliser les travaux de mise à jour et de modification des installations existantes en fonction des besoins. Effectuer la maintenance préventive et corrective des systèmes électriques : Réaliser les opérations de maintenance régulière afin de garantir le bon fonctionnement des équipements. Identifier et résoudre les dysfonctionnements électriques des installations et machines. Assurer le diagnostic des pannes électriques : Détecter rapidement les anomalies sur les équipements et machines. Mettre en œuvre des solutions adaptées (réparation ou remplacement des composants défectueux). Veiller au respect des normes de sécurité : Appliquer strictement les consignes de sécurité électrique, notamment lors des interventions sous tension, en prenant en compte les risques d’électrocution et d’incendie. S’assurer de la conformité des installations aux normes et réglementations en vigueur.",Métiers des services,"Industrie, production, fabrication, autres",CDI,Casablanca-Mohammedia,Mohammedia,,Expérience entre 2 ans et 5 ans - Expérience entre 5 ans et 10 ans - Expérience > 10 ans,Bac+2 - Bac+3 - Bac+4 - Bac+5 et plus,"['Entretien', 'Sécurité', 'Maintenance', 'Installation', 'Réparation']",2026-03-30
https://www.emploi.ma/offre-emploi-maroc/charge-portefeuille-laayoune-9282663,Chargé de Portefeuille - Laâyoune,FONDATION ARRAWAJ,"Nous sommes à la recherche des Chargés de Portefeuille. Missions : En tant que « Chargé de Portefeuille », vous aurez pour principales missions : Gérer et développer le portefeuille client Faire des prospections de nouveaux clients Mettre en avant nos produits et nos services auprès des clients potentiels Accompagner et conseiller les clients Fidéliser les clients Veiller à garder un contact régulier avec les clients Gérer et suivre les dossiers en cours Faire du recouvrement terrain.","Commercial, vente","Banque, assurance, finances",CDI,Laâyoune,Laâyoune,,Débutant < 2 ans - Expérience entre 2 ans et 5 ans - Expérience entre 5 ans et 10 ans - Expérience > 10 ans,Bac+3 - Bac+4 - Bac+5 et plus,"['Comptabilité', 'Communication', 'Vente', 'Marketing', 'Recouvrement', 'Gestion', 'Finance']",2026-03-27
https://www.emploi.ma/offre-emploi-maroc/controleur-gestion-hf-rabat-9311915,Contrôleur de Gestion (H/F) - Rabat,,"Opérateur de référence dans le secteur des services publics au Maroc , notre société assure la distribution d'eau potable, d'électricité, la gestion des eaux usées et pluviales ainsi que l'éclairage public au service de millions d'usagers. Dans le cadre du renforcement de sa Direction Financière à Rabat , nous recrutons un(e) Contrôleur(se) de Gestion rigoureux(se) et motivé(e). Missions & Responsabilités Rattaché(e) au Directeur Financier , le/la Contrôleur(se) de Gestion aura pour principales missions : Pilotage budgétaire & Reporting Élaborer, coordonner et suivre le budget annuel et les prévisions de l'entité Produire les tableaux de bord mensuels et rapports de performance à destination de la Direction Analyser les écarts entre réalisations et objectifs et proposer des actions correctives Assurer le reporting financier régulier vers la Direction Générale Contrôle et analyse de gestion Mettre en place et améliorer les outils de contrôle de gestion (KPI, coûts analytiques, prix de revient) Assurer le suivi de la comptabilité analytique et des centres de coûts Participer aux clôtures mensuelles et annuelles en lien avec le service comptable Contrôler la rentabilité des projets et investissements Conseil & Aide à la décision Accompagner les responsables opérationnels dans la lecture et la compréhension des résultats financiers Formuler des recommandations sur l'optimisation des coûts et la performance Participer aux comités de direction et réunions de pilotage Veiller à la fiabilité et l'intégrité des données financières","Gestion, comptabilité, finance","Electricité, eau, gaz, nucléaire, énergie",CDI,Rabat-Salé-Kénitra,Rabat,,Expérience entre 2 ans et 5 ans - Expérience entre 5 ans et 10 ans - Expérience > 10 ans,Bac+5 et plus,"['Audit', 'Comptabilité Analytique', 'Gestion', 'Comptabilité Générale', 'Comptabilité', 'Finance', 'Analyse des Coûts']",2026-04-15
https://www.emploi.ma/offre-emploi-maroc/consultant-sap-senior-hf-8338272,Consultant SAP Senior (H/F),AFRICASHORE,"Nous recherchons un Consultant SAP Sénior (H/F) pour notre client, une société multinationale dans le domaine des services informatiques. Mission : Participer aux études préalables et à l'élaboration des cahiers des charges. Mener de bout en bout les enrichissements/projets validés au carnet de travail Logistique SAP Achats, Stocks voire Production Planning (conception, paramétrage, réalisation, tests, conduite du changement, formation, support post go-live…) avec un fort engagement de résultat et une forte interaction avec les correspondants métiers. Participer au développement et au renforcement de l’équipe en menant des actions d’améliorations continues et en étant actif dans le partage de la connaissance et l’entraide. Adapter le développement des logiciels aux besoins du service (analyse fonctionnelle), assurer la conception technique, le codage, la mise au point et la documentation des programmes. Établir des normes de développement internes : analyser les besoins fonctionnels et les faire valider par son supérieur hiérarchique. Optimiser les développements en les rendant plus efficaces, plus rapides et plus agréables à utiliser. Valider les paramétrages. Rédiger des procédures. Mettre le système en production. Travailler en forte intégration avec les domaines FI, CO, PS, HR, SD, CS…","Informatique, nouvelles technologies","Informatique, SSII, Internet",CDI - Freelance,Agadir - Béni Mellal-Khénifra - Casablanca-Mohammedia - Dakhla - Errachidia - Fès - Guelmim - Laâyoune - Marrakech-Safi - Meknès - Oujda - Rabat-Salé-Kénitra - Settat - Tanger-Tétouan-Al Hoceïma - International,/ Travail En Remote,,Expérience entre 2 ans et 5 ans,Bac+3,"['ABAP', 'SAP']",2026-04-13
https://www.emploi.ma/offre-emploi-maroc/magasinier-laayoune-9326794,Magasinier - Laâyoune,CRIT MARRAKECH,"Nous recrutons pour le compte de notre client un Magasinier basé à Laâyoune . Missions : Réceptionner, vérifier et stocker les marchandises Assurer la gestion des entrées et sorties de stock Préparer les commandes et organiser le stockage Veiller à la propreté et à la bonne organisation du magasin Réaliser les inventaires périodiques","Production, maintenance, qualité","Distribution, vente, commerce de gros",CDD - Intérim,Laâyoune,Laâyoune,Non,Expérience entre 2 ans et 5 ans,Bac+2,[],2026-04-23
https://www.emploi.ma/offre-emploi-maroc/livreur-quartier-hopitaux-9269234,Livreur - Quartier des Hôpitaux,BRICOMA,BRICOMA recrute un Livreur . Missions : Assurer la livraison de la marchandise aux clients Participer au chargement et déchargement de son véhicule Conduire le véhicule en respectant les règlements de sécurité et de circulation routière,"Transport, logistique","Distribution, vente, commerce de gros",CDI - CDD - Anapec,Casablanca-Mohammedia,Quartier Des Hôpitaux,,Débutant < 2 ans - Expérience entre 2 ans et 5 ans,Bac - Bac+1 - Bac+2,"['Réparation', 'Service Clients', 'Livraison', 'Formation', 'Sécurité', 'Transport', 'Chargement', 'SAV', 'Déchargement']",2026-03-17
https://www.emploi.ma/offre-emploi-maroc/chargee-administration-data-analyse-digibuy-casablanca-9320385,Chargé(e) Administration et Data Analyse DigiBuy - Casablanca,CRIT,"Nous sommes à la recherche d'un(e) Chargé(e) Administration et Data Analyse DigiBuy. Missions : Assurer l’administration de l’application digiBuy (gestion des utilisateurs, accès, droits) Gérer les clés de cryptage et accompagner les processus de signature électronique Assurer le monitoring quotidien des interfaces (MDM / digiBuy et autres) Maintenir et faire évoluer les rapports Power BI existants Analyser les données critiques (base fournisseurs, qualité des données…) Préparer et animer des comités de pilotage mensuels Définir et suivre des KPIs pour le pilotage de l’activité Proposer des actions d’amélioration continue et d’optimisation des processus Participer à l’automatisation des tâches via des solutions RPA Assurer le suivi et l’optimisation des robots (Python)","Informatique, nouvelles technologies","Aéronautique, navale",Intérim,Casablanca-Mohammedia,Casablanca,Non,Expérience entre 2 ans et 5 ans - Expérience entre 5 ans et 10 ans - Expérience > 10 ans,Bac+4 - Bac+5 et plus,"['Informatique Bureautique', 'BIG DATA', 'Amélioration Continue', 'Formation', 'BI', 'MDM', 'PYTHON', 'Monitoring']",2026-04-22
https://www.emploi.ma/offre-emploi-maroc/responsable-commercial-e-casablanca-9331361,Responsable Commercial (e) - Casablanca,BUDGET LOCASOM,"Dans le cadre du renforcement de l’équipe commerciale, nous recrutons un(e) Responsable Commercial(e) chargé(e) de développer le chiffre d’affaires de l’entreprise en appliquant la politique commerciale définie. Missions Principales : Développement du Chiffre d'Affaires : Assurer la croissance du chiffre d'affaires en appliquant la stratégie commerciale de l'entreprise. Mettre en place des actions commerciales efficaces pour atteindre les objectifs de vente. Gestion du Portefeuille Client : Gérer, développer, et consolider le portefeuille client existant. Identifier de nouvelles opportunités et prospecter activement de nouveaux clients. Gestion des Appels d'Offres : Préparer et soumettre des offres compétitives en réponse aux appels d'offres. Coordonner avec les différents départements pour assurer des propositions alignées sur les besoins des clients et les capacités de l'entreprise. Communication & Reporting : Assurer une communication régulière et efficace avec la direction sur l'évolution des activités commerciales. Produire des rapports détaillés sur la performance commerciale, les tendances du marché, et les prévisions de ventes.","Commercial, vente",Location,CDI,Casablanca-Mohammedia,Casablanca,,Expérience entre 2 ans et 5 ans - Expérience entre 5 ans et 10 ans,Bac+4 - Bac+5 et plus,"['Actions Commerciales', 'Stratégie Commerciale', 'Vente', 'Négociation']",2026-04-25
https://www.emploi.ma/offre-emploi-maroc/dba-imsdb2-zoshf-8251974,DBA IMS/DB2 Z/OS(H/F),AFRICASHORE,"Nous recherchons des profils / CV de DBA IMS/DB2 Z/OS (H/F) pour les transmettre à nos clients dans le cadre de leurs futures campagnes de recrutement. Mission : Assistance au développement technique Z/OS. Maintenance des projets, support aux analystes Z. Mise en œuvre opérationnelle des projets de développement. Assurer le maintien en conditions opérationnelles. Réaliser la maintenance (mise à jour de versions, patchs management). Construction de nouveaux socles techniques. Traitement et incidents de niveau 3. Suivi et analyse des performances.","Informatique, nouvelles technologies","Informatique, SSII, Internet",CDI - CDD - Freelance,Agadir - Béni Mellal-Khénifra - Casablanca-Mohammedia - Dakhla - Errachidia - Fès - Guelmim - Laâyoune - Marrakech-Safi - Meknès - Oujda - Rabat-Salé-Kénitra - Settat - Tanger-Tétouan-Al Hoceïma - International,/ Travail En Remote,,Expérience entre 5 ans et 10 ans,Bac+3,"['COBOL', 'ISPF', 'TWS', 'SDSF', 'DB2', 'JCL', 'FORTRAN', 'TSO', 'ASSEMBLEUR', 'SAS', 'VSAM', 'TCP IP']",2026-04-13
https://www.emploi.ma/offre-emploi-maroc/comptable-fiduciaire-exigee-rabat-9287528,Comptable – Fiduciaire Exigée - Rabat,JOB CONNECT,"Nous recrutons pour le compte de notre client à Rabat, un(e) Comptable expérimenté(e), ayant travaillé en fiduciaire, maîtrisant parfaitement la comptabilité et la fiscalité marocaines, et en charge de la gestion comptable de l’entreprise. Missions principales : Assurer la tenue complète de la comptabilité (saisie, lettrage, classement) Établir les déclarations fiscales et sociales (TVA, IS, IR, CNSS) Réaliser les rapprochements bancaires et le suivi de trésorerie Préparer les situations comptables périodiques Participer à l’élaboration des bilans et liasses fiscales Veiller au respect des obligations légales et fiscales Gérer la relation avec les administrations (DGI, CNSS…)","Gestion, comptabilité, finance","Conseil, audit, comptabilité",CDI,Rabat-Salé-Kénitra,Rabat,,Expérience entre 2 ans et 5 ans - Expérience entre 5 ans et 10 ans,Bac+2 - Bac+3 - Bac+4,"['Finance', 'Comptabilité', 'Trésorerie', 'Gestion', 'Fiscalité']",2026-04-01
https://www.emploi.ma/offre-emploi-maroc/agent-securite-kenitra-kenitra-amer-seflia-9291531,Agent de Sécurité - Kénitra Amer Seflia,EDSN,"Dans le cadre du renforcement des équipes de notre client, nous recrutons plusieurs profils d’ Agents de Sécurité pour intervenir au sein d’un site basé à Kénitra (Zone Franche Ouled Bourahma). Profils recherchés : Agent de gardiennage Agent de gardiennage maître-chien Agent rondier Agent fouilleur Agent opérateur vidéo Agent d’accueil (portier)",Métiers des services,"Nettoyage, sécurité, surveillance",CDI - CDD - Anapec,Rabat-Salé-Kénitra,Kénitra Amer Seflia,,Débutant < 2 ans - Expérience entre 2 ans et 5 ans,Bac - Bac+1 - Bac+2 - Bac+3 - Bac+4 - Bac+5 et plus,"['sérieux et professionnel', '• sens élevé des responsabilités et de la vigilance', '• respect strict des consignes et procédures', ""• bonne capacité d'adaptation et réactivité"", 'Gardiennage', 'Accueil', 'Sécurité']",2026-05-07
https://www.emploi.ma/offre-emploi-maroc/chef-equipe-reception-gestion-stock-bouskoura-9328836,Chef Équipe Réception et Gestion de Stock - Bouskoura,BRICOMA,"Nous sommes à la recherche d'un Chef d’Équipe Réception et Gestion de Stock. Le Chef d’Équipe Réception et Gestion de Stock est responsable de l’organisation et du suivi des stocks physiques et des opérations de déchargement au sein de la centrale. Rattaché à la direction logistique, vous aurez pour principales missions : Gestion des réceptions : Piloter les opérations de réception selon le planning des livraisons. Garantir la fluidité du flux réception → contrôle → stockage Gérer les équipes terrain (manutentionnaires, caristes, agents de saisie). Coordonner les déchargements avec les conducteurs d’engins. Veiller à la conformité des marchandises réceptionnées en quantité et qualité. Contrôler la saisie correcte des réceptions dans le système (via les agents dédiés). Remonter les anomalies de livraison ou de qualité aux responsables. Gestion de Stocks : Superviser les mouvements de stock et veiller à la cohérence entre stock physique et stock système. Contrôler les emplacements critiques et les zones à risque de rupture ou surstock. Analyser les historiques de mouvement pour détecter anomalies ou incohérences. Organiser les inventaires, analyser les écarts et mettre en œuvre les actions correctives. Assurer la mise à jour des plans de stockage en lien avec les flux réels.","Transport, logistique","Distribution, vente, commerce de gros",CDI,Casablanca-Mohammedia,Bouskoura,Non,Expérience entre 2 ans et 5 ans - Expérience entre 5 ans et 10 ans - Expérience > 10 ans,Bac+2 - Bac+3 - Bac+4 - Bac+5 et plus,"['Rangement', 'Stocks', 'Transport', 'Déchargement', 'Flux Logistiques', 'Stockage', 'Gestion des Stocks']",2026-04-24
https://www.emploi.ma/offre-emploi-maroc/stagiaire-aide-comptable-casablanca-9310827,Stagiaire Aide Comptable - Casablanca,GROUPE MCE,"Dans le cadre de notre activité, nous recherchons un(e) Stagiaire Aide-Comptable motivé(e) pour rejoindre notre équipe. Missions : Saisie des opérations comptables Classement et archivage des pièces comptables Participation aux rapprochements bancaires Aide à la préparation des déclarations fiscales Support à l’équipe comptable dans les tâches quotidiennes","Gestion, comptabilité, finance",Services autres,Stage,Casablanca-Mohammedia,Casablanca,,Expérience entre 2 ans et 5 ans - Expérience entre 5 ans et 10 ans - Expérience > 10 ans,Bac+2 - Bac+3,"['Comptabilité', 'Finance', 'Gestion']",2026-04-14
https://www.emploi.ma/offre-emploi-maroc/professeur-permanent-architecture-casablanca-9338227,Professeur Permanent en Architecture - Casablanca,EDVANTIS HIGHER EDUCATION GROUP,"Dans le cadre de son développement, le groupe Edvantis recrute pour son campus à Casablanca des Professeurs Permanents en Architecture . Missions : Enseignement (cours et des Travaux Dirigés) et autres activités pédagogiques Encadrement pédagogique et suivi de projets étudiants Recherche scientifique dans le domaine de spécialisation.",Métiers des services,"Éducation, formation",CDI,Casablanca-Mohammedia,Casablanca,,Expérience entre 2 ans et 5 ans - Expérience entre 5 ans et 10 ans - Expérience > 10 ans,Bac+5 et plus,[],2026-04-30
https://www.emploi.ma/offre-emploi-maroc/technicien-maintenance-traitement-eaux-ain-aouda-9226701,Technicien Maintenance _ Traitement des Eaux - Ain Aouda,AMANYS PHARMA,Nous sommes à la recherche d'un Technicien Maintenance _ Traitement des Eaux. Missions : Garantir le bon fonctionnement des systèmes d’eau pharmaceutiques Réaliser les contrôles qualité et assurer la traçabilité des données Appliquer les normes cGMP et les procédures internes Participer aux interventions techniques et aux projets d’amélioration continue,"Production, maintenance, qualité",Industrie pharmaceutique,CDI,Rabat-Salé-Kénitra,Ain Aouda,Oui,Expérience entre 2 ans et 5 ans - Expérience entre 5 ans et 10 ans - Expérience > 10 ans,Bac+2 - Bac+3,"['Maintenance', 'Maintenance Industrielle', 'Qualité', 'Amélioration Continue', 'Production', 'Procédés']",2026-04-25
https://www.emploi.ma/offre-emploi-maroc/technicien-maintenance-eia-usine-taliouine-askaoun-9315025,Technicien de Maintenance EIA - Usine - Taliouine - Askaoun,AYA GOLD AND SILVER,"Nous sommes à la recherche d'un Technicien de Maintenance EIA - Usine. Mission générale : Réaliser efficacement les interventions de maintenance sur les équipements électriques, instrumentations et automatismes dans les meilleurs délais tout en veillant au respect des procédures du système QSE Maintenance préventive Exécute le planning des interventions préventives sur les équipements EIA. Maintenance curative Exécute les travaux de maintenance EIA. Assure la préparation des interventions. Intervient sur les équipements EIA. Assure le suivi des équipements EIA. Respecte le planning et les délais d’exécution des travaux. Suit les interventions sous-traitées. Projets PAC Réalise les interventions sur les équipements électriques dans les projets de révision conformément aux plannings et organigramme établis. Suit les interventions sous-traitées sur les équipements électriques dans les projets de révision en fonction de l’organigramme du projet. Participe à la réception des travaux des prestataires sur les équipements électriques sous sa responsabilité en fonction de l’organigramme du projet. Veille au respect des délais et à la réussite de la révision. Suivi de la maintenance Rédige les documents techniques et les rapports de ses interventions. Assure le suivi des prestations des sous-traitants. Propose et des actions amélioratrices. En termes de gestion de la santé et la sécurité Applique la réglementation, les règles fondamentales, les standards et les procédures en vigueur en matière de santé et sécurité. Suit avec rigueur les formations en matière de santé et sécurité Montre comportement exemplaire en matière de santé et sécurité. Rend compte à son responsable de tous risques compromettant la santé et sécurité Applique les consignes dans le cadre du QSE Assiste aux sessions de sensibilisation QSE Participe à l’amélioration du QSE","Production, maintenance, qualité","Chimie, pétrochimie, matières premières, mines",CDI,Agadir - Laâyoune - Marrakech-Safi,Taliouine - Askaoun,Non,Débutant < 2 ans - Expérience entre 2 ans et 5 ans,Bac+2 - Bac+3,"['Maintenance', 'Sécurité Industrielle', 'Instrumentation', 'Système QSE', 'QSE', 'Gestion de la Maintenance', 'Maintenance Curative', 'Électrotechnique', 'Production', 'Maintenance Préventive', 'Qualité', 'Processus', 'Informatique Industrielle']",2026-04-16
https://www.emploi.ma/offre-emploi-maroc/directeur-projet-construction-hopitaux-expatriation-algerie-zeralda-sadi-abdellah,"Directeur Projet (Construction des Hôpitaux) - Expatriation Algérie - Zeralda, Sadi Abdellah",AFRICAWORK,"Nous recrutons pour l'un de nos clients, une entreprise de consulting en construction et développement, Un Directeur Projet ( Construction des Hôpitaux) . Responsabilités : Animer les réunions de suivi d'avancement sur site et rendre compte à la direction à Doha (Qatar). Garantir le respect du calendrier du projet par une analyse régulière de l'avancement des travaux des entreprises par rapport au planning, incluant des rapports hebdomadaires et mensuels. En étroite collaboration avec le consultant en supervision, vous serez en charge de : Gestion de l'intégration du projet Gestion du périmètre du projet Gestion des délais Gestion des coûts Gestion des ressources humaines Gestion de la qualité Gestion de la communication Gestion des risques","Management, direction générale","BTP, construction",CDI,International,"Zeralda, Sadi Abdellah",Non,Expérience > 10 ans,Bac+3 - Bac+4 - Bac+5 et plus,"['Gestion', 'Management']",2026-04-17
https://www.emploi.ma/offre-emploi-maroc/coach-sportif-casablanca-9298467,Coach Sportif - Casablanca,TECTRA CASA TERTIAIRE – RECRUTEMENT,"Nous sommes à la recherche d'un Coach Sportif. Missions Principales Sous la responsabilité du Manager Fitness, vos missions se divisent en trois axes : 1. Coaching et Animation : Coaching Individuel (Personal Training) : Concevoir et animer des programmes d'entraînement sur-mesure adaptés aux objectifs des clients (perte de poids, prise de masse, réathlétisation, etc.). Cours Collectifs : Animer avec énergie des sessions de groupe (HIIT, Yoga, Pilates, Cross-training, ou Les Mills selon spécialités). Suivi de progression : Réaliser des bilans de condition physique réguliers et ajuster les programmes en conséquence. 2. Accueil et Conseil : Accueillir les adhérents sur le plateau de musculation/cardio. Assurer la sécurité des pratiquants en corrigeant les postures et l'utilisation des machines. Promouvoir les services complémentaires (nutrition, compléments, coaching privé). 3. Gestion opérationnelle : Veiller à la propreté et au rangement du matériel de l'espace fitness. Participer aux événements et animations de la vie du club.",Métiers de la santé et du social,"Sport, action culturelle et sociale",Intérim,Casablanca-Mohammedia,Casablanca,,Débutant < 2 ans - Expérience entre 2 ans et 5 ans - Expérience entre 5 ans et 10 ans - Expérience > 10 ans,Bac - Bac+1 - Bac+2 - Bac+3 - Bac+4 - Bac+5 et plus,['Santé'],2026-04-08
https://www.emploi.ma/offre-emploi-maroc/assistante-facturation-casablanca-9292804,Assistante Facturation - Casablanca,INES,"Dans le cadre de notre développement, nous recherchons un(e) Assistante Facturation talentueux(se) pour rejoindre notre équipe. Missions principales : Gestion administrative contrôle et suivi collaboration Optimisation","Gestion, comptabilité, finance","Distribution, vente, commerce de gros",CDD,Casablanca-Mohammedia,Casablanca,,"Etudiant, jeune diplômé - Débutant < 2 ans",Bac - Bac+1 - Bac+2 - Bac+3,"['Comptabilité', 'Facturation', 'Finance', 'Gestion']",2026-04-04
https://www.emploi.ma/offre-emploi-maroc/chargee-ressources-humaines-casablanca-9350919,Chargée Ressources Humaines - Casablanca,GENERAL PRIVATE INTERIM,"Dans le cadre du renforcement de notre équipe, OzonExpress , entreprise spécialisée dans la livraison et le transport au Maroc, recrute une Chargée Ressources Humaines expérimentée dans le domaine.","RH, formation","Transports, logistique, services postaux",CDI,Casablanca-Mohammedia,Casablanca,Non,Expérience entre 2 ans et 5 ans - Expérience entre 5 ans et 10 ans - Expérience > 10 ans,Bac+3 - Bac+4 - Bac+5 et plus,"['Recrutement', 'Formation', 'Intégration des Recrues', 'Recrutement']",2026-04-30
https://www.emploi.ma/offre-emploi-maroc/comptable-rabat-9287460,Comptable - Rabat,JOB CONNECT,"Nous recrutons pour le compte de notre client, un cabinet d’avocat basé à Rabat, un(e) Comptable. Missions principales : Assurer la tenue de la comptabilité générale du cabinet Saisir, contrôler et classer les pièces comptables (factures, relevés bancaires, notes de frais…) Suivre les encaissements et décaissements (honoraires, paiements clients, charges…) Effectuer les rapprochements bancaires Préparer les déclarations fiscales (TVA, IS, IR…) en collaboration avec le cabinet externe si nécessaire Assurer le suivi de la trésorerie Participer à la préparation des bilans et situations comptables périodiques Veiller au respect des obligations légales et fiscales Mettre en place et améliorer les procédures comptables internes","Gestion, comptabilité, finance","Conseil, audit, comptabilité",CDI,Rabat-Salé-Kénitra,Rabat,,Expérience entre 2 ans et 5 ans - Expérience entre 5 ans et 10 ans,Bac+2 - Bac+3,"['Trésorerie', 'Finance', 'Gestion', 'Comptabilité', 'Suivi de la Trésorerie', 'Comptabilité Générale']",2026-04-01
https://www.emploi.ma/offre-emploi-maroc/charge-portefeuille-laayoune-9282624,Chargé de Portefeuille - Laâyoune,FONDATION ARRAWAJ,"Nous sommes à la recherche des Chargés de Portefeuille. Missions : En tant que « Chargé de Portefeuille », vous aurez pour principales missions : Gérer et développer le portefeuille client Faire des prospections de nouveaux clients Mettre en avant nos produits et nos services auprès des clients potentiels Accompagner et conseiller les clients Fidéliser les clients Veiller à garder un contact régulier avec les clients Gérer et suivre les dossiers en cours Faire du recouvrement terrain.","Commercial, vente","Banque, assurance, finances",CDI,Laâyoune,Laâyoune,,Débutant < 2 ans - Expérience entre 2 ans et 5 ans - Expérience entre 5 ans et 10 ans - Expérience > 10 ans,Bac+3 - Bac+4 - Bac+5 et plus,"['Finance', 'Gestion', 'Vente', 'Recouvrement', 'Comptabilité', 'Marketing', 'Communication']",2026-03-27
https://www.emploi.ma/offre-emploi-maroc/ingenieure-etudes-genie-civil-chef-projets-batiments-rabat-9282503,Ingénieur(e) D’Études en Génie Civil - Chef de Projets - Bâtiments - Rabat,INNOV ENGINEERING CONSULTING,Nous sommes à la recherche d'un Ingénieur(e) d’Études en Génie Civil - Chef de Projets - B âtiments. Missions: Réaliser des études de projets au sein d’une équipe pluridisciplinaire ; Réaliser des calculs propres au dimensionnement et à la justification du projet correspondant ; Participer aux réunions avec les clients et les parties prenantes,Métiers du BTP,"BTP, construction",CDI,Rabat-Salé-Kénitra,Rabat,,Expérience entre 5 ans et 10 ans,Bac+5 et plus,['Dimensionnement'],2026-03-27
https://www.emploi.ma/offre-emploi-maroc/assistante-direction-casablanca-9351752,Assistante de Direction - Casablanca,CRIT,Nous sommes à la recherche d'une Assistante de Direction. Missions : Assurer la gestion du courrier administratif et la diffusion des informations en interne Superviser et suivre les activités commerciales Rédiger et assurer le suivi des courriers et documents à caractère juridique Veiller au bon fonctionnement et à la coordination entre les différents services Assurer la gestion et le suivi des contrats clients et fournisseurs Organiser et structurer les informations administratives,"Secrétariat, assistanat","Distribution, vente, commerce de gros",CDI,Casablanca-Mohammedia,Casablanca,Non,Expérience entre 2 ans et 5 ans,Bac+2 - Bac+3,"['Assistance', 'Administration', 'Gestion du Courrier', 'Secrétariat', 'WORD', 'Assistanat', 'Assistance']",2026-05-04
https://www.emploi.ma/offre-emploi-maroc/cuisinier-oualidia-9314888,Cuisinier - Oualidia,,"Entreprise spécialisée dans la distribution des produits pétroliers, en plein développement de ses activités, recherche pour son Restaurant situé à la Station-service ADM Oualidia un Cuisinier. Vous avez en charge les missions suivantes : Réceptionner après vérification de la conformité de la matière première; Rassembler tous les ingrédients nécessaires à la préparation des plats; Réaliser les travaux préparatoires : épluchage, découpe, réduction de sauces, préparation des garnitures et fonds de tarte; Assurer le découpage des viandes et charcuteries selon les besoins des plats; Surveiller la cuisson des mets et assurer leur remise en température; Assurer la maîtrise des préparations classiques; Assurer la disposition des mets dans les plats; Assurer la transmission au personnel de salle; Maintenir la cuisine et les locaux annexes propres et fonctionnels; Réaliser les opérations de fin de service (nettoyage, rangement, stockage).","Tourisme, hôtellerie, restauration","Distribution, vente, commerce de gros",Intérim,Casablanca-Mohammedia,Oualidia,Non,Expérience entre 2 ans et 5 ans,Qualification avant bac,"['Maîtriser les techniques culinaires de base.', 'Art Culinaire', 'Tourisme', 'Cuisine']",2026-05-07
https://www.emploi.ma/offre-emploi-maroc/comptable-confirme-rabat-9287723,Comptable Confirmé - Rabat,TECTRA RABAT - KENITRA,"Nous sommes à la recherche d'un Comptable Confirmé. Missions : Tenue de la comptabilité générale et analytique Saisie, contrôle et validation des écritures comptables Révision des comptes (clients, fournisseurs, banques, immobilisations) Gestion des clôtures mensuelles, trimestrielles et annuelles Établissement des déclarations fiscales (TVA, IS, IR, etc.) Veille au respect des obligations fiscales Relations avec l’administration fiscale","Gestion, comptabilité, finance","Conseil, audit, comptabilité",Intérim,Rabat-Salé-Kénitra,Rabat,,Expérience entre 2 ans et 5 ans - Expérience entre 5 ans et 10 ans - Expérience > 10 ans,Bac+2 - Bac+3 - Bac+4 - Bac+5 et plus,"['Comptabilité Générale', 'Finance', 'IFRS', 'Comptabilité', 'Gestion', 'Écritures Comptables', 'Fiscalité']",2026-04-01
https://www.emploi.ma/offre-emploi-maroc/comptable-confirme-casablanca-9347118,Comptable Confirmé - Casablanca,TECTRA CASA BOURGOGNE – RECRUTEMENT,"Pour l'un de ces clients opérant dans le secteur de la grande distribution, TECTRA recrute un Comptable Confirmé. Missions principales Tenue et suivi comptable : Enregistrer et contrôler les flux comptables. Superviser la comptabilité des tiers (clients, fournisseurs). Gérer les immobilisations (acquisitions, cessions). Effectuer les rapprochements bancaires. Clôtures et analyses : Réaliser les clôtures mensuelles, trimestrielles et annuelles. Passer les écritures de régularisation et de fin d'exercice. Établir les rapports et analyses financières. Fiscalité et déclarations : Préparer et déposer les déclarations fiscales (TVA, etc.). Gérer les aspects fiscaux et sociaux. Traiter les dossiers de remboursement de taxes.","Gestion, comptabilité, finance","Distribution, vente, commerce de gros",Intérim,Casablanca-Mohammedia,Casablanca,,Expérience entre 5 ans et 10 ans - Expérience > 10 ans,Bac+3 - Bac+4 - Bac+5 et plus,"['Trésorerie', 'Finance', 'Comptabilité', 'Gestion de la Trésorerie', 'Gestion', 'Comptabilité Générale', 'Management', 'Analyse Financière', 'Inventaire', 'Gestion des Immobilisations', 'Fiscalité', 'Suivi de la Trésorerie', 'Trésorerie']",2026-05-06
https://www.emploi.ma/offre-emploi-maroc/superviseur-restauration-shop-station-service-adm-oualidia-9314822,Superviseur Restauration et Shop Station-Service ADM - Oualidia,,"Entreprise spécialisée dans la distribution des produits pétroliers, en plein développement de ses activités, recherche un Superviseur Restauration et Shop Station-Service ADM Oualidia . Vous avez en charge la supervision de toutes les activités liées au restaurant, shop et café de la Station-service. Vous êtes actif en salle, en cuisine pour encadrer les équipes et vous êtes présent en arrière boutique pour assurer la gestion de l’espace cafétéria. Vous avez également pour missions : la bonne gestion du restaurant et la réalisation des objectifs ; la qualité de l’accueil, du service et de la production ; le respect des normes et des standards ; le contrôle de la production et la gestion des stocks (inventaires avant et après exploitation, commandes auprès des fournisseurs, vérification des livraisons...) ; le respect du planning et des horaires du personnel ; la propreté et l’hygiène ; la gestion des caisses : évalue les besoins en monnaie, vérifie les caisses quotidiennes, effectue les remises en banque conformément aux pratiques de l’entreprise ; le Reporting quotidien sur le fonctionnement du restaurant, Shop & Café, la contribution à l’adaptation souhaitable des services et produits avec proposition de nouvelles initiatives ou actions à mettre en œuvre.","Tourisme, hôtellerie, restauration","Distribution, vente, commerce de gros",CDI - Intérim,Casablanca-Mohammedia,Oualidia,Non,Expérience entre 2 ans et 5 ans,Bac+2 - Bac+3,"['Maîtriser la gestion d’un restaurant', 'Restauration', 'Accueil', 'Cuisine', 'Hôtellerie', 'Tourisme']",2026-05-06
https://www.emploi.ma/offre-emploi-maroc/cariste-ain-harrouda-9269687,Cariste - Ain Harrouda,TECTRA,Tectra recrute pour le compte de l'un de ses clients 3 Caristes expérimentés,"Transport, logistique","Transports, logistique, services postaux",Intérim,Casablanca-Mohammedia,Ain Harrouda,Non,Expérience entre 2 ans et 5 ans,Qualification avant bac - Bac - Bac+1,['Cariste'],2026-03-17
https://www.emploi.ma/offre-emploi-maroc/coordinateur-back-office-cbo-casablanca-9340219,Coordinateur Back Office (CBO) - Casablanca,TECTRA CASA TERTIAIRE – RECRUTEMENT,"Pour l’un de ses clients, dans le secteur Immobilier, TECTRA recherche un(e) Coordinateur Back Office , à Casablanca. Missions Principales : Assurer la mise à jour des plans d’action et check-lists sur la plateforme Alerter le Responsable Exploitation en cas d’écarts (fond et forme) Préparer les communications destinées aux copropriétaires et courriers administratifs Interagir avec les bureaux syndicaux si nécessaire Veiller au traitement des réclamations et à leur enregistrement dans le système Participer au suivi et à la résolution des sinistres avec le courtier Relancer les devis en attente et suivre l’avancement des dossiers Identifier et remonter les dysfonctionnements récurrents (retards, manque de suivi, dossiers incomplets…)","Commercial, vente","Immobilier, architecture, urbanisme",Intérim,Casablanca-Mohammedia,Casablanca,,Expérience entre 2 ans et 5 ans - Expérience entre 5 ans et 10 ans - Expérience > 10 ans,Bac+1 - Bac+2 - Bac+3 - Bac+4 - Bac+5 et plus,"['Devis', 'Comptabilité', 'Vente', 'Gestion', 'Finance']",2026-05-01
https://www.emploi.ma/offre-emploi-maroc/ingenieur-maintenance-industrielle-dar-bouazza-9313918,Ingénieur de Maintenance Industrielle - Dar Bouazza,SAINT GOBAIN MAROC,"Nous sommes à la recherche d'un Ingénieur de Maintenance Industrielle. Missions : L'ingénieur maintenance assure le bon fonctionnement des équipements techniques du site. Il veille en permanence à l’entretien, aux réparations et anticipe les besoins de la structure. Organiser, planifier et suivre le travail de maintenance Mettre en œuvre les plannings de maintenance Appliquer et faire appliquer l’EHS dans les travaux liés à la maintenance Assurer la bonne application et déroulement des travaux maintenance liés à l’EHS : Consignation/Déconsignation, travail en hauteur, espace confiné…etc. Élaboration du planning de maintenance préventive et corrective des différents équipements, matériels et bâtiments, en gérant les priorités, la sécurité et les contraintes de la production Contrôler les interventions réalisées, proposer des améliorations des performances des machines en termes de coûts et de taux d’utilisation Assurer la maintenance des automates et éléments informatique des machines Met en service et assure la maintenance des systèmes automatisés Analyse les opérations de production à automatiser (dosage, mesurage, régulation d’un niveau, déplacement d’un outil… Gérer le budget maintenance Réaliser les inspections périodiques des équipements et installations de l’entreprise Élaborer les manuels de maintenance préventive de chaque équipement. Réaliser l’inventaire des équipements et des outils Chercher les fournisseurs pour les pièces de rechange. Collaborer avec le responsable usine dans la négociation des prix avec les fournisseurs des équipements et des pièces de rechange. Assurer le reporting demandé des conditions des équipements et de la maintenance. Assister dans la réparation de l’équipement en cas de dommages mineurs Mettre en place et suivre les plans d’actions du site liés à l’IRP/EHS.","Production, maintenance, qualité","BTP, construction",CDI,Casablanca-Mohammedia,Dar Bouazza,,Expérience entre 2 ans et 5 ans - Expérience entre 5 ans et 10 ans - Expérience > 10 ans,Bac+5 et plus,"['Pneumatique', 'Maintenance Industrielle', 'Qualité', 'Électrotechnique', 'Maintenance Préventive', 'Équipement', 'Maintenance', 'Production', 'Réparation', 'Mécanique Électrotechnique', 'Machines', 'Réparation Mécanique', 'Pneumatique']",2026-04-15
https://www.emploi.ma/offre-emploi-maroc/comptable-casablanca-9361457,Comptable - Casablanca,ELITE INTERIM MAROC,"Nous recherchons un Comptable pour rejoindre notre équipe. Ce poste implique la gestion des opérations comptables, le suivi des transactions financières et la préparation des rapports financiers dans un environnement dynamique. Missions : Assurer la tenue et la mise à jour des comptes financiers de l'entreprise. Gérer les opérations de comptabilité générale et analytique. Préparer les déclarations fiscales et sociales conformément à la réglementation en vigueur. Participer à l'élaboration des budgets et au suivi des écarts. Collaborer avec les auditeurs lors des audits annuels et assurer la conformité des documents comptables.","Gestion, comptabilité, finance","Intérim, recrutement",CDI,Casablanca-Mohammedia,Casablanca,Non,Expérience entre 2 ans et 5 ans - Expérience entre 5 ans et 10 ans - Expérience > 10 ans,Bac+4 - Bac+5 et plus,"['Finance', 'Rapports Financiers', 'Gestion', 'Comptabilité', 'Comptabilité Générale']",2026-05-07
https://www.emploi.ma/offre-emploi-maroc/ingenieur-genie-civil-rabat-9350695,Ingénieur en Génie Civil - Rabat,TECTRA RABAT - KENITRA,"Nous recherchons un Ingénieur en Génie Civil pour rejoindre notre équipe. Ce poste implique la conception, la planification et la supervision de projets de construction et d'infrastructures, en assurant leur conformité aux normes et aux exigences techniques. Le candidat doit être capable de travailler en équipe et de gérer des projets variés dans un environnement dynamique. Missions : Concevoir et planifier des projets de génie civil en respectant les normes en vigueur. Superviser les travaux sur le terrain et assurer la conformité des réalisations. Coordonner avec les équipes pluridisciplinaires et les partenaires externes. Réaliser des études techniques et des analyses de faisabilité. Assurer le suivi administratif et budgétaire des projets.",Métiers du BTP,"BTP, construction",CDI,Rabat-Salé-Kénitra,Rabat,,Expérience entre 2 ans et 5 ans - Expérience entre 5 ans et 10 ans - Expérience > 10 ans,Bac+3 - Bac+4 - Bac+5 et plus,"['Formation en Ingénierie', 'AUTOCAD', 'Construction', 'Infrastructure', 'Aménagement', 'REVIT', 'Aménagement Urbain']",2026-04-30
https://www.emploi.ma/offre-emploi-maroc/acheteur-transactionnel-hub-casablanca-9331513,Acheteur Transactionnel Hub - Casablanca,CRIT,Nous sommes à la recherche d'un Acheteur Transactionnel Hub. Missions : Traitement des demandes d’achat (DA) Passation et suivi des commandes fournisseurs Vérification des dossiers achats Gestion des priorités et urgences Suivi des relations fournisseurs Utilisation de l’ERP Traitement des litiges,Achats,"Intérim, recrutement",Intérim,Casablanca-Mohammedia,Casablanca,Non,Débutant < 2 ans,Bac+3,"['Gestion des Achats', 'Achats']",2026-04-25
https://www.emploi.ma/offre-emploi-maroc/ingenieur-beton-arme-calcul-batiments-gc-casablanca-9229067,Ingénieur Béton Armé – Calcul des Bâtiments GC - Casablanca,EXPERT EYE ENGINEERING,"Nous sommes à la recherche d'un Ingénieur Béton Armé – Calcul des Bâtiments GC. Missions principales Réaliser les notes de calcul et dimensionnements en béton armé industriel (fondations, planchers, voiles, portiques, réservoirs, etc.). Vérifier la conformité des études aux normes marocaines et internationales. Participer à la définition des solutions techniques optimales en lien avec les autres disciplines (charpente métallique, fluides, électricité). Assurer le suivi technique des études depuis l’APS jusqu’aux plans d’exécution. Rédiger les rapports techniques et assurer la justification des choix de conception.",Métiers des services,"Ingénierie, études développement",CDI,Casablanca-Mohammedia,Casablanca,Non,Expérience entre 5 ans et 10 ans - Expérience > 10 ans,Bac+5 et plus,"['BTP', 'Charpente', 'Charpente Métallique']",2026-04-08
https://www.emploi.ma/offre-emploi-maroc/ingenieure-charge-affaires-chiffrage-cvc-maintenance-travaux-rabat-9340252,"Ingénieur(e) Chargé D´Affaires Chiffrage CVC, Maintenance, Travaux - Rabat",ATOMEE AFRICA,"Nous sommes à la recherche d'un(e) Ingénieur(e) Chargé d'Affaires Chiffrage CVC, Maintenance, Travaux. L’Ingénieur(e) chiffrage CVC, maintenance, travaux joue un rôle clé et stratégique dans la préparation, la sécurisation et la rentabilité des contrats de maintenance multi technique et travaux associés. Il a pour mission de : Analyser les besoins du client (public ou privé), Traduire ces besoins en moyens humains, techniques et organisationnels, Valoriser les compétences internes de l’entreprise, Et convertir l’ensemble en une offre économique fiable, traçable et exploitable. Il intervient principalement en phase appels d’offres et en support des équipes commerciales et d’exploitation. Missions : 1- Analyse du besoin et des documents contractuels : Étudier les dossiers de consultation (DCE, CCTP, CCAP, BPU, DPGF, annexes techniques). Comprendre la nature des contrats de maintenance (P2, P3, GER, multi-technique, FM). Identifier les exigences implicites et explicites du client. Analyser les risques techniques, contractuels et financiers. Réaliser des visites de site (audit technique, état des installations, contraintes d’exploitation). Synthétiser le besoin client en hypothèses de chiffrage claires et documentées. 2- Chiffrage et construction de l’offre de maintenance : Définir les moyens nécessaires : Ressources humaines (techniciens, encadrement), Temps d’intervention, outillage, consommables, pièces, sous-traitance éventuelle. Évaluer les coûts directs et indirects liés à l’exploitation du contrat. Consulter et analyser les offres fournisseurs et sous-traitants. Construire les prix : Forfaits de maintenance, Prestations hors forfait, Travaux associés. Optimiser les coûts tout en garantissant la qualité de service et la marge cible. Formaliser et tracer l’ensemble des hypothèses de chiffrage. 3- Contribution à la réponse aux appels d’offres : Participer à la rédaction des mémoires techniques : Organisation de la maintenance, Méthodologie d’intervention, Moyens humains et matériels, Gestion des urgences, Sécurité, qualité, environnement. Apporter une vision technique et économique à l’équipe commerciale. S’assurer de la cohérence entre l’offre technique et l’offre financière. Participer, si nécessaire, aux soutenances et échanges avec le client. 4- Support exploitation et amélioration continue : Assurer le passage de relais vers l’exploitation après attribution. Expliquer et justifier les hypothèses de chiffrage aux équipes opérationnelles. Ajuster les estimations en cas d’évolution du périmètre contractuel. Proposer des variantes techniques ou organisationnelles. Capitaliser les retours d’expérience pour améliorer les futurs chiffrages. Assurer une veille technique, réglementaire et contractuelle.",Métiers du BTP,"BTP, construction",CDI,Rabat-Salé-Kénitra - International,Rabat,Non,Expérience entre 5 ans et 10 ans - Expérience > 10 ans,Bac+4 - Bac+5 et plus,"['CVC', 'Électricité CFO / CFA', 'Plomberie', 'ingénierie', 'Multi technique courant', 'Chiffrage', 'Analyse Financière', 'Énergie', 'Génie Énergétique', 'Électrotechnique']",2026-05-01
https://www.emploi.ma/offre-emploi-maroc/assistante-administrative-commerciale-meknes-9273642,Assistante Administrative / Commerciale - Meknès,SOMACOS,"Nous recrutons : une Assistante Administrative / Commerciale. N/B : Il faut que la candidat réside à Meknès Missions principales : Assurer le suivi des comptes clients (encours, échéances, retards). Relancer les clients (courrier, téléphone, e-mail) pour le recouvrement des créances.","Production, maintenance, qualité","Industrie, production, fabrication, autres",CDI,Agadir - Béni Mellal-Khénifra - Casablanca-Mohammedia - Dakhla - Errachidia - Fès - Guelmim - Laâyoune - Marrakech-Safi - Meknès - Oujda - Rabat-Salé-Kénitra - Settat - Tanger-Tétouan-Al Hoceïma - International,Meknès,Non,Expérience entre 2 ans et 5 ans - Expérience entre 5 ans et 10 ans - Expérience > 10 ans,Bac+3 - Bac+4 - Bac+5 et plus,"['Comptabilité', 'Administration', 'Maintenance', 'Qualité']",2026-03-20
https://www.emploi.ma/offre-emploi-maroc/technicien-laboratoire-metallurgique-birjdid-9347939,Technicien Laboratoire Métallurgique - Birjdid,TECTRA CASA BOURGOGNE – RECRUTEMENT,"Pour l'un de nous client opérant dans le secteur métallurgique, TECTRA recrute 2 Techniciens Laboratoire Métallurgique. Missions principales Préparation d'échantillons : Tronçonnage, enrobage, polissage et attaque chimique d'échantillons métalliques pour examens microscopiques. Analyses et essais : Réalisation d'essais physico-chimiques (analyses granulométriques, pHmétrie, titrage) et mécaniques (dureté, traction, résilience). Contrôle qualité : Vérification de la conformité des matières premières, des produits intermédiaires et finis, et détection des non-conformités. Maintenance des équipements : Entretien, étalonnage et calibration des instruments de laboratoire (fours, microscopes, balances). Rapportage : Saisie des données analytiques et rédaction de rapports de laboratoire pour les ingénieurs ou le service production.","Production, maintenance, qualité","Industrie, production, fabrication, autres",Intérim,Casablanca-Mohammedia,Birjdid,,Expérience entre 2 ans et 5 ans - Expérience entre 5 ans et 10 ans - Expérience > 10 ans,Bac+2 - Bac+3 - Bac+4 - Bac+5 et plus,"['secteur métallurgique', 'Polissage', 'Titrage', 'Maintenance', 'Étalonnage', 'Production', 'Qualité', 'Chimie']",2026-05-06
https://www.emploi.ma/offre-emploi-maroc/gestionnaire-paie-casablanca-9361958,Gestionnaire de Paie - Casablanca,CRIT,"Dans le cadre du développement de nos activités, nous sommes à la recherche d’un(e) Gestionnaire de Paie justifiant d’une expérience minimale de 2 ans dans un poste similaire. Une expérience dans le secteur du travail temporaire est vivement souhaitée. Vos responsabilités : Préparer et contrôler les bulletins de paie dans le respect des délais Assurer la gestion administrative liée au personnel : absences, congés, maladies, etc. Saisir et vérifier les éléments variables de paie Garantir l’exactitude des données sociales et salariales Répondre aux demandes des collaborateurs concernant la paie et l’administration RH","RH, formation","Intérim, recrutement",CDI,Casablanca-Mohammedia,Casablanca,Non,Expérience entre 5 ans et 10 ans,Bac+2 - Bac+3,"['Gestion Administrative', 'Administration RH', 'Gestion des Ressources Humaines', 'Formation']",2026-05-07
https://www.emploi.ma/offre-emploi-maroc/analyste-assurance-qualite-ain-el-aouda-9286709,Analyste Assurance Qualité - Aïn El Aouda,AMANYS PHARMA,"Nous sommes à la recherche d'un Analyste Assurance Qualité. Poste En tant qu’ Analyste assurance qualité , vous êtes rattaché(e) directement au Responsable Assurance Qualité , et vos principales responsabilités sont les suivantes : Effectuer le contrôle à réception des produits finis fabriqués ; Vérifier les dossiers de lots des Produits Finis Fabriqués et des Produits Finis Importés et s’assurer de leur conformité conformément aux procédures internes en vigueur et aux délais prédéfinis ; Repérer tout non-conformité ou toute déviation aux BPF et en informer la hiérarchie ; Coordonner la collecte des informations relatives à la constitution de la Revue Périodique Produit ; Élaborer la RPP conformément au planning prédéfini et la faire approuver par les responsables concernés ; Assurer la mise à jour de la base de donnée du système documentaire du site ; Diffuser les documents « Crées et/ou mis à jour » et les fiches de lectures des procédures ; Tenir à jour l’indicateur de suivi de la documentation du site et le planning de révision des procédures du site ; Classer les documents relatifs aux systèmes de management de la qualité ; Gérer la base électronique des CAPAs issues des systèmes de managements de la qualité ; Assurer la gestion de l’archive centrale conformément aux procédures en vigueur.","Management, direction générale",Industrie pharmaceutique,CDI,Rabat-Salé-Kénitra,Aïn El Aouda,Non,Expérience entre 2 ans et 5 ans - Expérience entre 5 ans et 10 ans - Expérience > 10 ans,Bac+5 et plus,"['Assurance Qualité', 'BPF', 'Production', 'Qualité', 'Maintenance', 'Non-Conformité', 'Gestion', 'Électronique', 'Management', 'Management de la Qualité', 'Santé']",2026-04-14
https://www.emploi.ma/offre-emploi-maroc/technicien-geotechnique-rabat-9350686,Technicien Géotechnique - Rabat,TECTRA RABAT - KENITRA,"Nous sommes à la recherche d'un Technicien Géotechnique. Missions : Réaliser des reconnaissances de terrain (forages, sondages, essais in situ) Effectuer des prélèvements d’échantillons et assurer leur traçabilité Participer aux essais en laboratoire (granulométrie, limites d’Atterberg, etc.) Interpréter les résultats et contribuer à la rédaction des rapports géotechniques Assurer le suivi des chantiers et le respect des normes de sécurité Collaborer avec les ingénieurs et les équipes techniques",Métiers du BTP,"BTP, construction",CDI,Rabat-Salé-Kénitra,Rabat,,Expérience entre 2 ans et 5 ans - Expérience entre 5 ans et 10 ans - Expérience > 10 ans,Bac+2 - Bac+3 - Bac+4 - Bac+5 et plus,"['Gestion Géotechnique', 'Instrumentation', 'Modélisation', 'Granulométrie', 'Gestion Géotechnique']",2026-04-30
https://www.emploi.ma/offre-emploi-maroc/commercial-senior-logistique-casablanca-9316622,Commercial Senior – Logistique - Casablanca,ELITE INTERIM MAROC,"Nous sommes à la recherche d'un Commercial Senior – Logistique. Missions : Développer et structurer le département commercial de notre entreprise logistique au Maroc, en assurant la croissance du portefeuille clients et en renforçant notre présence sur le marché, notamment dans le domaine des ISO TANKS.","Commercial, vente","Aéronautique, navale",CDI - CDD - Intérim - Freelance,Casablanca-Mohammedia,Casablanca,Non,Expérience entre 2 ans et 5 ans - Expérience entre 5 ans et 10 ans - Expérience > 10 ans,Bac+3 - Bac+4 - Bac+5 et plus,"['services liés aux ISO TANKS', 'Vente', 'Transport International', 'Négociation', 'Transport']",2026-05-07
https://www.emploi.ma/offre-emploi-maroc/agent-administratif-mohammedia-9293730,Agent Administratif - Mohammedia,TECTRA,Nous recrutons un Agent Administratif sur Mohammedia.,"RH, formation","Intérim, recrutement",Intérim,Casablanca-Mohammedia,Mohammedia,Non,Débutant < 2 ans - Expérience entre 2 ans et 5 ans,Bac+2 - Bac+3,"['Agent administratif', 'Secrétariat', 'Formation', 'Assistanat']",2026-04-04
https://www.emploi.ma/offre-emploi-maroc/superviseur-projets-stations-mohammedia-avec-deplacements-frequents-9301519,Superviseur Projets Stations - Mohammedia avec Déplacements Fréquents,,"Entreprise spécialisée dans la distribution des produits pétroliers, en plein développement de ses activités, recherche un Superviseur Projets Stations. Vous avez en charge les projets de construction et de rénovation du réseau des stations services, points de ventes et centres d’intérêt de l'entreprise depuis les phases de conception, de budgétisation, d’autorisation, de planification et de construction jusqu’à la mise en service. Vous aurez également pour missions : la Réalisation des projets conformément aux besoins spécifiés par le client interne tout en respectant les procédures et standards « normes, réglementations en vigueur, respect des aspects et contraintes liées à la sécurité, qualité, coût et délai ». les contrats et commandes avec les prestataires, fournisseurs et entreprises de travaux. l’optimisation des coûts liés à la réalisation des projets. la conformité des prestations, fournitures et travaux par rapport aux contrats et commandes. la réalisation et l’exécution de toutes les démarches en vue de l’obtention des diverses autorisations administratives. la supervision, l’organisation et le suivi des travaux de construction, de rénovation et d’installation des équipements en respect total des cahiers de charges approuvés. la Coordination avec les divers intervenants dans les dites constructions en vue d’optimiser les délais de réalisations ; le contrôle des diverses situations d’avancement des travaux et l’approbation des décomptes des travaux.",Métiers du BTP,"BTP, construction",CDI,Casablanca-Mohammedia,Mohammedia Avec Déplacements Fréquents,Hybride,Expérience entre 2 ans et 5 ans,Bac+2 - Bac+3,"['Très bonnes connaissance technique du secteur génie civil.', 'Rénovation', 'Construction']",2026-04-17
https://www.emploi.ma/offre-emploi-maroc/assistante-marketing-marrakech-9206381,Assistant(e) Marketing Junior / Sénior - Marrakech,SERENITE LUXURY,Nous développons des projets immobiliers de très haut standing intégrant des marques de luxe internationales avec une forte dimension design architecture et branding. Dans le cadre de notre développement nous recherchons un(e) Assistant(e) Marketing capable d'évoluer dans un environnement exigeant créatif et confidentiel et maîtrisant les outils d intelligence artificielle. La personne travaillera en lien direct avec la direction sur des projets à forte valeur ajoutée dans l'immobilier de luxe le design et le branding. Les missions consistent à assister la stratégie marketing et le positionnement des projets immobiliers de luxe à créer et optimiser des contenus de communication et de présentation à participer à l élaboration de plaquettes supports digitaux et éléments de storytelling à utiliser des outils d intelligence artificielle pour la génération de contenus la structuration d idées la veille créative et concurrentielle ainsi que l optimisation de supports marketing à coordonner les échanges avec les designers architectes agences et partenaires et à assurer le suivi opérationnel des projets marketing. Le profil recherché dispose d une formation ou d une expérience en marketing communication design branding ou domaine équivalent. Une très bonne maîtrise des outils d intelligence artificielle est indispensable. Une sensibilité marquée pour le luxe le design l architecture et l immobilier haut de gamme est requise. Une excellente capacité rédactionnelle en français est attendue. La maîtrise de l anglais est un atout important. La personne devra être organisée autonome créative discrète et capable de travailler sur des projets à haut niveau d exigence. Nous offrons un environnement de travail qualitatif et inspirant des projets uniques à dimension internationale une collaboration directe avec la direction une forte montée en compétences sur le luxe le branding et l usage de l intelligence artificielle ainsi qu une rémunération adaptée au profil et à l expérience. Les candidats intéressés sont invités à envoyer un curriculum vitae accompagné de quelques lignes expliquant leur intérêt pour le luxe le design et l intelligence artificielle. Un portfolio ou des exemples de travaux peuvent être joints à titre informatif,"Marketing, communication","Ameublement, décoration",CDI - Freelance,Marrakech-Safi,Marrakech,,Expérience entre 2 ans et 5 ans - Expérience entre 5 ans et 10 ans - Expérience > 10 ans,Bac+2 - Bac+3 - Bac+4 - Bac+5 et plus,"['Stratégie Marketing', 'Branding', 'Communication', 'Positionnement', 'Design', 'Projets Marketing', 'Supports Marketing', 'Marketing']",2026-04-27
https://www.emploi.ma/offre-emploi-maroc/chef-nettoyage-casablanca-9270814,Chef de Nettoyage - Casablanca,GENERAL PRIVATE INTERIM,"Nous sommes une société d’intérim et nous recrutons, pour le compte de notre client, un Chef de Nettoyage . Missions principales : Superviser et encadrer l’équipe de nettoyage. Organiser et planifier les tâches quotidiennes. Veiller au respect des normes d’hygiène et de sécurité. Contrôler la qualité des prestations de nettoyage. Assurer la gestion du matériel et des produits d’entretien.","RH, formation","Intérim, recrutement",Intérim,Casablanca-Mohammedia,Casablanca,,Débutant < 2 ans - Expérience entre 2 ans et 5 ans - Expérience entre 5 ans et 10 ans - Expérience > 10 ans,Qualification avant bac - Bac - Bac+1 - Bac+2 - Bac+3 - Bac+4 - Bac+5 et plus,['Formation'],2026-03-18
https://www.emploi.ma/offre-emploi-maroc/assistante-achat-casablanca-9336869,Assistante Achat - Casablanca,GROUPE MCE,"Dans le cadre du développement de l’activité de notre client, nous recrutons une Assistante Achat . Missions principales : Assister le responsable achats dans la gestion des commandes Suivre les fournisseurs (consultation, négociation, relance) Gérer les bons de commande et assurer leur suivi Mettre à jour les bases de données fournisseurs et produits Suivre les livraisons et gérer les litiges éventuels Participer à l’optimisation des coûts et des processus achats",Achats,"Industrie, production, fabrication, autres",Intérim,Casablanca-Mohammedia,Casablanca,,Débutant < 2 ans - Expérience entre 2 ans et 5 ans,Bac+2 - Bac+3,"['Achats', 'Négociation', ""Processus d'Achats"", 'Gestion des Commandes']",2026-04-29
https://www.emploi.ma/offre-emploi-maroc/comptable-fiduciaire-casablanca-9312872,Comptable / Fiduciaire - Casablanca,PROFILS RECRUTEMENT,"Dans le cadre de son développement nous recrutons pour une Fiduciaire deux Comptables expérimentés avec une expérience (minimum 3 ans) dans le domaine, En tant que Comptable, votre principale mission est de participer à la tenue et/ou la supervision de la comptabilité des clients de la FIDUCIAIRE qui vous seront confiés.","Gestion, comptabilité, finance","Conseil, audit, comptabilité",CDI,Casablanca-Mohammedia,Casablanca,,Expérience entre 2 ans et 5 ans - Expérience entre 5 ans et 10 ans - Expérience > 10 ans,Bac+3 - Bac+4 - Bac+5 et plus,"['Finance', 'Gestion', 'Comptabilité']",2026-04-15
https://www.emploi.ma/offre-emploi-maroc/chauffeur-direction-mohammedia-9357124,Chauffeur de Direction - Mohammedia,TECTRA,"Tectra recrute un Chauffeur de Direction pour son client sur Mohammedia . Missions principales : Courses administratives diverses Dépôt de factures et documents divers Transport du personnel de Casablanca (Rahma,Dar Bouazza , Tamares ,..) à Mohammedia à titre quotidien - Contrat : CDI + avantages sociaux - Rémunération : entre 4000 dh et 4500 dh net","Production, maintenance, qualité",Agroalimentaire,CDI,Casablanca-Mohammedia,Mohammedia,Non,Expérience entre 2 ans et 5 ans,Bac,"['Production', 'Qualité', 'Maintenance']",2026-05-04
https://www.emploi.ma/offre-emploi-maroc/chargee-controle-gestion-casablanca-9269256,Chargé(e) de Contrôle de Gestion - Casablanca,GENERAL PRIVATE INTERIM,"Dans le cadre du renforcement de ses équipes, une société opérant dans le domaine des essais, du contrôle qualité et de l’expertise technique recrute un Chargé de Contrôle de Gestion en contrat intérim. Missions principales : Participation à l’élaboration et au suivi des budgets Suivi et analyse des indicateurs de performance Élaboration des tableaux de bord et reportings Analyse des écarts budgétaires et proposition d’actions correctives Contribution à l’optimisation des coûts et à l’amélioration des processus internes","Gestion, comptabilité, finance","BTP, construction",Intérim,Casablanca-Mohammedia,Casablanca,,Débutant < 2 ans - Expérience entre 2 ans et 5 ans - Expérience entre 5 ans et 10 ans - Expérience > 10 ans,Bac+3 - Bac+4 - Bac+5 et plus,"['Finance', 'Comptabilité', 'Gestion']",2026-03-17
https://www.emploi.ma/offre-emploi-maroc/technicien-service-desk-support-it-franco-italophone-casablanca-9322332,Technicien Service Desk / Support IT ( Franco-Italophone) - Casablanca,AFRICAWORK,"Nous recrutons pour notre client, une entreprise leader international de la transformation digitale, avec une expertise reconnue dans les services IT, le cloud, la cybersécurité et le Digital Workplace, Un Agent HelpDesk Italophone . Position basée à Casablanca Rattaché(e) au Service Desk, vous êtes le premier point de contact des utilisateurs pour toute demande d’assistance IT. Vous assurez la réception, l’analyse, le diagnostic et la résolution des incidents et demandes de service, dans le respect des SLA, des procédures ITIL et des standards qualité. Missions: Assurer le support aux utilisateurs (à distance) et garantir une expérience utilisateur de qualité. Qualifier et traiter les incidents / demandes de service via l’outil ITSM (ticketing). Diagnostiquer les dysfonctionnements, résoudre au premier contact lorsque possible, ou escalader au bon niveau (N2/N3). Respecter les engagements de service (SLA, priorisation, délais, communication). Contribuer à l’amélioration continue : enrichissement de la base de connaissances, suggestions d’automatisation, qualité de la documentation. Participer au maintien en conditions opérationnelles du service (reporting, suivi, respect des processus). Tâches / Activités Gestion des tickets & relation utilisateurs Diagnostic & résolution Traitement des demandes de service Escalade & coordination","Informatique, nouvelles technologies","Informatique, SSII, Internet",CDI,Casablanca-Mohammedia,Casablanca,Non,Expérience entre 2 ans et 5 ans - Expérience entre 5 ans et 10 ans - Expérience > 10 ans,Bac+2 - Bac+3 - Bac+4 - Bac+5 et plus,"['VPN', 'GLPI', 'REMEDY', 'ITIL', 'SERVICENOW', 'JIRA', 'AZURE', 'SHAREPOINT', 'ITSM', 'TCP IP']",2026-04-21
https://www.emploi.ma/offre-emploi-maroc/responsable-finance-comptabilite-kenitra-9289332,Responsable Finance et Comptabilité - Kénitra,TK BETON,"Nous sommes un groupe industriel basé dans la région de kenitra nous recrutons un Responsable Financier Groupe pour rejoindre notre équipe et accompagner notre développement. Missions principales : En tant que Responsable Financier, vous serez un acteur clé dans la gestion financière du groupe. Vos principales missions seront les suivantes : Superviser l'ensemble des fonctions financières : comptabilité, trésorerie, contrôle de gestion, fiscalité, etc. Élaborer, mettre en place et suivre les budgets et les prévisions financières. Analyser les résultats financiers et fournir des recommandations à la direction générale pour soutenir la prise de décisions stratégiques. Assurer la gestion de la trésorerie et optimiser la rentabilité de l'entreprise. Piloter les audits internes et externes. Participer à la définition des objectifs financiers et à l'élaboration de la stratégie du groupe. Encadrer une équipe de quatre collaborateurs et garantir le bon fonctionnement des services financiers. Assurer la conformité aux normes comptables, fiscales et réglementaires","Gestion, comptabilité, finance","BTP, construction",CDI,Rabat-Salé-Kénitra,Kénitra,Non,Expérience entre 2 ans et 5 ans - Expérience entre 5 ans et 10 ans,Bac+5 et plus,"['Gestion', 'Fiscalité', 'Gestion Financière', 'Finance', 'Gestion de la Trésorerie', 'Trésorerie', 'Comptabilité']",2026-04-30
https://www.emploi.ma/offre-emploi-maroc/ux-ui-designer-mf-8251959,UX / UI Designer (M/F),AFRICASHORE,"We are looking for UX / UI Designer profiles / CVs to pass on to our clients for their future recruitment campaigns. Mission: Design graphic user interface elements, like menus, tabs, and widgets. Be in proactive mode to instill new approaches in design. Produce and enhance wireframes, interactive prototypes, user flow diagrams, and other UI-UX design solutions for Desktop & Mobile products. Create visuals for the web (editing, photo, video, etc.). Develop UI mockups and prototypes that clearly illustrate how sites function and look like. Create mock-ups in accordance with the graphic charter of the brand or product. Design interfaces for web and mobile. Build page navigation buttons and search fields. Deliver high quality technical designs with high performance, scalability, flexibility and maintainability across all businesses. Plan user testing to validate designs using a variety of methodologies. Identify and troubleshoot UX problems (e.g. responsiveness). Conduct layout adjustments based on user feedback.","Informatique, nouvelles technologies","Informatique, SSII, Internet",CDI - CDD - Freelance,Agadir - Béni Mellal-Khénifra - Casablanca-Mohammedia - Dakhla - Errachidia - Fès - Guelmim - Laâyoune - Marrakech-Safi - Meknès - Oujda - Rabat-Salé-Kénitra - Settat - Tanger-Tétouan-Al Hoceïma - International,/ Travail à Distance,,Expérience entre 5 ans et 10 ans,Bac+3,"['BOOTSTRAP', 'CVS', 'GIT', 'JAVASCRIPT', 'CSS', 'PHOTOSHOP', 'AJAX', 'HTML', 'ILLUSTRATOR']",2026-04-13
https://www.emploi.ma/offre-emploi-maroc/ingenieur-commercial-it-rabat-9325819,Ingénieur Commercial IT - Rabat,JOB CONNECT,"Nous recrutons pour le compte de notre client basé à Rabat, Ingénieur Commercial IT . Son rôle est de promouvoir et commercialiser les licences ainsi que les prestations de développement informatique. Missions principales Commercialiser les licences du langage de programmation . Vendre des prestations de développement informatique (applications métier, évolutions, POC, projets sur mesure). Prospecter de nouveaux clients et identifier de nouvelles opportunités. Développer et fidéliser le portefeuille clients :(Relances régulières, identification de nouveaux besoins, proposition de solutions adaptées) Analyser et qualifier les besoins clients en collaboration avec les équipes techniques. Élaborer les offres commerciales (devis, propositions, négociation, closing). Assurer le suivi client sur l’ensemble du cycle de vente. Gérer les échanges commerciaux avec une clientèle internationale.","Informatique, nouvelles technologies","Informatique, SSII, Internet",CDI,Rabat-Salé-Kénitra,Rabat,,Expérience entre 5 ans et 10 ans - Expérience > 10 ans,Bac+5 et plus,[],2026-04-22
https://www.emploi.ma/offre-emploi-maroc/technicien-informaticien-casablanca-9287788,Technicien Informaticien - Taliouine - Askaoun,AYA GOLD AND SILVER,"Nous sommes à la recherche d'un Technicien Informaticien. Mission : Assurer l’installation et la garantie de fonctionnement des équipements informatiques et téléphoniques (matériels et logiciels) liés au poste de travail Responsabilités : Préparer et installer le poste de travail ; Assurer la maintenance préventive et corrective des ordinateurs ; Contribuer à la gestion du parc ; Assure une veille technologique sur les ordinateurs et les logiciels ; Assurer le support auprès des utilisateurs ; Contribuer à la disponibilité, confidentialité et l’intégrité du système d’information ; Principales activités : Installation initiale des équipements informatiques et téléphoniques (applications, utilitaires, …) ; Installation des mises à jour des applications et utilitaires ; Télédistribution des applications, Antivirus suivant un plan de déploiement ; Détection et limitation des virus ; Traitement des incidents à distance sur les ordinateurs, réseaux, messagerie ou téléphonie ; Administration de la messagerie sur la partie cliente du poste de travail (connexion, exploitation) ; Aide à la prise en main des équipements et logiciels installés ; Remonter les incidents de sécurités.","Informatique, nouvelles technologies","Chimie, pétrochimie, matières premières, mines",CDI,Agadir - Marrakech-Safi,Taliouine - Askaoun,Non,Débutant < 2 ans - Expérience entre 2 ans et 5 ans - Expérience entre 5 ans et 10 ans - Expérience > 10 ans,Bac+2 - Bac+3 - Bac+4 - Bac+5 et plus,"['TCP IP', 'MICROSOFT']",2026-04-02
https://www.emploi.ma/offre-emploi-maroc/surveillante-internat-centre-formation-sportif-casablanca-9341557,Surveillant(e) de L'Internat | Centre de Formation Sportif - Casablanca,TECTRA CASA TERTIAIRE – RECRUTEMENT,"Nous cherchons pour le compte de notre client un Centre de formation sportif basé à Casablanca recrute un(e) Surveillant(e) de l'internat pour assurer la sécurité, le bien-être et l'encadrement quotidien des joueurs résidents. Vos missions Surveiller les espaces communs, effectuer des rondes et vérifier les présences Veiller au respect du règlement intérieur et gérer les conflits avec diplomatie Accompagner les joueurs dans leurs activités quotidiennes (repas, études, loisirs, sommeil) Créer une relation de confiance, assurer un rôle d'écoute et de médiation Travailler en lien avec le staff technique et l'équipe pédagogique Intervenir en cas d'incident ou problème de santé (premiers secours) et rédiger les rapports Participer à l'organisation des événements sportifs et éducatifs",Métiers de la santé et du social,"Sport, action culturelle et sociale",Intérim,Casablanca-Mohammedia,Casablanca,,Débutant < 2 ans - Expérience entre 2 ans et 5 ans,Qualification avant bac - Bac - Bac+1 - Bac+2 - Bac+3 - Bac+4 - Bac+5 et plus,"['Restauration', 'Premiers Secours', 'Santé', 'Assistanat', 'Hôtellerie', 'Secrétariat', 'Tourisme', 'Éducation', 'Encadrement']",2026-05-02
https://www.emploi.ma/offre-emploi-maroc/operateur-machine-impression-casablanca-9361473,Opérateur de Machine d’Impression - Casablanca,SKETCH DESIGN MAROC,"Nous recherchons un Opérateur de Machine d’Impression pour rejoindre notre équipe. Ce poste implique la gestion et la maintenance des équipements d’impression, ainsi que le contrôle qualité des productions, dans un environnement industriel dynamique et exigeant. Missions : Assurer le bon fonctionnement des machines d’impression et effectuer leur maintenance préventive et corrective. Contrôler la qualité des impressions pour garantir la conformité aux standards de l’entreprise. Configurer et ajuster les équipements selon les spécifications des projets. Respecter les délais de production tout en maintenant un haut niveau de qualité. Collaborer avec l’équipe de production pour optimiser les processus et résoudre les éventuels problèmes techniques.","Production, maintenance, qualité","Ameublement, décoration",CDI,Casablanca-Mohammedia,Casablanca,,Expérience entre 2 ans et 5 ans,Bac+2,"['Maintenance Préventive', 'Production', 'Maintenance', 'Processus', 'Qualité', 'Machines']",2026-05-07
https://www.emploi.ma/offre-emploi-maroc/agent-facturation-casablanca-9311745,Agent de Facturation - Casablanca,TECTRA RECRUTEMENT MAROC,Nous sommes à la recherche d'un (e) Agent(e) de Facturation pour notre client basé à Casablanca du côté rond point Chimicolore pour l'emplacement.,"Secrétariat, assistanat",Services autres,Intérim,Casablanca-Mohammedia,Casablanca,,Débutant < 2 ans - Expérience entre 2 ans et 5 ans,Bac - Bac+1 - Bac+2 - Bac+3,"['Assistanat', 'Facturation', 'Secrétariat']",2026-04-14
https://www.emploi.ma/offre-emploi-maroc/declarant-douane-casablanca-9247657,Déclarant en Douane - Casablanca,,"Nous sommes à la recherche d'un Déclarant en Douane. Rattaché(e) au Responsable Import / Achat, vous aurez pour principales responsabilités : Préparer et établir les déclarations en douane (import/export) Assurer le suivi des opérations de dédouanement jusqu’à la mainlevée Vérifier la conformité des documents : facture, BL, liste de colisage, certificat d’origine, etc. Assurer la relation avec l’Administration des Douanes, transitaires et partenaires logistiques Veiller au respect de la réglementation douanière en vigueur Gérer les régimes économiques en douane si applicable Anticiper les risques et optimiser les coûts liés au dédouanement Assurer un reporting régulier des dossiers en cours",Achats,"Distribution, vente, commerce de gros",CDI,Casablanca-Mohammedia,Casablanca,Non,Expérience entre 2 ans et 5 ans - Expérience entre 5 ans et 10 ans - Expérience > 10 ans,Bac+2 - Bac+3 - Bac+4 - Bac+5 et plus,"['Maîtrise du Code des douanes marocain', 'Connaissance des régimes économiques en douane', 'Gestion simultanée de plusieurs dossiers', 'Rigueur documentaire', 'Douane', 'Réglementation Douanière', 'Colisage', 'Transport', 'Dédouanement', 'Achats', 'Export', 'Import']",2026-05-02
https://www.emploi.ma/offre-emploi-maroc/conseillere-pedagogique-sale-9336790,Conseiller(e) Pédagogique - Salé,CALLIOPE,Nous sommes à la recherche d'un(e) Conseiller(e) Pédagogique. Vous êtes enseignant et vous souhaitez vous orienter vers d'autres opportunités tout en mettant en avant vos compétences en éducation pour accompagner les établissements scolaires en proposant des livres et manuels adaptés. Responsabilités : Identifier et prospecter les établissements scolaires pour présenter l’offre de l’entreprise. Recommander des solutions pédagogiques adaptées et assurer un suivi régulier pour répondre aux besoins évolutifs des établissements. Renforcer les relations avec les établissements via des actions de fidélisation et l’organisation d’événements pédagogiques.,"Commercial, vente","Distribution, vente, commerce de gros",CDI,Rabat-Salé-Kénitra,Salé,,Expérience entre 2 ans et 5 ans - Expérience entre 5 ans et 10 ans - Expérience > 10 ans,Bac+3 - Bac+4 - Bac+5 et plus,[],2026-04-29
https://www.emploi.ma/offre-emploi-maroc/archiviste-casablanca-9329682,Archiviste - Casablanca,DEKRA SERVICES,"Notre client, une grande multinationale industrielle basée à Sidi Maarouf, cherche dans le cadre de l’intérim un Archiviste.","Informatique, nouvelles technologies","Industrie, production, fabrication, autres",Intérim,Casablanca-Mohammedia,Casablanca,,Expérience entre 2 ans et 5 ans,Bac+3,"['Secrétariat', 'NET', 'Assistanat']",2026-04-24
https://www.emploi.ma/offre-emploi-maroc/comptable-fournisseur-casablanca-9319346,Comptable Fournisseur - Casablanca,AYA GOLD AND SILVER,"Nous sommes à la recherche d'un Comptable Fournisseur. Missions : 1. Traitement des factures fournisseurs Réception et vérification des factures (conformité, mentions légales) Rapprochement facture – bon de commande – bon de réception/attachement Saisie comptable des factures (achats, services, immobilisations) Gestion des écarts (quantité, prix, qualité) 2. Gestion des fournisseurs Création et mise à jour du référentiel fournisseurs Vérification des coordonnées bancaires Suivi des contrats fournisseurs Communication avec les fournisseurs 3. Gestion des paiements Préparation des paiements (virements, chèques …) Respect des échéances contractuelles Suivi des acomptes et avances fournisseurs 4. Clôture comptable Identification et comptabilisation des FNP (factures non parvenues) Justification des comptes fournisseurs et analyse des soldes Participation aux arrêtés mensuels et annuels 5. Contrôle interne et conformité Application des procédures internes (validation, workflow) Archivage des pièces justificatives Participation aux audits (internes / externes) Contrôle de la conformité fiscale (TVA, retenues à la source)","Gestion, comptabilité, finance","Chimie, pétrochimie, matières premières, mines",CDI,Casablanca-Mohammedia,Casablanca,Non,Débutant < 2 ans - Expérience entre 2 ans et 5 ans,Bac+2 - Bac+3,"['Gestion des Fournisseurs', 'Gestion', 'Comptabilité', 'Gestion des Factures', 'Finance']",2026-04-18
https://www.emploi.ma/offre-emploi-maroc/gestionnaire-logistique-administratif-hf-casablanca-9348994,Gestionnaire Logistique et Administratif (H/F) - Casablanca,BUDGET LOCASOM,"Dans le cadre de son développement, LOCASOM recrute un(e) Gestionnaire Logistique et Administratif . Rattaché(e) à la Direction des Opérations, vous aurez pour mission d’assurer le suivi logistique et administratif lié à la gestion de la flotte de véhicules. Missions principales : Participation et assistance lors des opérations de livraison des véhicules neufs (VN) Demande de disponibilité auprès des concessionnaires Suivi des commandes et des délais de livraison Gestion de la relation client et suivi des livraisons Suivi des demandes de règlement Préparation et constitution des dossiers administratifs Organisation des convoyages : réservation des convoyeurs et saisie des bons de commande associés Prise de photos des véhicules neufs (VN) Suivi et gestion de la partie administrative liée à l’activité Suivi et traitement des contraventions Intégration des véhicules neufs sur la plateforme NARSA","Transport, logistique",Services autres,CDI,Casablanca-Mohammedia,Casablanca,,Expérience entre 2 ans et 5 ans,Bac+2 - Bac+3,['Transport'],2026-05-07
https://www.emploi.ma/offre-emploi-maroc/assistante-administrative-classement-archivage-rabat-9344857,Assistante Administrative – Classement et Archivage - Rabat,BEINTERIM,"Dans le cadre du renforcement de notre organisation, nous recrutons une Assistante Administrative rigoureuse et organisée, chargée du suivi des tâches administratives, du classement et de l’archivage des documents. Missions principales : Assurer le classement physique et numérique des dossiers (contrats, factures, documents comptable, documents RH…) Mettre en place et maintenir un système d’archivage structuré et efficace Garantir la traçabilité et la disponibilité des documents Suivre les tâches administratives courantes et les échéances Assister les équipes dans la gestion documentaire Veiller à la confidentialité des informations traitées","Gestion, comptabilité, finance","Intérim, recrutement",CDD - Intérim,Rabat-Salé-Kénitra,Rabat,Non,"Etudiant, jeune diplômé - Débutant < 2 ans - Expérience entre 2 ans et 5 ans - Expérience entre 5 ans et 10 ans - Expérience > 10 ans",Bac+2 - Bac+3 - Bac+4 - Bac+5 et plus,"['Oragnisation', 'Assistanat', 'Organisation Administrative', 'Gestion', 'Comptabilité', 'Finance', 'Formation']",2026-05-05
https://www.emploi.ma/offre-emploi-maroc/commerciale-b-b-bilingue-anglais-avec-exp-recrutement-rabat-9346737,Commercial(e) B to B Bilingue Anglais Avec Exp. en Recrutement - Rabat,EMPLOI.MA,"Nous recrutons un(e) Commercial(e) B to B Bilingue Anglais - Français ayant une expérience en Recrutement pour vendre nos produits et services de recrutement auprès de nos clients étrangers. Vous avez obligatoirement une expérience en tant que Commercial(e) dans le secteur du recrutement.Vous êtes obligatoirement bilingue Anglais - Français. Missions : En tant que responsable de votre portefeuille de comptes entreprises, vos tâches principales sont les suivantes : Prospection de nouveaux clients ; Vente de nos produits et services par téléphone auprès d'une clientèle d´entreprises étrangères ; Identification des besoins de vos clients ; Gestion des contrats ; Suivi commercial des clients. Le poste est basé à Rabat.","Commercial, vente","Informatique, SSII, Internet",CDI,Rabat-Salé-Kénitra,Rabat,,Expérience entre 2 ans et 5 ans,Bac+4 - Bac+5 et plus,"['Prospection', 'Suivi Commercial', 'Vente', 'Télévente', 'Techniques de Vente', 'Prospection']",2026-05-05
https://www.emploi.ma/offre-emploi-maroc/directeur-usine-technique-meknes-9194923,Directeur D'Usine Technique - Meknès,SOMACOS,"Directeur d’Usine / Directeur Technique (H/F) Secteur : Plasturgie – Irrigation (Goutte-à-goutte et accessoires) Dans le cadre du renforcement de notre organisation, une société industrielle spécialisée dans la fabrication de tuyaux de goutte-à-goutte et d’accessoires d’irrigation , recrute un Directeur d’Usine / Directeur Technique . Missions principales : Rattaché à la Direction Générale, vous aurez pour principales responsabilités : Assurer la direction globale de l’usine (production, maintenance, qualité, sécurité) Définir et mettre en œuvre la stratégie technique et industrielle Planifier, organiser et optimiser la production (extrusion, injection, recyclage plastique, etc.) Garantir la performance industrielle (productivité, coûts, délais, qualité) Superviser les équipes techniques et de production Mettre en place et suivre les indicateurs de performance (KPI) Piloter les projets d’ amélioration continue et d’industrialisation Veiller au respect des normes qualité, sécurité et environnement Participer aux choix d’investissements industriels et technologiques","Production, maintenance, qualité","Industrie, production, fabrication, autres",CDI,Agadir - Béni Mellal-Khénifra - Casablanca-Mohammedia - Dakhla - Errachidia - Fès - Guelmim - Laâyoune - Marrakech-Safi - Meknès - Oujda - Rabat-Salé-Kénitra - Settat - Tanger-Tétouan-Al Hoceïma - International,Meknès,Non,Expérience entre 5 ans et 10 ans - Expérience > 10 ans,Bac+5 et plus,"[""Gestion d'Équipe"", 'Maintenance', 'Qualité', 'Plasturgie', 'Gestion Industrielle', 'TPM', 'Injection', 'Productivité', 'Amélioration Continue', 'Production', 'Extrusion', 'Injection Plastique', 'Industrialisation', 'Irrigation', 'Procédés', 'Génie Industriel']",2026-04-10
https://www.emploi.ma/offre-emploi-maroc/comptable-junior-casablanca-9254014,Comptable Junior - Casablanca,BRICOMA,"Nous recrutons des Comptables juniors pour renforcer la direction financière BRICOMA. Missions : Tenir la comptabilité générale et enregistrer les opérations comptables quotidiennes Contrôler les documents comptables Effectuer les paiements et/ou les encaissements, et gérer les oppositions Produire les documents comptables et légaux Entretenir les relations avec les partenaires financiers et les organismes de contrôles. Effectuer le rapprochement bancaire, Préparer les déclarations fiscales (TVA, IS, etc.) Participer dans la préparation des bilans, comptes de résultat et annexes.","Gestion, comptabilité, finance","Distribution, vente, commerce de gros",CDI,Casablanca-Mohammedia,Casablanca,,Débutant < 2 ans,Bac+3,"['Comptabilité', 'Finance', 'Comptabilité Générale', 'Gestion', 'Rapprochement Bancaire']",2026-05-06
https://www.emploi.ma/offre-emploi-maroc/angular-developer-mf-8251940,ANGULAR Developer (M/F),AFRICASHORE,"We are looking for ANGULAR Developer profiles / CVs to pass on to our clients for their future recruitment campaigns. Mission: Working within a Team to determine needs and applying / customizing existing technology to meet those needs. Producing detailed specifications and writing the program codes that perform efficiently. Write clean, scalable, reusable code using ANGULAR framework such as LumX, NGX-Bootstrap, Vue.js etc. Be responsible for providing technical guidance or solutions. Define, advocate, and implement best practices and coding standards for the team. Develop and guide the team members in enhancing their technical capabilities and increasing productivity. Manage, train and provide support for junior developers. Design & Develop Applications using Angular components. Implement Role based Authorization. Integrate Angular application with Web APIs. Upgrade existing Angular websites and applications. Review and debug Angular applications. Write Unit test cases and functional tests for Angular application. Ensure process compliance in the assigned module, and participate in technical discussionsorreview as a technical consultant for feasibility study (technical alternatives, best packages, supporting architecture best practices, technical risks, breakdown into components, estimations). Draft software and application operating procedures. Prepare and submit status reports for minimizing exposure and risks on the project or closure of escalations.","Informatique, nouvelles technologies","Informatique, SSII, Internet",CDI - CDD - Freelance,Agadir - Béni Mellal-Khénifra - Casablanca-Mohammedia - Dakhla - Errachidia - Fès - Guelmim - Laâyoune - Marrakech-Safi - Meknès - Oujda - Rabat-Salé-Kénitra - Settat - Tanger-Tétouan-Al Hoceïma - International,/ Travail à Distance,,Expérience entre 5 ans et 10 ans,Bac+3,"['REST', 'MVC', 'JAVASCRIPT', 'CVS', 'LESS', 'MYSQL', 'CSS3', 'BOOTSTRAP', 'JQUERY', 'GIT']",2026-04-13
https://www.emploi.ma/offre-emploi-maroc/technicien-sav-rabat-essaouira-9339624,"Technicien SAV - Rabat, Essaouira",DEKRA SERVICES,"Notre client, grande structure, leader dans le domaine de services interbancaires, recrute dans le cadre de son développement, des Techniciens SAV Rabat et Marrakech Missions principales : Installation, maintenance et dépannage des terminaux de paiement électronique (TPE) Diagnostic et résolution des pannes afin d’assurer une disponibilité optimale des équipements Coordination avec les commerçants, suivi des stocks de TPE et contribution à la satisfaction client Gestion du planning d’interventions et rédaction des rapports d’activité","Informatique, nouvelles technologies","Banque, assurance, finances",CDI,Marrakech-Safi - Rabat-Salé-Kénitra,"Rabat, Essaouira",,Expérience entre 2 ans et 5 ans,Bac+2 - Bac+3,"['Électronique', 'Électronique Informatique', 'Production', 'Qualité', 'Maintenance']",2026-05-01
https://www.emploi.ma/offre-emploi-maroc/assistante-direction-bilingue-arabe-francais-rabat-9168710,Assistante de Direction Bilingue (Arabe / Français) - Rabat,YCN DEV MAROC,"Rejoignez une entreprise data en forte croissance YCN DEV MAROC développe des solutions innovantes dans la data entreprise, le KYC et l’assurance .Nous accompagnons des acteurs internationaux avec une approche mêlant technologie, analyse de données et opérations terrain . Dans ce contexte de développement, nous recrutons une Assistante de Direction polyvalente , véritable pilier organisationnel , capable de structurer, anticiper et fluidifier le quotidien de la direction. Votre rôle Vous êtes le point central de l’organisation , à la croisée de l’administratif, du RH et de la coordination interne.Votre objectif : faire gagner du temps, de la clarté et de l’efficacité à la direction . Voc principales Missions Organisation & support direction Gestion de l’agenda, des priorités et des déplacement Suivi des tâches et relances Coordination des rendez-vous, prestataires et obligations administratives RH & recrutement Publication des offres d’emploi Tri des CV et préqualification téléphonique Organisation des entretiens Suivi administratif des dossiers du personnel Administration & gestion quotidienne Coordination du personnel (y compris logistique maison si nécessaire) Gestion des commandes (fournitures, services, besoins internes) Classement, archivage et mise à jour documentaire Gestion des e-mails, appels et courriers Communication & coordination Transmission claire des consignes et suivi d'exécution Interface entre direction et équipes","RH, formation",Secrétariat,CDI,Rabat-Salé-Kénitra,Rabat,Non,Débutant < 2 ans - Expérience entre 2 ans et 5 ans - Expérience entre 5 ans et 10 ans - Expérience > 10 ans,Bac - Bac+1 - Bac+2 - Bac+3 - Bac+4 - Bac+5 et plus,"['Secrétariat', 'Assistanat', 'Gestion des Appels', 'Documents Administratifs', 'Administration RH']",2026-05-02
https://www.emploi.ma/offre-emploi-maroc/conseiller-vente-fes-9272427,Conseiller de Vente - Fès,BRICOMA,"Dans le cadre de renforcement de son équipe, Bricoma Fès recrute un Conseiller de Vente. Missions : Rattaché au Chef de Rayon, vos principales missions sont : Accueil et approche client ""Écoute, conseil…"" ; Assurer une bonne tenue de rayon (Présentation produite, balisage, etc.) ; Réaliser les objectifs de chiffres d’affaires fixés avec le Chef de Rayon et la Direction Magasin.","Commercial, vente","Distribution, vente, commerce de gros",CDI - CDD - Anapec,Fès,Fès,,Débutant < 2 ans,Bac+2,"['Vente', 'Vente']",2026-03-19
https://www.emploi.ma/offre-emploi-maroc/candidature-spontanee-metiers-aeronautique-casablanca-9345354,Candidature Spontanée - Métiers de l'Aéronautique - Casablanca,ATLAS MULTISERVICES,"En rejoignant nos équipes, vous contribuerez à des projets ambitieux au coeur d'un secteur en constante évolution. Vos missions seront définies en fonction de votre profil, de vos compétences et des besoins de nos équipes.","Commercial, vente","Aéronautique, navale",CDI,Casablanca-Mohammedia,Casablanca,,"Etudiant, jeune diplômé - Débutant < 2 ans - Expérience entre 2 ans et 5 ans - Expérience entre 5 ans et 10 ans - Expérience > 10 ans",Bac+2 - Bac+3 - Bac+4 - Bac+5 et plus,"['Tourisme', 'Vente', 'Hôtellerie', 'Restauration', 'Comptabilité', 'Finance', 'Gestion']",2026-05-05
https://www.emploi.ma/offre-emploi-maroc/agent-administratif-ressources-humaines-casablanca-9142426,Agent Administratif Ressources Humaines - Casablanca,ATLAS MULTISERVICES,"Nous sommes à la recherche d'un Agent Administratif Ressources Humaines. En tant qu’ Agent Administratif RH , vous serez le point de contact pour les tâches administratives liées aux collaborateurs et/ou aux candidats. Vous assurerez la gestion des dossiers , la préparation des documents, le suivi des processus RH et veillerez à la conformité des informations. Votre rôle est essentiel pour garantir une expérience fluide et professionnelle.","Gestion, comptabilité, finance","Industrie, production, fabrication, autres",CDI,Casablanca-Mohammedia,Casablanca,Non,Débutant < 2 ans - Expérience entre 2 ans et 5 ans,Bac+2 - Bac+3,"['Rigueur', 'sens du service au salarié', 'Discrétion', 'Comptabilité', 'Formation', 'Gestion', 'Finance', 'Processus RH']",2026-04-30
https://www.emploi.ma/offre-emploi-maroc/consultant-chef-patissier-casablanca-9274345,Consultant Chef Pâtissier - Casablanca,GROUPE MCE,"Dans le cadre d’un projet pour le compte de notre client, nous recherchons un Consultant Chef Pâtissier en mission freelance afin d’accompagner le développement de produits et l’amélioration des processus de préparation. Missions principales : Développement de produits Concevoir et finaliser une recette signature Apporter des recommandations techniques pour améliorer la qualité des préparations Participer à l’optimisation des méthodes de production Optimisation des processus Analyser et améliorer les procédés de préparation Proposer des solutions pour optimiser l’organisation et l’efficacité en production Veiller au respect des standards de qualité Accompagnement de l’équipe Former l’équipe aux techniques de préparation Transmettre les bonnes pratiques et le savoir-faire en pâtisserie Assurer un accompagnement opérationnel durant la mission","Tourisme, hôtellerie, restauration","Hôtellerie, restauration",Freelance,Casablanca-Mohammedia,Casablanca,,Expérience entre 2 ans et 5 ans - Expérience entre 5 ans et 10 ans - Expérience > 10 ans,Bac+3 - Bac+4 - Bac+5 et plus,"['Accompagnement', 'Pâtisserie', 'Tourisme']",2026-05-07
https://www.emploi.ma/offre-emploi-maroc/hotesse-accueil-casablanca-9322396,Hôtesse d’Accueil - Casablanca,CRIT,"Nous sommes à la recherche d'une Hôtesse d’Accueil. Missions : Vous assurez l’accueil physique et téléphonique des clients, l’orientation et la prise en charge des demandes d’information. Vous gérez également les rendez-vous, le traitement du courrier ainsi que diverses tâches administratives liées au bon fonctionnement du service.","Secrétariat, assistanat","Intérim, recrutement",Intérim,Casablanca-Mohammedia,Casablanca,Non,Expérience entre 2 ans et 5 ans,Bac+3,"['Assistanat', 'Comptabilité', 'Secrétariat', 'Assistanat', 'Accueil Physique']",2026-04-22
https://www.emploi.ma/offre-emploi-maroc/chauffeur-tanger-kenitra-9297622,Chauffeur Poids Lourds - Tanger - Kénitra,LOGISMAR,Nous sommes une société de transport et logistique située à Tanger à la recherche des Chauffeurs. Missions principales : Assurer le transport et la livraison des marchandises dans le respect des délais Veiller au bon chargement et déchargement des produits Contrôler l’état du véhicule avant et après chaque trajet Respecter les règles de sécurité routière et les procédures internes Maintenir une bonne relation avec les clients lors des livraisons,"Transport, logistique",Agroalimentaire,CDI,Rabat-Salé-Kénitra - Tanger-Tétouan-Al Hoceïma,Tanger - Kénitra,,Expérience entre 2 ans et 5 ans - Expérience entre 5 ans et 10 ans - Expérience > 10 ans,Bac,"['Chargement', 'Transport', 'Sécurité Routière', 'Déchargement']",2026-04-22
https://www.emploi.ma/offre-emploi-maroc/chef-equipe-extrudeur-meknes-9273666,Chef d'Equipe Extrudeur - Meknès,SOMACOS,"Vous interviendrez dans une industrie en production continue en 3X8. Durant votre poste, Vous affecterez les tâches à effectuer pendant le poste au sein de l'équipe. Vous veillerez à la bonne réalisation des productions selon les besoins clients et les standards sécurité et qualité et serez vous-même œuvrant (assurer les changements de série, montage démontage des filières et des conformateurs, assurer la maintenance première niveau suivre et préparation mélange la mise en place des 5S la rédaction des rapport production contrôles qualité ...). Vous serez l'interlocuteur principal entre votre équipe et le Responsable de Production : suivi de la performance, gestion des aléas, proposition d'améliorations.","Production, maintenance, qualité","Industrie, production, fabrication, autres",CDI,Agadir - Béni Mellal-Khénifra - Casablanca-Mohammedia - Dakhla - Errachidia - Fès - Guelmim - Laâyoune - Marrakech-Safi - Meknès - Oujda - Rabat-Salé-Kénitra - Settat - Tanger-Tétouan-Al Hoceïma - International,Meknès,Non,Expérience entre 2 ans et 5 ans - Expérience entre 5 ans et 10 ans - Expérience > 10 ans,Bac+2 - Bac+3,"['Extrusion', 'Injection Plastique', 'Montage', 'Injection', 'Qualité', 'Production', 'Maintenance', 'Démontage']",2026-03-20
https://www.emploi.ma/offre-emploi-maroc/hse-technicien-meknes-9339922,HSE Technicien - Meknès,LEAR CORPORATION MEKNES,"Nous recherchons un HSE Technicien / Technicien Hygiène, Sécurité, Environnement pour rejoindre notre équipe dans le secteur de l'industrie et de la production. Ce poste implique la surveillance quotidienne des conditions de sécurité, la mise en œuvre des directives HSE, et la gestion des non-conformités afin d'assurer un environnement de travail sûr et conforme aux réglementations en vigueur. Missions : Effectuer l'inspection journalière des équipements et des zones de travail pour garantir la conformité aux normes de sécurité. Mettre en œuvre et suivre les directives HSE telles que la sécurité des chariots élévateurs, la gestion des issues de secours, et la conformité des équipements. Relever et traiter les non-conformités identifiées lors des inspections ou des audits internes. Veiller au respect des exigences réglementaires en matière de santé, sécurité et environnement. Participer aux analyses environnementales et à l’évaluation des risques liés aux activités de l’usine.","Production, maintenance, qualité","Industrie, production, fabrication, autres",CDI,Meknès,Meknès,,Expérience entre 2 ans et 5 ans,Bac+2 - Bac+3,"['Amélioration Continue', 'Risques Industriels', 'Qualité', 'Hygiène', 'Maintenance', 'Production']",2026-05-01
https://www.emploi.ma/offre-emploi-maroc/chargee-controle-gestion-casablanca-9293550,Chargé(e) de Contrôle de Gestion - Casablanca,GENERAL PRIVATE INTERIM,"Dans le cadre du renforcement de ses équipes, une société opérant dans le domaine des essais, du contrôle qualité et de l’expertise technique recrute un Chargé de Contrôle de Gestion en contrat intérim. Missions principales : Participation à l’élaboration et au suivi des budgets Suivi et analyse des indicateurs de performance Élaboration des tableaux de bord et reportings Analyse des écarts budgétaires et proposition d’actions correctives Contribution à l’optimisation des coûts et à l’amélioration des processus internes","Gestion, comptabilité, finance","BTP, construction",Intérim,Casablanca-Mohammedia,Casablanca,,Débutant < 2 ans - Expérience entre 2 ans et 5 ans - Expérience entre 5 ans et 10 ans - Expérience > 10 ans,Bac+3 - Bac+4 - Bac+5 et plus,"['Gestion', 'Comptabilité', 'Finance']",2026-04-04
https://www.emploi.ma/offre-emploi-maroc/bim-modeleur-mep-electricite-cfo-cfa-casablanca-9272589,BIM Modeleur MEP – Électricité CFO / CFA - Casablanca,JOB CONNECT,"Pour notre client basé à Casablanca , nous recherchons un BIM Modeleur MEP spécialisé en électricité CFO / CFA . Mission principale Vous serez responsable de la modélisation des lots CFO/CFA et contribuerez à une coordination fluide avec l’architecture, la structure et les autres lots techniques. Responsabilités Modélisation des chemins de câbles, conduits, appareillages, tableaux et locaux techniques. Structuration des systèmes, paramètres, nomenclatures et étiquetage. Gestion des réservations et coordination multi-lots (ARC / STR / CVC / PLB). Préparation des exports IFC / BCF et livrables plans CFO/CFA (DWG / PDF). Participation aux revues de synthèse et traitement des clashs via Navisworks.",Métiers du BTP,"BTP, construction",CDI,Casablanca-Mohammedia,Casablanca,,Expérience entre 2 ans et 5 ans - Expérience entre 5 ans et 10 ans - Expérience > 10 ans,Bac+3 - Bac+4 - Bac+5 et plus,"['BIM', 'Architecture', 'REVIT']",2026-03-27
https://www.emploi.ma/offre-emploi-maroc/patissier-marrakech-9322320,Pâtissier - Marrakech,CRIT MARRAKECH,"Nous recrutons pour le compte d’un hôtel un(e) Pâtissier(ère) passionné(e) et créatif(ve). Missions : Préparer et réaliser des pâtisseries, desserts et viennoiseries de qualité Élaborer de nouvelles recettes en respectant les standards de l’établissement Assurer la présentation soignée des produits Veiller au respect des normes d’hygiène et de sécurité alimentaire Gérer les stocks et les matières premières","Tourisme, hôtellerie, restauration","Hôtellerie, restauration",Intérim,Marrakech-Safi,Marrakech,Non,Débutant < 2 ans,Bac+2,"['Tourisme', 'Pâtisserie']",2026-04-21
https://www.emploi.ma/offre-emploi-maroc/commercial-regional-meknes-9293434,Commercial Régional - Meknès,AFRICAWORK MAROC,"Nous recrutons pour le compte de l’un de nos clients, acteur majeur du secteur bancaire, des Commerciaux Régionaux basés sur la région Fès-Meknès. Missions principales : En tant que Commercial Régional, vous serez en charge de développer le portefeuille clients et de promouvoir les solutions de paiement électronique dans votre région. À ce titre, vos principales responsabilités seront : Prospection et acquisition de nouveaux clients : Identifier et démarcher de nouveaux prospects via des visites terrain, ainsi que le suivi des leads générés en ligne ou par call nécessitant un contact physique. Négociation et conclusion des contrats : Mener les négociations commerciales et finaliser les contrats, en coordination avec les équipes de gestion des risques pour validation. Développement et fidélisation du portefeuille clients : Assurer un suivi régulier des clients existants et entretenir des relations durables. Service après-vente : Accompagner les clients après la signature, répondre à leurs besoins et garantir leur satisfaction. Promotion du paiement électronique : Effectuer des visites régulières pour encourager l’adoption et l’utilisation des solutions de paiement électronique.","Commercial, vente","Banque, assurance, finances",CDI,Agadir - Béni Mellal-Khénifra - Casablanca-Mohammedia - Dakhla - Errachidia - Fès - Guelmim - Laâyoune - Marrakech-Safi - Meknès - Oujda - Rabat-Salé-Kénitra - Settat - Tanger-Tétouan-Al Hoceïma - International,Meknès,Non,Expérience entre 2 ans et 5 ans,Bac+3 - Bac+4 - Bac+5 et plus,"['Vente', 'Prospection', 'Négociation']",2026-04-04
https://www.emploi.ma/offre-emploi-maroc/agente-administrative-polyvalente-casablanca-9361540,Agente Administrative Polyvalente - Casablanca,CRIT,"Nous sommes à la recherche d'une Agente Administrative Polyvalente. L’Agente Administrative Polyvalente assure le suivi administratif et logistique des opérations. Elle veille à la bonne gestion du planning des commandes, au suivi de la production, ainsi qu’à la préparation des documents administratifs et logistiques.","Management, direction générale","Intérim, recrutement",CDI,Casablanca-Mohammedia,Casablanca,,Débutant < 2 ans - Expérience entre 2 ans et 5 ans,Bac+3,"['Administration', 'Gestion', 'Management']",2026-05-07
https://www.emploi.ma/offre-emploi-maroc/directeur-financier-casablanca-9345755,Directeur Financier - Casablanca,,"Grande entreprise basée dans la région de Casablanca, recrute dans le cadre de son développement un Directeur Financier . Missions : Analyser la situation financière et fiscale de l’entreprise et proposer des orientations stratégiques adaptées. Élaborer le budget annuel ainsi que le plan financier en cohérence avec les objectifs de la direction. Assurer le suivi de la trésorerie et analyser les écarts par rapport aux prévisions. Mettre en place et optimiser les procédures administratives, financières et comptables. Contrôler et valider les engagements juridiques (contrats, conventions…). Veiller à la conformité réglementaire et assurer une veille juridique et fiscale continue. Coordonner les services administratifs et financiers, en interaction avec les autres départements (RH, technique, IT…). Superviser le contrôle de gestion (budgets, reporting, planification). Mettre en place des indicateurs de performance et assurer un reporting régulier à la Direction Générale. Analyser les données internes et externes afin d’anticiper les évolutions du marché et du secteur.","Gestion, comptabilité, finance","Distribution, vente, commerce de gros",CDI,Casablanca-Mohammedia,Casablanca,,Expérience entre 5 ans et 10 ans - Expérience > 10 ans,Bac+4 - Bac+5 et plus,"['Suivi Administratif', 'Finance', 'Comptabilité', 'Management', 'Gestion Financière', 'Analyse Financière', 'reporting financier', 'controle de gestion', 'Forecasting', 'Trésorerie', 'clôture comptable', 'Audit Financier', 'Consolidation', 'Analyse des écarts', 'Suivi Administratif', 'Gestion', 'Suivi de la Trésorerie', 'Audit', 'Planification']",2026-05-05
https://www.emploi.ma/offre-emploi-maroc/chargee-approvisionnement-mohammedia-9349760,Chargé(e) D’Approvisionnement - Mohammedia,BRIQUETERIE JBEL ANNOUR,"Nous sommes à la recherche d'un(e) Chargé(e) d’Approvisionnement pour renforcer notre service achats au sein de la briqueterie. Vous serez en charge d’assurer la disponibilité continue des matières premières, pièces de rechange et fournitures nécessaires à la production, tout en optimisant les coûts et en respectant les délais ainsi que les exigences de qualité. Missions principales : Gestion des approvisionnements Identifier et planifier les besoins en approvisionnement en fonction du planning de production. Passer les commandes auprès des fournisseurs référencés. Assurer le suivi des commandes, des délais de livraison et relancer les fournisseurs si nécessaire. Veiller à la disponibilité des matières premières (argile, combustible, additifs, etc.) pour éviter toute rupture. Suivi des livraisons et des stocks Contrôler la conformité des livraisons (quantité, qualité, délais). Gérer les stocks de sécurité et optimiser les niveaux de stock. Collaborer avec le magasin et la production pour assurer la continuité de l’activité. Relation fournisseurs Maintenir une bonne relation avec les fournisseurs et assurer le suivi de leurs performances. Participer à la consultation des fournisseurs et à la comparaison des offres. Contribuer à la négociation des conditions d’achat (prix, délais, qualité). Gestion administrative Saisir et mettre à jour les données d’approvisionnement dans le système (ERP, Sage X3, etc.). Assurer le suivi documentaire des commandes (bons de commande, bons de livraison, factures). Traiter les anomalies (retards, non-conformités) en coordination avec les services concernés. Amélioration continue Proposer des actions d’optimisation des coûts et des délais d’approvisionnement. Participer à l’amélioration des processus achats et logistiques. Suivre les indicateurs de performance liés aux approvisionnements",Métiers du BTP,"BTP, construction",CDI,Casablanca-Mohammedia,Mohammedia,Non,Expérience entre 2 ans et 5 ans - Expérience entre 5 ans et 10 ans - Expérience > 10 ans,Bac+3 - Bac+4 - Bac+5 et plus,[],2026-05-07
https://www.emploi.ma/offre-emploi-maroc/ingenieur-travaux-genie-civil-hf-tout-maroc-9247015,Ingénieur Travaux Génie Civil (H/F) - Tout le Maroc,,"Une entreprise leader dans son secteur, recrute un Ingénieur Travaux Génie Civil (H/F). Vos responsabilités sont les suivantes : Suivre la maintenance des stations de service et des clients industriels ; Négocier avec les fournisseurs et les sous-traitants les différentes prestations ; Suivre et contrôler les travaux de création et de réaménagement des stations de service ; Veiller au bon fonctionnement du système de gestion à distance des stations ; Suivre les achats et l’approvisionnement les pièces de rechange et matériel neuf ; Établir les devis estimatifs, les demandes d’achats et les bons de commandes ; Veiller au respect des délais des interventions et des budgets annuels ; Gérer et animer une équipe de techniciens.",Achats,"Distribution, vente, commerce de gros",CDI,Casablanca-Mohammedia,Tout Le Maroc,,Débutant < 2 ans - Expérience entre 2 ans et 5 ans,Bac+4 - Bac+5 et plus,"['BTP', 'Achats', 'Gestion', 'Électromécanique', 'Électrotechnique', 'Management', 'Conduite de chantiers', 'Maintenance', 'travaux', 'génie civil']",2026-04-28
https://www.emploi.ma/offre-emploi-maroc/assistante-administrative-ressources-humaines-marrakech-9325796,Assistante Administrative Ressources Humaines - Marrakech,TECTRA MARRAKECH – HÔTELLERIE,"L’Humain est au cœur de notre métier ! TECTRA est aujourd’hui leader du conseil en Ressources Humaines au Maroc. Avec plus de 1000 clients actifs multisectoriels et un réseau de 27 agences à travers le Royaume, TECTRA vous accompagne dans votre recherche d’emploi. Dans le cadre du développement de l’un de ses clients opérant dans le secteur hôtelier, TECTRA recrute une Assistante Administrative Ressources Humaines basée à Marrakech. Missions principales : Assurer la gestion administrative du personnel (dossiers du personnel, contrats, congés, absences…). Gérer le suivi des pointages et préparer les éléments variables de paie. Participer au processus de recrutement (tri des CV, planification des entretiens, accueil des candidats). Assurer l’accueil physique et téléphonique des collaborateurs et candidats. Organiser et mettre à jour les dossiers administratifs RH (classement, archivage, mise à jour des données). Rédiger les courriers administratifs et documents RH (attestations, notes de service, convocations…). Participer à la gestion des formations (planification, suivi administratif). Assurer le reporting RH et le suivi des indicateurs (tableaux de bord, reporting…). Veiller au respect des procédures internes et de la réglementation en vigueur.","Tourisme, hôtellerie, restauration","Hôtellerie, restauration",Intérim,Marrakech-Safi,Marrakech,,Expérience entre 2 ans et 5 ans - Expérience entre 5 ans et 10 ans - Expérience > 10 ans,Bac+2,"['Accueil', 'Secteur Hôtelier', 'Tourisme']",2026-04-22
https://www.emploi.ma/offre-emploi-maroc/pharmacien-meknes-9311622,Pharmacien - Meknès,BOTTU,"Bottu est à la recherche d'un Pharmacien pour sa filiale Sophanord basée à Meknès. Mission : Garantir la conformité réglementaire, la qualité, la sécurité et la traçabilité des médicaments distribués, tout en assurant l’efficacité et la continuité des opérations de la grossisterie. Principales attributions : Veiller au respect de la réglementation pharmaceutique et des Bonnes Pratiques de Distribution. Superviser la réception, le stockage et la distribution des médicaments dans le respect des exigences de traçabilité. Piloter le système d’assurance qualité : procédures, audits, non-conformités et actions d’amélioration. Garantir le respect des conditions de transport, de sécurité et de livraison. Gérer les réclamations, les retraits/rappels de lots et les produits non conformes. Encadrer et former les équipes aux procédures et aux bonnes pratiques.",Juridique,"Distribution, vente, commerce de gros",CDI,Meknès,Meknès,,Débutant < 2 ans - Expérience entre 2 ans et 5 ans - Expérience entre 5 ans et 10 ans - Expérience > 10 ans,Bac+5 et plus,['Management'],2026-04-14
https://www.emploi.ma/offre-emploi-maroc/responsable-import-export-meknes-9190838,Responsable Import /Export - Meknès,SOMACOS,"N/B : Il faut que le candidat réside à Meknès Dans le cadre de notre développement, nous recrutons une Responsable Import /Export à Meknès pour assurer la gestion administrative des dossiers import/export et faire le suivi avec l'ensemble de nos interlocuteurs (Compagnies de transport, Douanes, Transitaires, etc.) Missions : Gérer les documents douaniers et assurer le respect des réglementations locales et internationales. Coordonner le transport et la logistique des marchandises. Négocier avec les fournisseurs et les prestataires de services logistiques. Maintenir des relations efficaces avec les clients et les partenaires commerciaux à l'international. Optimiser les processus pour garantir l'efficacité opérationnelle et la réduction des coûts. Effectuer la veille réglementaire et assurer la conformité aux exigences en matière de commerce international.",Achats,"Industrie, production, fabrication, autres",CDI,Agadir - Béni Mellal-Khénifra - Casablanca-Mohammedia - Dakhla - Errachidia - Fès - Guelmim - Laâyoune - Marrakech-Safi - Meknès - Oujda - Rabat-Salé-Kénitra - Settat - Tanger-Tétouan-Al Hoceïma - International,Meknès,Non,Expérience entre 2 ans et 5 ans - Expérience entre 5 ans et 10 ans - Expérience > 10 ans,Bac+3 - Bac+4 - Bac+5 et plus,"['Dossiers Import', 'Déclaration Douanière', 'Export', 'Activités Logistiques', 'Négociation', 'Gestion', 'Management', 'Achats', 'Import', 'Transport', 'Gestion Logistique']",2026-04-02
https://www.emploi.ma/offre-emploi-maroc/chauffeur-ramasseur-rabat-sale-temara-9358874,Chauffeur Ramasseur - Rabat-Salé-Témara,GENERAL PRIVATE INTERIM,"Nous sommes à la recherche d'un Chauffeur Ramasseur. Missions : Assurer le ramassage des colis auprès de nos clients Vérifier l’état, l’étiquetage et la conformité des colis Scanner et enregistrer les colis via les outils mis à disposition Respecter les tournées, délais et procédures internes","Transport, logistique","Transports, logistique, services postaux",CDI,Rabat-Salé-Kénitra,Rabat-Salé-Témara,Non,Expérience entre 2 ans et 5 ans - Expérience entre 5 ans et 10 ans - Expérience > 10 ans,Qualification avant bac - Bac - Bac+1 - Bac+2 - Bac+3 - Bac+4 - Bac+5 et plus,"['Ramassage', 'Permis B', 'Machines-Outils', 'Ramassage', 'Étiquetage']",2026-05-05
https://www.emploi.ma/offre-emploi-maroc/estheticienne-m-diq-9288686,Esthéticienne - M'diq,TECTRA TANGER – RECRUTEMENT,"L’Humain est au cœur de notre métier ! TECTRA est aujourd’hui leader du conseil en Ressources Humaines au Maroc. Avec plus de 1000 clients actifs multisectoriels et une force de réseaux de 27 agences partout dans le Royaume, Tectra vous accompagne dans votre recherche d’emploi. Pour l’un de ses clients, dans le secteur hôtellerie, TECTRA recherche une Esthéticienne , à M'diq. Missions Principales : Réalisation de modelages bien-être, soins du visage et du corps, soins des mains/pieds, et parfois des soins orientaux comme le hammam. Accueil personnalisé, conseil expert en produits de beauté haut de gamme, et capacité à créer une atmosphère de détente absolue. Maîtrise des protocoles de soins de marques de luxe. Compétences Soins Personnalisés Excellence Relationnelle Expertise Technique","Tourisme, hôtellerie, restauration","Hôtellerie, restauration",CDI,Tanger-Tétouan-Al Hoceïma,M'diq,,Expérience entre 2 ans et 5 ans,Bac+2 - Bac+3,"['Tourisme', 'Hôtellerie', 'Accueil']",2026-04-02
https://www.emploi.ma/offre-emploi-maroc/caissierere-agente-financierere-interimaire-rabat-9333234,Caissier(ère) / Agent(e) Financier(ère) Intérimaire - Rabat,JOB CONNECT,"Nous recrutons, pour le compte de notre client basé à Rabat, un(e) Caissier(ère) / Agent(e) Financier(ère) Intérimaire au sein d’un établissement scolaire. Le rôle principal consiste à assurer la gestion des opérations de caisse et à participer au suivi des transactions financières de l’établissement, dans le respect des procédures internes. Missions principales : Accueillir et orienter les étudiants, parents et visiteurs pour les opérations financières Encaisser les paiements (frais de scolarité, inscriptions, autres services) Émettre les reçus et justificatifs de paiement Assurer la tenue quotidienne de la caisse (ouverture, clôture, contrôle des soldes) Effectuer les rapprochements de caisse et signaler les écarts éventuels Participer au suivi des dossiers financiers des étudiants Collaborer avec le service comptabilité pour la transmission des informations Respecter les procédures internes et les règles de confidentialité","Gestion, comptabilité, finance","Éducation, formation",Intérim,Rabat-Salé-Kénitra,Rabat,,Expérience entre 2 ans et 5 ans,Bac+2 - Bac+3 - Bac+4,"['Gestion Financière', 'Banque', 'Comptabilité', 'Gestion', 'Finance']",2026-05-06
https://www.emploi.ma/offre-emploi-maroc/declarant-douane-casablanca-9300521,Déclarant en Douane - Casablanca,,"Nous recherchons un Déclarant en douane confirmé (5 à 10 ans d’expérience) pour rejoindre notre équipe logistique. Sous la responsabilité du Responsable Douane, vous assurerez la préparation et le dépôt des déclarations d’importation et d’exportation, tout en garantissant la stricte conformité réglementaire de nos opérations. Missions Principales Gestion Opérationnelle : Rédiger et transmettre les déclarations en douane via les plateformes dédiées. Tarification : Classer les marchandises selon la nomenclature douanière (codes HS) et calculer les droits et taxes applicables. Audit Documentaire : Vérifier la validité des documents commerciaux (factures, certificats d’origine, licences, titres de transport). Coordination : Assurer l'interface entre les transitaires, les autorités douanières et les clients. Suivi et Litiges : Piloter le flux de dédouanement, gérer les dossiers de régularisation et traiter les éventuels litiges douaniers. Veille Réglementaire : Garantir l’application des procédures internes et l’évolution des normes douanières internationales.","Transport, logistique","Import, export",CDI - CDD - Intérim - Stage - Freelance - Anapec - Alternance - Temps partiel - Statutaire,Casablanca-Mohammedia,Casablanca,Oui,Expérience entre 2 ans et 5 ans - Expérience entre 5 ans et 10 ans - Expérience > 10 ans,Bac+2 - Bac+3 - Bac+4 - Bac+5 et plus,"['Dédouanement', 'Exportation', 'Importation', 'Transport', 'Douane', 'Incoterms']",2026-04-09
https://www.emploi.ma/offre-emploi-maroc/animateur-terrain-casablanca-9339299,Animateur Terrain - Casablanca,CRIT,Nous sommes à la recherche d'un Animateur Terrain. Missions : Contribuer à l’atteinte des objectifs opérationnels de l’Entité Cession. Assurer la réalisation des plans de relance dans les délais. Effectuer des relances en porte-à-porte. Développer une relation commerciale de qualité avec les clients. Assurer un reporting périodique. Organiser des animations sur site pour informer et communiquer avec les personnes éligibles.,"Commercial, vente",Services autres,Intérim,Casablanca-Mohammedia,Casablanca,Non,Débutant < 2 ans - Expérience entre 2 ans et 5 ans,Bac+2 - Bac+3,"['animateur', 'Animation Commerciale', 'Vente']",2026-05-01
https://www.emploi.ma/offre-emploi-maroc/commercial-location-imprimantes-tanger-9346369,Commercial en Location des Imprimantes - Tanger,TECTRA TANGER – RECRUTEMENT,"L’Humain est au cœur de notre métier ! TECTRA est aujourd’hui leader du conseil en Ressources Humaines au Maroc. Avec plus de 1000 clients actifs multisectoriels et une force de réseaux de 27 agences partout dans le Royaume, Tectra vous accompagne dans votre recherche d’emploi. Pour l’un de ses clients, TECTRA recherche un(e) Commercial en Location des Imprimantes à Tanger . Missions principales : Prospection Active : Identifier de nouveaux clients B2B, PME/PMI, et administrations. Vente de Solutions : Proposer des contrats de location de copieurs/imprimantes incluant la maintenance. Conseil Client : Analyser les besoins d'impression pour proposer le matériel adapté (multifonction, couleur, N&B). Fidélisation : Gérer un portefeuille client, assurer le suivi et renouveler les contrats.","Commercial, vente","Édition, imprimerie",CDI,Tanger-Tétouan-Al Hoceïma,Tanger,,Expérience entre 2 ans et 5 ans,Bac+2 - Bac+3 - Bac+4 - Bac+5 et plus,"['Vente', 'Techniques de Vente', 'Prospection']",2026-05-06
https://www.emploi.ma/offre-emploi-maroc/aws-cloud-architect-mf-8251960,AWS Cloud Architect (M/F),AFRICASHORE,"We are looking for AWS Cloud Architect profiles / CVs to share with our clients for their future recruitment campaigns. Mission: Support and advise clients in the adoption and deployment of AWS services (IT Strategy, Opportunity Study, Audit, Framework and Roadmap). Design solution platforms integrating AWS reference services (Serverless Architecture, Analytics, IoT, EKS, ...) in Native Cloud and Hybrid Cloud contexts. Conduct research, tests, and execute new techniques which could be reused and applied to the project. Accountable for designing, building, and optimizing automation systems that help to execute business web and data infrastructure platforms.","Informatique, nouvelles technologies","Informatique, SSII, Internet",CDI - CDD - Freelance,Agadir - Béni Mellal-Khénifra - Casablanca-Mohammedia - Dakhla - Errachidia - Fès - Guelmim - Laâyoune - Marrakech-Safi - Meknès - Oujda - Rabat-Salé-Kénitra - Settat - Tanger-Tétouan-Al Hoceïma - International,/ Travail En Remote,,Expérience entre 5 ans et 10 ans,Bac+3,"['IOT', 'DNS', 'AGILE', 'HTTP', 'SSL', 'CVS', 'ALM', 'PUPPET', 'SCRUM', 'JENKINS', 'BASH', 'LOAD BALANCING', 'DOCKER', 'PYTHON', 'REACT']",2026-04-13
https://www.emploi.ma/offre-emploi-maroc/comptable-confirme-casablanca-9254009,Comptable Confirmé - Casablanca,BRICOMA,"Dans le cadre de renforcement de la direction financière, nous recrutons deux Comptables Confirmés. Missions : Tenir la comptabilité générale et enregistrer les opérations comptables quotidiennes Contrôler les documents comptables Effectuer les paiements et/ou les encaissements, et gérer les oppositions Produire les documents comptables et légaux Entretenir les relations avec les partenaires financiers et les organismes de contrôles. Effectuer le rapprochement bancaire, Préparer les déclarations fiscales (TVA, IS, etc.) Participer dans la préparation des bilans, comptes de résultat et annexes.","Gestion, comptabilité, finance","Distribution, vente, commerce de gros",CDI,Casablanca-Mohammedia,Casablanca,,Expérience entre 2 ans et 5 ans,Bac+5 et plus,"['Comptabilité', 'Finance', 'Comptabilité Générale', 'Gestion', 'Rapprochement Bancaire', 'Fiscalité']",2026-05-06
https://www.emploi.ma/offre-emploi-maroc/ingenieur-telecom-product-manager-casablanca-sidi-maarouf-9336412,Ingénieur Télécom Product Manager - Casablanca Sidi Maarouf,DEKRA SERVICES,"Notre client, opérateur international dans le domaine des télécommunications et leader mondial de son secteur, cherche dans le cadre du développement de ses activités, un(e) Product Manager expérimenté(e) en CDD pour rejoindre l’équipe commerciale Network Solution à Casablanca. Vous jouerez un rôle clé en tant que consultant(e) technique auprès de nos clients sur les domaines Accès & IP, en accompagnant les projets de la conception jusqu'à la livraison. Vos missions principales : Assurer un rôle de consultant(e) technique auprès des clients dans les domaines Accès & Réseau IP (FTTx, xDSL, Cuivre, ODN, Routage, Switching). Préparer les dossiers d'appel d'offres et les propositions techniques pour les projets de déploiement réseau. Participer à la conception réseau, au dimensionnement des équipements, à l'établissement de devis et à la rédaction de propositions commerciales. Présenter les solutions techniques aux clients et accompagner les négociations contractuelles. Développer et entretenir les relations clients pour soutenir les objectifs commerciaux. Garantir un haut niveau de satisfaction client et la qualité de livraison des projets.","Commercial, vente",Télécom,CDD,Casablanca-Mohammedia,Casablanca Sidi Maarouf,,Expérience entre 2 ans et 5 ans - Expérience entre 5 ans et 10 ans - Expérience > 10 ans,Bac+3 - Bac+4 - Bac+5 et plus,"['Devis', ""Appel d'Offres"", 'Vente', 'Devis']",2026-04-29
https://www.emploi.ma/offre-emploi-maroc/directeur-financier-secteur-industriel-casablanca-9291817,Directeur Financier Secteur Industriel - Casablanca,TECTRA CASA BOURGOGNE – RECRUTEMENT,"Nous recrutons pour le compte de notre client leader dans son domaine industriel son Directeur Financier (DAF) , pilote la performance financière et encadre la comptabilité, le contrôle de gestion et la trésorerie. Et gestion des coûts de production. Missions principales Pilotage budgétaire : Établissement et suivi des budgets, analyse des écarts et reporting financier. Contrôle de gestion industriel : Gestion des coûts de revient, suivi des stocks, optimisation des marges et des processus de production. Trésorerie et Financement : Gestion de la trésorerie, suivi des relations bancaires et optimisation du besoin en fonds de roulement (BFR). Conformité et Fiscalité : Garantir la conformité aux normes comptables marocaines et la veille réglementaire/fiscale. Gestion des relations avec les tiers : Commissaires aux comptes, banques, administrations fiscales, etc… Support stratégique à la Direction : Accompagner la direction dans les décisions financières et stratégiques. Management : Encadrement des équipes financières et administratives.","Management, direction générale","BTP, construction",CDI,Casablanca-Mohammedia,Casablanca,,Expérience > 10 ans,Bac+5 et plus,"['Expéience obligatoire en industrie production', 'Gestion', 'Management']",2026-04-04
https://www.emploi.ma/offre-emploi-maroc/approvisionneur-hf-casablanca-9271169,Approvisionneur (H/F) - Casablanca,SDK WOOD,"Dans le cadre du renforcement de notre équipe , nous recrutons un Approvisionneur (H/F) pour accompagner le développement de nos activités. Missions principales : Rattaché au Responsable Supply Chain, vous aurez pour principales missions : Assurer le suivi des niveaux de stock et anticiper les besoins d’approvisionnement Établir et suivre les commandes auprès des fournisseurs Veiller au respect des délais de livraison et relancer les fournisseurs si nécessaire Coordonner avec les équipes logistiques et le dépôt pour garantir la disponibilité des produits Participer à l’optimisation des niveaux de stock Assurer un suivi rigoureux des commandes jusqu’à leur réception",Achats,"Distribution, vente, commerce de gros",CDI,Casablanca-Mohammedia,Casablanca,Non,Débutant < 2 ans - Expérience entre 2 ans et 5 ans,Bac+3 - Bac+4 - Bac+5 et plus,"['esprit d’analyse', 'Rigueur', 'sens du détail', 'Supply Chain', 'Achats', 'Supply', 'Livraison']",2026-03-18
https://www.emploi.ma/offre-emploi-maroc/executive-sous-chef-riyadh-saudi-arabia-9342170,"Executive Sous Chef - Riyadh, Saudi Arabia",AFRICAWORK,"We are recruiting an Executive Sous Chef for our client, a leading hospitality and catering group operating in Saudi Arabia , specializing in large-scale banqueting, corporate catering, and premium event services. Missions & Tasks: Oversee all back-of-house kitchen operations including daily production, catering events, and banquets. Support the Executive Chef in menu development, costing, and seasonal planning. Manage kitchen brigade scheduling, briefing, and performance. Ensure strict HACCP compliance, food safety standards, and hygiene audits. Control food costs, minimize wastage, and manage inventory alongside procurement. Lead production planning for large-scale banquets (500+ covers) and simultaneous events. Maintain and uphold quality standards across all food production sections. Train, coach, and develop junior kitchen team members. Act as Executive Chef in their absence. Reporting To: Executive Chef. Directly Supervises: CDP Hot, CDP Cold, CDP Pastry, Commis Chefs, Kitchen Team (approx. 25–35 staff). Coordinates With: F&B Manager, Events & Banqueting Manager, Procurement, Quality & Hygiene Officer. Salary Range: SAR 8,000 – 10,000 net/month (USD 2,130 - 2,670 net/month) depending on experience and nationality. Accommodation, transport, and flight allowances included for expat candidates. Social Benefits: Accommodation or accommodation allowance | Transportation | Annual flight ticket | Medical insurance | 30 days annual leave | End-of-service gratuity per Saudi labor law.",Métiers des services,"Hôtellerie, restauration",CDI,International,"Riyadh, Saudi Arabia",Non,Expérience > 10 ans,Bac+2 - Bac+3 - Bac+4 - Bac+5 et plus,"['Support', 'Tourisme', 'Certification', 'Catering']",2026-05-02
https://www.emploi.ma/offre-emploi-maroc/agent-recouvrement-terrain-casablanca-9306991,Agent de Recouvrement Terrain - Casablanca,SDK WOOD,"Dans le cadre du renforcement de notre équipe, nous recherchons un Agent de Recouvrement Terrain expérimenté . Vos missions : Assurer le recouvrement des créances clients sur le terrain Négocier et mettre en place des solutions de règlement adaptées Suivre les dossiers en impayés et effectuer les relances nécessaires Assurer un reporting régulier de votre activité","Gestion, comptabilité, finance","Import, export",CDI,Casablanca-Mohammedia,Casablanca,Non,Expérience entre 2 ans et 5 ans,Bac+3 - Bac+4 - Bac+5 et plus,"['Rigueur', 'bonne communication', 'Sens de négociation', 'Comptabilité', 'Gestion', 'Recouvrement', 'Finance']",2026-04-30
https://www.emploi.ma/offre-emploi-maroc/vendeur-temara-8864674,Vendeur - Temara,,Nous recherchons des Vendeurs dynamique pour rejoindre notre équipe dans le secteur de la vente de produit de la cuisine et ménage à TEMARA WIFAK. Les tâches : Accueillir et conseiller les clients dans leurs choix de produits. Présenter les caractéristiques des produits et leurs avantages. Assurer la mise en rayon et l’organisation du magasin. Participer à la gestion des stocks et aux inventaires. Contribuer à la réalisation des objectifs de vente.,"Commercial, vente","Distribution, vente, commerce de gros",CDD,Rabat-Salé-Kénitra,Temara,,"Etudiant, jeune diplômé - Débutant < 2 ans - Expérience entre 2 ans et 5 ans",Bac+1 - Bac+2 - Bac+3,['Vente'],2026-03-21
https://www.emploi.ma/offre-emploi-maroc/receptionniste-marrakech-9328640,Réceptionniste - Marrakech,TECTRA MARRAKECH – HÔTELLERIE,"L’Humain est au cœur de notre métier ! TECTRA est aujourd’hui leader du conseil en Ressources Humaines au Maroc. Avec plus de 1000 clients actifs multisectoriels et une force de réseaux de 27 agences partout dans le Royaume, Tectra vous accompagne dans votre recherche d’emploi. Pour l’un de ses clients, dans le secteur hôtelier, TECTRA recherche des Réceptionnistes Expérimentés sur Marrakech. Missions : Accueillir les clients à leurs arrivées. Présenter les prestations de l'établissement. Effectuer les modalités administratives du séjour. Remettre aux clients la clé de leur chambre. Établir la facturation et encaisser leur règlement. Check in / Check out.","Secrétariat, assistanat","Hôtellerie, restauration",Intérim,Marrakech-Safi,Marrakech,,Expérience entre 2 ans et 5 ans,Bac+2,"['Accueil', 'Communication', 'Réception des Clients', 'Service de Réception', 'Assistance', 'Formation', 'Réception', 'Restauration', 'Tourisme', 'Hôtellerie', 'Secteur Hôtelier', 'Conseil', 'Secrétariat', 'Assistanat', 'Facturation', 'Accueil']",2026-04-24
https://www.emploi.ma/offre-emploi-maroc/technicien-electromecanicien-controle-materiel-el-jadida-9357189,Technicien Électromécanicien – Contrôle Matériel - EL Jadida,TECTRA EL JADIDA – RECRUTEMENT,"L’Humain est au cœur de notre métier ! TECTRA est aujourd’hui leader du conseil en Ressources Humaines au Maroc. Avec plus de 1000 clients actifs multisectoriels et une force de réseaux de 27 agences partout dans le Royaume, Tectra vous accompagne dans votre recherche d’emploi. Pour l’un de ses clients, TECTRA est à la recherche d'un Technicien Électromécanicien – Contrôle Matériel. Missions principales : Contrôle des immobilisations Vérifier physiquement les immobilisations sur site Contrôler la conformité des équipements installés Participer à la validation des équipements réceptionnés Identification & marquage Assurer l’estampillage des immobilisations Vérifier la bonne identification des équipements Collaborer avec l’équipe interne pour la cohérence des données Inventaire physique Réaliser les inventaires physiques des immobilisations Identifier les écarts (manquants, anomalies)","Production, maintenance, qualité","Industrie, production, fabrication, autres",Intérim,Casablanca-Mohammedia - Marrakech-Safi,EL Jadida,,Expérience entre 2 ans et 5 ans,Bac+2,"['Électromécanique', 'Maintenance', 'Qualité', 'Maintenance Industrielle']",2026-05-05
https://www.emploi.ma/offre-emploi-maroc/acheteurse-tanger-9348975,Acheteur(se) - Tanger,COMPAGNIE INDUSTRIELLE DES FIBRES,"Nous sommes à la recherche d'un Acheteur(se). Vos missions : Gérer les achats locaux et importations des matières, pièces, investissements et prestations de service. Procéder aux achats nécessaires tout en optimisant les quantités et prix, en respectant les caractéristiques techniques et délais définis par les différents services (relances…). Consultation de nouveaux fournisseurs et prospection des nouvelles matières et produits Négociation des prix historiques et nouveaux prix ainsi que les termes de paiement Traitement des réclamations fournisseurs.",Achats,"Industrie, production, fabrication, autres",CDI,Tanger-Tétouan-Al Hoceïma,Tanger,,Expérience entre 2 ans et 5 ans - Expérience entre 5 ans et 10 ans,Bac+3 - Bac+4 - Bac+5 et plus,"['Achats', 'Gestion Logistique', 'Transport', 'Négociation', 'Achats']",2026-05-07
https://www.emploi.ma/offre-emploi-maroc/developpeur-laravel-freelance-travail-distance-travail-distance-9348952,Développeur LARAVEL Freelance - Travail à Distance - Travail à Distance,EMPLOI.MA,Nous recherchons un Développeur LARAVEL freelance (5 ans minimum d'expérience en LARAVEL obligatoire). Missions : Vous développez nos plateformes basées sur LARAVEL : Réalisation / développement de modules ; Préparation des spécifications ; Développement de nouvelles fonctionnalités.,"Informatique, nouvelles technologies","Informatique, SSII, Internet",Freelance,Agadir - Béni Mellal-Khénifra - Casablanca-Mohammedia - Dakhla - Errachidia - Fès - Guelmim - Laâyoune - Marrakech-Safi - Meknès - Oujda - Rabat-Salé-Kénitra - Settat - Tanger-Tétouan-Al Hoceïma - International,Travail à Distance,Oui,Expérience entre 5 ans et 10 ans - Expérience > 10 ans,Bac+2 - Bac+3 - Bac+4 - Bac+5 et plus,"['LARAVEL', 'PHP']",2026-05-07
https://www.emploi.ma/offre-emploi-maroc/animateur-point-vente-marrakech-9208080,Animateur Point de Vente - Marrakech,,Nous recherchons des Vendeurs dynamiques pour rejoindre notre équipe dans le secteur de la vente de produit de la cuisine et ménage à Marrakech . Les tâches : Accueillir et conseiller les clients dans leurs choix de produits. Présenter les caractéristiques des produits et leurs avantages. Assurer la mise en rayon et l’organisation du magasin. Participer à la gestion des stocks et aux inventaires. Contribuer à la réalisation des objectifs de vent,"Commercial, vente","Distribution, vente, commerce de gros",CDD,Marrakech-Safi,Marrakech,Non,"Etudiant, jeune diplômé - Débutant < 2 ans - Expérience entre 2 ans et 5 ans",Qualification avant bac - Bac - Bac+1 - Bac+2 - Bac+3,"['Animation des Ventes', 'Vente']",2026-04-08
https://www.emploi.ma/offre-emploi-maroc/magasinier-casablanca-9315493,Magasinier - Casablanca,BOTTU,Nous sommes à la recherche de 3 Magasiniers. Compétences Techniques : Principes et règles de base de la gestion des stocks Règles de gestion des déchets Règles et techniques d’utilisation et de conduite des outils et machines de manutentions Outils informatique…,"Transport, logistique",Industrie pharmaceutique,CDI - Intérim,Casablanca-Mohammedia,Casablanca,,Expérience entre 2 ans et 5 ans - Expérience entre 5 ans et 10 ans - Expérience > 10 ans,Bac+2,"['Gestion des Stocks', 'Transport', 'Stocks', 'Gestion des Stocks']",2026-04-08
https://www.emploi.ma/offre-emploi-maroc/quality-ppap-technician-sala-al-jadida-technopolis-9274069,Quality PPAP Technician - Sala Al Jadida - Technopolis,LEAR AUTOMOTIVE MOROCCO,"*/ Nous sommes à la recherche d'un Quality PPAP Technician. Missions : Exécute les revues PH (étape 2/6) conformément aux exigences de Lear (pour toutes les usines E‑system à l’échelle mondiale). Demande des mises à jour aux fournisseurs lorsque la documentation soumise ne répond pas aux exigences de Lear. Documente toute communication avec les fournisseurs concernant l’Approbation des Pièces Fournisseurs (Supplier Part Approval) dans le système PH. Suit l’état d’avancement et la clôture des PH dans les délais requis. Soumet et suit l’exécution des demandes de Layout Annuel. Escalade les retards des fournisseurs auprès des équipes programme. Communique aux équipes programme les demandes de dérogation des fournisseurs. Assume la responsabilité personnelle de maintenir un environnement de travail sûr pour soi, ses collègues et les équipements. Dispose de l’autorité nécessaire pour arrêter la production et l’expédition en cas de non-conformité.","Production, maintenance, qualité","Automobile, matériels de transport, réparation",CDI,Casablanca-Mohammedia - Fès - Meknès - Rabat-Salé-Kénitra - Tanger-Tétouan-Al Hoceïma,Sala Al Jadida - Technopolis,Non,Débutant < 2 ans - Expérience entre 2 ans et 5 ans - Expérience entre 5 ans et 10 ans - Expérience > 10 ans,Bac+2 - Bac+3 - Bac+4 - Bac+5 et plus,"['Quality', 'APQP PPAP', 'Quality Assurance', 'Quality Center', 'Assurance Qualité', 'Électromécanique', 'Non-Conformité', 'Maintenance', 'Production', 'Normes de Qualité', 'PDCA', 'QRQC', 'APQP', 'Électronique', 'Qualité']",2026-03-31
https://www.emploi.ma/offre-emploi-maroc/responsable-marches-publics-appels-offres-casablanca-9312869,Responsable des Marchés Publics et Appels d'Offres - Casablanca,PROFILS RECRUTEMENT,"Nous recrutons pour notre client, Société opérant dans la vente, l'installation et le service après-vente de matériels et dispositifs médicaux hospitaliers, dans le cadre de son développement, un(e) Responsable des Marchés Publics et Appels d'Offres libres de suite, poste basé à Casablanca. Missions : Rattaché directement au Directeur Général, Vous êtes responsable de l'intégralité du cycle des dossiers d'Appels d'Offres, vous serez principalement chargé(e) de : Analyse rapide du dossier d'appel d'offres ; Montage de l'offre (mémoire technique, chiffrage,...) ; Établissement des différents documents de réponse à l'appel d'offres ; La mise au point du dossier marché ; Pilotage et coordination des AO - Vous êtes le garant du respect des délais.","Production, maintenance, qualité","Santé, pharmacie, hôpitaux, équipements médicaux",CDI,Casablanca-Mohammedia,Casablanca,,Expérience entre 2 ans et 5 ans - Expérience entre 5 ans et 10 ans - Expérience > 10 ans,Bac+5 et plus,"['Qualité', 'Maintenance', 'Production', 'Montage']",2026-04-15
https://www.emploi.ma/offre-emploi-maroc/charge-etudes-fluides-cvc-plomberie-mohammedia-9324841,Chargé d’Études Fluides (CVC / Plomberie) - Mohammedia,YB INGENIERIE,"Nous sommes à la recherche d'un Chargé d’Études Fluides (CVC / Plomberie). Rattaché(e) au responsable d’études, vous intervenez sur des projets de logements, tertiaires et équipements publics. À ce titre, vos principales missions sont : Réalisation des études d’exécution CVC et plomberie Élaboration des plans (AutoCAD / REVIT) Réalisation des notes de calcul (dimensionnement réseaux, pertes de charge, etc.) Participation à la synthèse technique et coordination avec les autres lots Analyse des dossiers techniques (CCTP, plans, DCE) Participation au chiffrage et à l’optimisation des solutions techniques Mise à jour des plans et documents suite aux retours chantier",Métiers du BTP,"BTP, construction",CDI,Agadir - Béni Mellal-Khénifra - Casablanca-Mohammedia - Dakhla - Errachidia - Fès - Guelmim - Laâyoune - Marrakech-Safi - Meknès - Oujda - Rabat-Salé-Kénitra - Settat - Tanger-Tétouan-Al Hoceïma - International,Mohammedia,,Expérience entre 2 ans et 5 ans - Expérience entre 5 ans et 10 ans - Expérience > 10 ans,Bac+2 - Bac+3 - Bac+4 - Bac+5 et plus,"['Génie Climatique', 'Chiffrage', 'AUTOCAD', 'Dimensionnement', 'REVIT', 'Plomberie']",2026-05-07
https://www.emploi.ma/offre-emploi-maroc/controleur-gestion-junior-hf-casablanca-9311735,Contrôleur de Gestion Junior (H/F) - Casablanca,TECTRA RECRUTEMENT MAROC,Nous sommes à la recherche d'un Contrôleur de Gestion Junior pour notre client basé à Casablanca Route Oulad Ziane.,"Gestion, comptabilité, finance","Conseil, audit, comptabilité",Intérim,Casablanca-Mohammedia,Casablanca,,Débutant < 2 ans,Bac+2 - Bac+3,"['Gestion', 'Finance']",2026-04-14
https://www.emploi.ma/offre-emploi-maroc/conducteur-machine-offset-rabat-9289313,Conducteur de Machine Offset - Rabat,JOB CONNECT,"Nous recrutons pour le compte de notre client basé à Rabat, Un Conducteur de Machine Offset dans le secteur Imprimerie / Industrie graphique Missions principales : Assurer la conduite et le réglage des machines offset pour l’impression de documents, emballages ou supports divers. Préparer les supports, encres et plaques nécessaires pour chaque production. Contrôler la qualité de l’impression et ajuster les paramètres pour garantir la conformité aux standards. Effectuer l’entretien de première ligne et le nettoyage des machines selon les procédures. Signaler tout dysfonctionnement ou panne à l’équipe technique ou maintenance. Respecter les normes de sécurité et les procédures internes de l’entreprise.",Métiers des services,"Édition, imprimerie",CDI,Rabat-Salé-Kénitra,Rabat,,Expérience entre 2 ans et 5 ans - Expérience entre 5 ans et 10 ans - Expérience > 10 ans,Bac+1 - Bac+2 - Bac+3,"['Réglage', 'Maintenance', 'Sécurité', 'Nettoyage', 'Entretien']",2026-04-02
https://www.emploi.ma/offre-emploi-maroc/ingenieur-charge-etudes-calcul-structures-metalliques-rabat-9347999,Ingénieur / Chargé d’Etudes en Calcul de Structures Métalliques - Rabat,JOB CONNECT,"Nous recrutons pour le compte de notre client basé à Mohammedia, Un Ingénieur / Chargé d’études en calcul de structures métalliques , justifiant d’une expérience professionnelle minimale de 2 ans dans le calcul et l’étude des structures métalliques. Missions principales : Réaliser les notes de calcul des structures métalliques (charpentes, bâtiments industriels, ouvrages métalliques, etc.). Dimensionner les éléments structuraux (poteaux, poutres, contreventements, assemblages). Effectuer les vérifications de stabilité, résistance et déformations conformément aux normes en vigueur. Modéliser les structures à l’aide de logiciels de calcul spécialisés. Collaborer avec les équipes de dessin et de production pour assurer la conformité des plans d’exécution. Participer à l’optimisation technique et économique des projets. Assurer le suivi technique des projets et apporter un appui en phase d’exécution si nécessaire. Veiller au respect des normes, règlements et exigences de sécurité.",Métiers du BTP,"BTP, construction",CDI,Casablanca-Mohammedia,Rabat,,Expérience entre 2 ans et 5 ans - Expérience entre 5 ans et 10 ans,Bac+5 et plus,"['TEKLA', 'Résistance des Matériaux', 'Construction Métallique', 'Eurocodes']",2026-05-06
https://www.emploi.ma/offre-emploi-maroc/ruby-on-rails-developer-mf-8251955,RUBY ON RAILS Developer (M/F),AFRICASHORE,"We are looking for RUBY ON RAILS Developer profiles / CVs to pass on to our clients for their future recruitment campaigns. Mission: Providing enhancements to the application platform with specific emphasis on sound fundamental development methodology in Ruby on Rails. Design and develop responsive, high performing web applications using modern techniques and frameworks as well as write tests and perform code reviews in a dynamic, fast paced agile environment. Maintain responsibility for analysis of Incident Tickets & Resolution, supply to Continual Service Improvement Programs. Writte and maintain reliable Ruby code. Integrating user-facing elements designed by the front-end team. Connecting applications with additional web servers. Maintaining APIs. Estimate development tasks and meet deadline. Collaborate with engineering, QA, and product design team members. Scale our applications as our user base grows.","Informatique, nouvelles technologies","Informatique, SSII, Internet",CDI - CDD - Freelance,Agadir - Béni Mellal-Khénifra - Casablanca-Mohammedia - Dakhla - Errachidia - Fès - Guelmim - Laâyoune - Marrakech-Safi - Meknès - Oujda - Rabat-Salé-Kénitra - Settat - Tanger-Tétouan-Al Hoceïma - International,/ Travail à Distance,,Expérience entre 5 ans et 10 ans,Bac+3,"['HTML', 'JAVASCRIPT', 'CVS', 'JIRA', 'MONGODB', 'JQUERY', 'RUBY ON RAILS', 'AGILE', 'POSTGRESQL', 'CSS', 'MYSQL', 'GIT', 'DOCKER']",2026-04-13
https://www.emploi.ma/offre-emploi-maroc/assistante-ressources-humainespaie-gestion-appels-offres-rabat-9339062,"Assistante Ressources Humaines,Paie et Gestion des Appels d’Offres - Rabat",JOB CONNECT,"Nous recrutons une Assistante qui sera en charge de la gestion de la paie (RH) ainsi que des appels d’offres . Missions principales : Gestion complète de la paie Suivi administratif du personnel (contrats, absences, dossiers RH…) Préparation et suivi des appels d’offres Constitution et dépôt des dossiers administratifs Veille des appels d’offres publics et privés","RH, formation","BTP, construction",CDI,Rabat-Salé-Kénitra,Rabat,,Expérience entre 2 ans et 5 ans - Expérience entre 5 ans et 10 ans,Bac+2 - Bac+3 - Bac+4 - Bac+5 et plus,"['Formation', 'Suivi Administratif', 'Gestion de la Paie']",2026-05-01
https://www.emploi.ma/offre-emploi-maroc/assistante-trilingue-chinois-anglais-francais-casablanca-9345921,Assistant(e) Trilingue Chinois Anglais Français - Casablanca,TECTRA CASA BOURGOGNE – RECRUTEMENT,"Nous recherchons un Assistant(e) Trilingue Chinois Anglais Français pour rejoindre notre équipe. Ce poste implique la gestion de communications multilingues, la coordination avec des partenaires internationaux et le support administratif dans un environnement dynamique. Missions : Assurer la traduction et l’interprétation entre le chinois, l’anglais et le français pour diverses communications professionnelles. Coordonner les échanges avec des partenaires et clients internationaux en utilisant les compétences linguistiques trilingues. Participer à la gestion administrative et à la préparation de documents multilingues. Supporter l’équipe dans la planification et l’organisation d’événements ou de réunions internationales. Contribuer à l’amélioration des processus de communication interne et externe en utilisant ses compétences linguistiques.",Achats,"Transports, logistique, services postaux",CDD,Casablanca-Mohammedia,Casablanca,,Expérience entre 2 ans et 5 ans - Expérience entre 5 ans et 10 ans - Expérience > 10 ans,Bac+5 et plus,"['trilingue chinois anglais français', 'Achats', 'Vente', 'Transport']",2026-05-05
https://www.emploi.ma/offre-emploi-maroc/zone-manager-vn-casablanca-9322300,Zone Manager VN - Casablanca,CRIT,"Nous sommes à la recherche d'un Zone Manager VN. Rattaché(e) à la Direction, le Zone Manager VN intervient en tant que manager dans le secteur automobile, spécialisé dans la vente de véhicules neufs (VN) . Il/elle a pour mission de déployer la politique commerciale de la marque au sein de sa zone et d’accompagner le réseau de distributeurs dans l’atteinte des objectifs fixés. À ce titre, il/elle négocie et suit les objectifs de ventes, analyse les performances commerciales et met en place des plans d’actions adaptés afin de développer l’activité VN. Il/elle veille également au bon approvisionnement du réseau, au suivi des stocks ainsi qu’à la gestion des encours et des risques. Sur le terrain, il/elle accompagne les équipes commerciales dans leurs actions de prospection et contribue à la mise en œuvre des plans marketing locaux. Il/elle s’assure du respect des standards de la marque, participe à l’amélioration de la satisfaction client et au développement des compétences des équipes. Enfin, il/elle assure une veille concurrentielle active et un reporting régulier auprès de la Direction.","Commercial, vente","Intérim, recrutement",CDI,Casablanca-Mohammedia,Casablanca,Non,Expérience entre 5 ans et 10 ans,Bac+3 - Bac+4 - Bac+5 et plus,"['Commercialisation', 'Business Management', 'Leadership', 'Techniques de Vente', 'Vente', 'Prospection']",2026-04-22
https://www.emploi.ma/offre-emploi-maroc/chargee-facturation-casablanca-9336937,Chargé(e) de Facturation - Casablanca,CRIT,"Nous recherchons un Chargé(e) de Facturation pour rejoindre notre équipe. Ce poste implique la gestion de la facturation, la tenue de la comptabilité et la coordination avec les départements financiers dans un environnement dynamique. Missions : Assurer la gestion quotidienne des processus de facturation. Contrôler et vérifier la conformité des documents financiers. Collaborer avec les équipes comptables pour assurer la précision des données. Participer à la préparation des rapports financiers liés à la facturation. Veiller au respect des délais et des procédures internes en matière de facturation.","Gestion, comptabilité, finance","Intérim, recrutement",Intérim,Casablanca-Mohammedia,Casablanca,Non,Expérience entre 2 ans et 5 ans,Bac+4 - Bac+5 et plus,"['Gestion de la Facturation', 'Comptabilité', 'Gestion Financière', 'Finance', 'Gestion', 'Facturation', 'Rapports Financiers']",2026-05-07
https://www.emploi.ma/offre-emploi-maroc/chauffeur-camion-poids-lourds-rabat-9289219,Chauffeur Camion Poids Lourds - Rabat,JOB CONNECT,"Nous recrutons pour le compte de notre client basé à Rabat, Un Chauffeur Camion Poids Lourds dans le secteur du transport. Missions principales : Conduire des camions poids lourds en respectant les itinéraires et les horaires prévus. Assurer le transport sécurisé des matériaux et marchandises vers les chantiers ou clients. Veiller à la sécurité du chargement et au respect des normes de transport. Effectuer l’entretien quotidien du camion (niveaux, pneus, vérifications mécaniques de base). Signaler tout incident, panne ou problème rencontré pendant le transport. Respecter les règles de sécurité routière et les procédures internes de l’entreprise.","Production, maintenance, qualité","Industrie, production, fabrication, autres",CDI,Rabat-Salé-Kénitra,Rabat,,Expérience entre 2 ans et 5 ans - Expérience entre 5 ans et 10 ans - Expérience > 10 ans,Bac+1 - Bac+2,"['Qualité', 'Maintenance']",2026-04-02
https://www.emploi.ma/offre-emploi-maroc/chargee-evaluation-revue-dossiers-fournisseurs-rabat-9313862,Chargé(e) de l’Évaluation et de la Revue des Dossiers Fournisseurs - Casablanca,TECTRA RABAT - KENITRA,"Nous sommes à la recherche d'un(e) Chargé(e) de l’Évaluation et de la Revue des Dossiers Fournisseurs. Missions : Contribuer à la revue des dossiers fournisseurs existants Vérifier la complétude et la conformité des pièces et informations requises Identifier les documents manquants, anomalies ou points de vigilance Participer à l’évaluation des fournisseurs dans le cadre du dispositif KYS Remonter à l’équipe les éléments nécessitant une analyse complémentaire ou une action particulière",Achats,"Banque, assurance, finances",Intérim,Casablanca-Mohammedia,Casablanca,,Débutant < 2 ans - Expérience entre 2 ans et 5 ans - Expérience entre 5 ans et 10 ans - Expérience > 10 ans,Bac+2 - Bac+3 - Bac+4 - Bac+5 et plus,"['Gestion des Fournisseurs', 'Gestion', 'Achats', 'Comptabilité']",2026-04-15
https://www.emploi.ma/offre-emploi-maroc/teleconseiller-francophone-rabat-9278849,Téléconseiller Francophone - Rabat,TECTRA RABAT - KENITRA,"Nous sommes à la recherche des Téléconseillers Francophones. Missions : Conseiller et assister les clients au téléphone. Répondre aux demandes clients et les accompagner jusqu’à la résolution de leur problème. Transmettre une image positive de l’entité qu’il représente. Gérer les fichiers et les comptes des clients. Transférer les appels aux services compétents. Réaliser des enquêtes au téléphone, faire de la prospection ou la prise de rendez-vous. Proposer de nouveaux services ou offres aux clients pour les fidéliser.","Commercial, vente","Centres d´appel, hotline, call center",Intérim,Rabat-Salé-Kénitra,Rabat,,Expérience entre 2 ans et 5 ans - Expérience entre 5 ans et 10 ans - Expérience > 10 ans,Bac+2 - Bac+3 - Bac+4 - Bac+5 et plus,"['Vente', 'Prospection']",2026-03-24
https://www.emploi.ma/offre-emploi-maroc/assistante-ressources-humaines-casablanca-9319580,Assistante Ressources Humaines - Casablanca,TECTRA CASA TERTIAIRE – RECRUTEMENT,"Pour l’un de ses clients, dans le secteur des centres d'appels, TECTRA recherche une Assistante Ressources Humaines , à Casablanca. Missions Principales : Rattachée au service Ressources Humaines, vous interviendrez sur les missions suivantes : Participer au processus de recrutement (sourcing, présélection des candidatures, convocations des candidats) Assurer l’intégration administrative des nouveaux collaborateurs Mettre à jour les dossiers du personnel et les documents RH Gérer la communication interne (notes de service, affichage, annonces…) Assister dans la préparation des contrats et autres documents administratifs Contribuer au suivi et à la mise à jour des tableaux de bord RH Veiller au respect des procédures internes ainsi que de la réglementation en vigueur","RH, formation","Centres d´appel, hotline, call center",Intérim,Casablanca-Mohammedia,Casablanca,,Débutant < 2 ans - Expérience entre 2 ans et 5 ans - Expérience entre 5 ans et 10 ans - Expérience > 10 ans,Bac+5 et plus,"['Formation', 'Processus de Recrutement', 'Communication Interne', 'Recrutement']",2026-04-21
https://www.emploi.ma/offre-emploi-maroc/infirmier-settat-9300474,Infirmier - Settat,TECTRA,"Nous sommes à la recherche des Infirmiers. Missions : Assurer la gestion de l’infirmerie de l’usine, Veiller au bon état du matériel de l’infirmerie et de l’ambulance, Organiser les visites médicales annuelles et périodiques de l’ensemble du personnel, Dispenser les premiers soins au personnel, Intervenir en cas d’incident ou de malaise (premiers secours), Tenir les registres de distribution des médicaments, Assurer la tenue du registre des visites médicales, Gérer les dossiers médicaux de l’ensemble du personnel, Assurer la tenue des registres des soins et des accidents de travail (AT), Contrôler et enregistrer les dossiers d’assurance maladie, Assurer le suivi des remboursements des dossiers d’assurance maladie, Organiser et assurer le suivi des visites hebdomadaires de la cantine et des annexes sociaux, Effectuer des visites hebdomadaires des chantiers et des carrières.",Métiers de la santé et du social,"BTP, construction",Intérim,Settat,Settat,,Expérience entre 5 ans et 10 ans,Bac+3,"['Premiers Secours', 'Assurance', 'Santé', 'Infirmerie']",2026-04-09
https://www.emploi.ma/offre-emploi-maroc/controleur-materiel-administration-sap-el-jadida-9357014,Contrôleur Matériel – Administration et SAP - EL Jadida,TECTRA EL JADIDA – RECRUTEMENT,"L’Humain est au cœur de notre métier ! TECTRA est aujourd’hui leader du conseil en Ressources Humaines au Maroc. Avec plus de 1000 clients actifs multisectoriels et une force de réseaux de 27 agences partout dans le Royaume, Tectra vous accompagne dans votre recherche d’emploi. Pour l’un de ses clients, TECTRA est à la recherche d'un Contrôleur Matériel – Administration et SAP. Missions principales : Recensement & contrôle documentaire Assurer le recensement et la classification des contrats liés aux projets Contrôler et classifier l’ensemble des documents : Dossiers d’immobilisations réceptionnées PV / PVRP Documents contractuels et marchés Garantir la cohérence et la conformité des dossiers Participation à la ventilation des coûts des immobilisations Coordination & gouvernance projet (CAPEX) Assurer la coordination avec les chefs de projet Interagir avec les différents intervenants. Gestion des immobilisations sur SAP Saisir et créer les fiches d’immobilisation Éditer et Gérer la codification des immobilisations Transmettre les dossiers d’immobilisation à la comptabilité Suivre les imputations sur SAP Garantir la fiabilité des données sur SAP","Gestion, comptabilité, finance","Industrie, production, fabrication, autres",Intérim,Casablanca-Mohammedia - Marrakech-Safi,EL Jadida,,Expérience entre 2 ans et 5 ans,Bac+3,"['Gestion Logistique', 'Maintenance', 'Gestion', 'Transport', 'Codification', 'Ventilation', 'Gestion des Immobilisations', 'Finance', 'Comptabilité', 'CAPEX', 'Qualité']",2026-05-04
https://www.emploi.ma/offre-emploi-maroc/chef-responsable-qualite-meknes-9219489,Chef / Responsable Qualité - Meknès,SOMACOS,"Nous recrutons un Chef / Responsable Qualité . Missions principales Mettre en place, maintenir et améliorer le Système de Management de la Qualité (produit & système). Déployer et faire vivre la culture qualité au sein de l’usine. Garantir la conformité des produits, des processus et du système qualité. Piloter l’amélioration continue et la prévention des non-conformités. Responsabilités et activités Système Qualité Contrôle et conformité des produits Gestion des non-conformités et réclamations Audits Moyens de mesure et laboratoire Qualification et validation Formation et sensibilisation Indicateurs et pilotage Collaboration interne Compétences requises Techniques Systèmes de management de la qualité Méthodes de résolution de problèmes Normes et exigences réglementaires Contrôle qualité et métrologie Process industriels (idéalement injection et extrusion plastique)","Production, maintenance, qualité","Industrie, production, fabrication, autres",CDI,Agadir - Béni Mellal-Khénifra - Casablanca-Mohammedia - Dakhla - Errachidia - Fès - Guelmim - Laâyoune - Marrakech-Safi - Meknès - Oujda - Rabat-Salé-Kénitra - Settat - Tanger-Tétouan-Al Hoceïma - International,Meknès,Non,Expérience entre 5 ans et 10 ans - Expérience > 10 ans,Bac+3 - Bac+4 - Bac+5 et plus,"['Management QHSE', 'Plasturgie', 'QHSE', 'Injection', 'Processus', 'Process Industriels', 'Chimie', 'Qualité', 'Amélioration Continue', 'Maintenance', 'Management de la Qualité', 'Métrologie', 'Extrusion', 'Process', 'Génie Industriel']",2026-04-10
https://www.emploi.ma/offre-emploi-maroc/cloud-architect-mf-8251963,Cloud Architect (M/F),AFRICASHORE,"We are looking for Cloud Architect profiles / CVs to share with our clients for their future recruitment campaigns. Mission: Lead analysis, recommendations, and presentation of approaches on Cloud migration roadmaps, architecture / designs etc. Involve in conducting Azure readiness assessments and evaluations and delivery of assessment reports, architecture/design/ deployment documents & presentations. Architecting Cloud solutions for new applications. Design Cloud architectures, environments, and solutions that meet the business requirements with an emphasis on meeting the overall business goals. Design highly available, scalable and secure solutions using industry best practices. Design and develop automation to support continuous delivery and continuous integration process. Strong understanding of Azure Database technologies (both IaaS and PaaS) and options to support the migration process. Drive the adoption of best practices around coding, design, quality and performance. Support the development team in building solutions and quick fixes. Analyse and resolve configuration issues in development, test, and production environments. Build effective monitoring, logging and auditing of applications hosted in Azure to ensure compliancy with mandated policies.","Informatique, nouvelles technologies","Informatique, SSII, Internet",CDI - CDD - Freelance,Agadir - Béni Mellal-Khénifra - Casablanca-Mohammedia - Dakhla - Errachidia - Fès - Guelmim - Laâyoune - Marrakech-Safi - Meknès - Oujda - Rabat-Salé-Kénitra - Settat - Tanger-Tétouan-Al Hoceïma - International,/ Travail En Remote,,Expérience entre 5 ans et 10 ans,Bac+3,"['PAAS', 'VM', 'AGILE', 'CVS', 'SQL', 'C#', 'ARM', 'AZURE', 'COSMOS', 'API', 'NOSQL', 'LESS']",2026-04-13
https://www.emploi.ma/offre-emploi-maroc/customer-service-representative-assistante-adv-casablanca-9360737,Customer Service Representative / Assistante ADV - Casablanca,TECTRA CASA TERTIAIRE – RECRUTEMENT,"Pour l’un de ses clients, dans le secteur industriel, TECTRA recherche une Customer Service Representative , à Casablanca. Missions Principales : Gérer l’ensemble du cycle export, de la saisie des commandes jusqu’à la livraison Assurer le suivi des expéditions et veiller au respect des procédures et de la documentation export Être l’interlocuteur(trice) principal(e) des clients pour toute demande liée aux opérations export (suivi, réclamations, délais, documentation…) Préparer et suivre les autorisations d’importation et documents réglementaires Gérer les dossiers de remises documentaires et crédits documentaires, ainsi que le suivi des paiements Collaborer étroitement avec les équipes commerciales, logistiques et financières Contribuer à l’amélioration continue des processus de service client","Commercial, vente","Industrie, production, fabrication, autres",Intérim,Casablanca-Mohammedia,Casablanca,,Expérience entre 2 ans et 5 ans - Expérience entre 5 ans et 10 ans - Expérience > 10 ans,Bac+3 - Bac+4 - Bac+5 et plus,"['Vente', 'Customer Service']",2026-05-07
https://www.emploi.ma/offre-emploi-maroc/cloud-computing-virtualization-engineer-mf-8251964,Cloud Computing and Virtualization Engineer (M/F),AFRICASHORE,"We are looking for Cloud Computing and Virtualization Engineer profiles / CVs to share with our clients for their future recruitment campaigns. Mission: Must be able to work independently and take ownership. Work proactively and should be result oriented. Discuss with customer to understand the project requirement and suggest industry level Cloud solutions. Design and develop best fit Cloud solutions architecture, Network architecture and evaluate architectural alternatives. Provide technical support for Cloud architecture design, deployment and maintenance. Design secure, scalable and HA / DR strategies on Cloud technologies. Analyse and resolve infrastructure vulnerabilities and application deployment issues. Perform infrastructure cost analysis and optimization. Troubleshoot problems across a wide array of AWS/AZURE services.","Informatique, nouvelles technologies","Informatique, SSII, Internet",CDI - CDD - Freelance,Agadir - Béni Mellal-Khénifra - Casablanca-Mohammedia - Dakhla - Errachidia - Fès - Guelmim - Laâyoune - Marrakech-Safi - Meknès - Oujda - Rabat-Salé-Kénitra - Settat - Tanger-Tétouan-Al Hoceïma - International,/ Travail En Remote,,Expérience entre 5 ans et 10 ans,Bac+3,"['CVS', 'AZURE', 'DOCKER', 'LINUX']",2026-04-13
https://www.emploi.ma/offre-emploi-maroc/responsable-developpement-commercial-prospection-btp-casablanca-8883162,Responsable Développement Commercial et Prospection BTP - Casablanca,TECTRA,Nous sommes à la recherche d'un Responsable Développement Commercial et Prospection BTP. Missions : Élaborer et mettre en œuvre la stratégie commerciale pour développer les ventes dans le secteur des machines BTP. Prospecter activement pour les ventes de machines neuves et d’occasion Identifier et développer de nouveaux marchés et opportunités commerciales. Effectuer des visites de chantiers pour identifier les besoins en équipements et proposer des solutions adaptées. Participer aux négociations commerciales jusqu’à la conclusion des ventes.,"Commercial, vente","BTP, construction",Intérim,Casablanca-Mohammedia,Casablanca,,Expérience entre 2 ans et 5 ans,Bac+4 - Bac+5 et plus,"['BTP', 'Vente', 'Développement Commercial', 'Négociation', 'Stratégie Commerciale', 'Prospection']",2026-04-11
https://www.emploi.ma/offre-emploi-maroc/manager-point-vente-glaces-patisseries-casablanca-9322390,Manager de Point de Vente (Glaces et Pâtisseries) - Casablanca,CRIT,"Nous recrutons pour l’un de nos clients, acteur dynamique du secteur agroalimentaire, un(e) Manager de Point de Vente pour superviser et développer un point de vente spécialisé dans les glaces, cookies, pâtisseries et autres gourmandises. Vos missions : Superviser les opérations quotidiennes du point de vente : préparation de glaces, cookies, toppings, sauces, pâtisseries… Manager, former et motiver l’équipe de production et de vente afin de garantir performance et cohésion Assurer la qualité des produits et du service tout en respectant les normes HACCP et de sécurité alimentaire Suivre les objectifs commerciaux : chiffre d’affaires, marges, promotions Gérer les stocks, les approvisionnements et le matériel du point de vente Garantir la satisfaction client et traiter les éventuelles réclamations Participer au développement de nouveaux produits et à l’amélioration de l’offre","Commercial, vente","Hôtellerie, restauration",CDI,Casablanca-Mohammedia,Casablanca,Non,Expérience entre 5 ans et 10 ans - Expérience > 10 ans,Bac+3 - Bac+4 - Bac+5 et plus,"['Restauration', 'Gestion Hôtelière', 'Tourisme', 'Gastronomie', 'Vente']",2026-04-22
https://www.emploi.ma/offre-emploi-maroc/ingenieur-technicien-biomedicale-casablanca-9312877,Ingénieur / Technicien Biomédical - Casablanca,PROFILS RECRUTEMENT,"Nous sommes à la recherche d'un Ingénieur / Technicien Biomédicale. En tant qu’Ingénieur, votre principale mission est de : S'occuper de l'entretien, de la maintenance préventive et curative ainsi que l'installation des équipements médicaux ; Assurer la réception, la vérification et la mise en service des équipements médicaux ; Assurer la formation et le conseil à l’utilisation des produits et des équipements médicaux.","Production, maintenance, qualité","Santé, pharmacie, hôpitaux, équipements médicaux",CDI,Casablanca-Mohammedia,Casablanca,,Expérience entre 2 ans et 5 ans - Expérience entre 5 ans et 10 ans - Expérience > 10 ans,Bac+5 et plus,"['Maintenance Préventive', 'Maintenance', 'Production', 'Qualité']",2026-04-15
https://www.emploi.ma/offre-emploi-maroc/commercial-b2b-accessoires-beautes-destines-hotels-luxe-marrakech-9322297,Commercial B2B (Accessoires de Beautés Destinés à des Hôtels de Luxe) - Marrakech,CRIT MARRAKECH,"Nous recrutons pour le compte de notre client un(e) Commercial(e) B2B spécialisé(e) dans la vente d’accessoires de beauté destinés aux hôtels de luxe . Missions : Développer et gérer un portefeuille clients (hôtels haut de gamme, resorts, riads de luxe) Prospecter de nouveaux clients et identifier des opportunités commerciales Présenter et promouvoir les gammes de produits (accessoires de beauté, amenities, etc.) Négocier les contrats et assurer le suivi des ventes Fidéliser la clientèle et garantir un service de qualité Assurer une veille concurrentielle et remonter les informations du marché","Commercial, vente","Distribution, vente, commerce de gros",CDI,Marrakech-Safi,Marrakech,Non,Expérience entre 2 ans et 5 ans,Bac+3,"['Négociation', 'Vente', 'Suivi des Ventes']",2026-04-22
https://www.emploi.ma/offre-emploi-maroc/responsable-production-agroalimentaire-oujda-9296996,Responsable de Production (Agroalimentaire) - Oujda,,"Nous sommes à la recherche d'un Responsable de Production (Agroalimentaire). Mission Principale Rattaché(e) à la Direction Générale, vous pilotez l'ensemble du processus de fabrication. Votre objectif est de garantir la production en termes de quantité, qualité, délais et coûts, tout en assurant un climat social serein et le respect strict des normes d'hygiène. Responsabilités Clés Pilotage de la performance : Organiser les plannings de production et optimiser l’utilisation des lignes de conditionnement et de transformation. Qualité & Sécurité : Veiller au respect rigoureux des normes d'hygiène et des règles de sécurité au travail. Management d'équipe : Encadrer, former et motiver les chefs d'équipe et les opérateurs (gestion des shifts, montées en compétences). Amélioration continue : Analyser les indicateurs (KPI), réduire les pertes matières et proposer des solutions d’optimisation. Maintenance : Coordonner avec le service technique pour minimiser les arrêts de production.","Production, maintenance, qualité",Agroalimentaire,CDI,Oujda,Oujda,,Expérience entre 5 ans et 10 ans - Expérience > 10 ans,Bac+5 et plus,"['Amélioration Continue', 'Process', 'Service Technique', 'Production', 'Maintenance', 'Qualité', 'Processus', 'Fabrication', 'Process Industriels', 'Agroalimentaire', 'Hygiène', 'Génie Industriel']",2026-04-22
https://www.emploi.ma/offre-emploi-maroc/chef-equipe-batiment-senior-rabat-9349617,Chef D’équipe Bâtiment (Senior) - Rabat,JOB CONNECT,Nous recrutons pour notre client à Rabat un Chef D’équipe Bâtiment (Senior). Missions principales : Encadrer et animer une équipe d’ouvriers Répartir les tâches et organiser le travail Suivre l’avancement des travaux Garantir la qualité d’exécution Veiller au respect des consignes de sécurité,Métiers du BTP,"BTP, construction",CDI,Rabat-Salé-Kénitra,Rabat,,Expérience entre 5 ans et 10 ans - Expérience > 10 ans,Bac+3 - Bac+4 - Bac+5 et plus,[],2026-05-07
https://www.emploi.ma/offre-emploi-maroc/agent-commercial-export-afrique-casablanca-9275281,Agent Commercial Export Afrique - Casablanca,,"Dans le cadre du développement de ses activités à l’international, notre entreprise recrute un Agent Commercial Export Afrique basé à Casablanca . Le titulaire du poste aura pour mission de développer l’activité commerciale sur les marchés africains , d’identifier de nouvelles opportunités d’affaires et d’assurer le suivi des relations clients sur sa zone de responsabilité. Le poste implique des déplacements réguliers en Afrique (environ 30 % du temps) afin de développer les marchés, renforcer la relation client et représenter l’entreprise auprès des partenaires et clients. Missions Principales: Assurer la prospection commerciale sur les marchés africains ciblés Développer et gérer un portefeuille clients export Identifier et qualifier les opportunités commerciales Participer à la préparation des offres commerciales en coordination avec les équipes internes (techniques, financières et administratives) Conduire les négociations commerciales avec les clients Assurer le suivi des projets commerciaux depuis l’offre jusqu’à la livraison et la satisfaction client Participer aux réceptions usine (Factory Acceptance Test) avec les clients lorsque nécessaire Suivre les commandes et engagements contractuels Participer à des salons, conférences et événements professionnels du secteur Réaliser des visites clients régulières dans les pays de la zone Afrique Assurer une veille commerciale et concurrentielle sur les marchés ciblés Assurer un reporting régulier de l’activité commerciale auprès de la hiérarchie","Commercial, vente","Industrie, production, fabrication, autres",CDI,International,Casablanca,Non,Expérience entre 2 ans et 5 ans - Expérience entre 5 ans et 10 ans - Expérience > 10 ans,Bac+5 et plus,"['Négociation Commerciale', 'Négociation', 'Prospection', 'Prospection Commerciale', 'Vente', 'Développement Commercial', 'Négociation Commerciale', 'Techniques de Vente']",2026-03-27
https://www.emploi.ma/offre-emploi-maroc/technicien-maintenance-casablanca-9345276,Technicien Maintenance - Casablanca,SELHA MAROC,"Dans le cadre du renforcement de nos équipes, nous recrutons un Technicien Maintenance pour assurer la maintenance préventive et corrective des moyens industriels et/ou des infrastructures, tout en garantissant le respect de la politique qualité sécurité environnement définie: Établir et actualiser le planning d’intervention, tout en assurant une communication à la production Réaliser l’entretien des moyens industriels Assurer le suivi et la mise à jour des documents de maintenance Localiser, diagnostiquer les pannes et réaliser la maintenance corrective des moyens industriels Proposer des alternatives aux défaillances constatées afin d’augmenter l’efficacité des moyens industriels (taux de rendement synthétique) Gérer les stocks de pièces détachées des moyens industriels Piloter les intervenants extérieurs et s’assurer de la bonne adéquation de l’intervention par rapport au besoin Participer à la démarche qualité sécurité environnement menée par l’entreprise S’assurer du respect des normes de sécurité quant au fonctionnement et à l’usage des moyens industriels Participer aux déménagements et/ou aménagements des zones de production Gérer l'activité de la métrologie : Gérer l'activité liée à la vérification, réparation, arrivée et départ des appareils de mesure","Production, maintenance, qualité","Industrie, production, fabrication, autres",CDI,Casablanca-Mohammedia,Casablanca,Non,Expérience entre 2 ans et 5 ans,Bac+2,"['Métrologie', 'Maintenance Industrielle', 'Maintenance Préventive', 'Réparation', 'Électricité Industrielle', 'Taux de Rendement Synthétique', 'Automatisme', 'Qualité', 'Maintenance Corrective', 'Production', 'Maintenance', 'Électromécanique']",2026-05-05
https://www.emploi.ma/offre-emploi-maroc/superviseur-production-meknes-9273656,Superviseur de Production - Meknès,SOMACOS,"Nous recrutons : SUR MEKNES - Superviseur de Production. 1. Responsabilités principales A. Encadrement & Management Superviser et accompagner les chefs d’équipe dans la gestion de leurs opérateurs. Organiser les briefings de début de poste. Répartir les équipes selon les priorités de production. Assurer une présence active sur le terrain (supervision 80 % du temps en zone de production). Veiller à la discipline, l’assiduité et la ponctualité des équipes. B. Suivi des tâches & contrôle des activités Vérifier la bonne réalisation des tâches quotidiennes des opérateurs et chefs d’équipe. Tenir à jour les fiches de suivi, feuilles de présence, rapports d’activité. Contrôler le respect des procédures de travail standard (SOP). S’assurer que les postes de travail sont préparés et conformes avant chaque début d’activité. C. Qualité & Sécurité Veiller au respect des règles d’hygiène, de sécurité et des normes de qualité. Signaler et documenter toute non-conformité ou incident. Participer aux audits internes ou externes. D. Reporting Renseigner le rapport de production journalier (quantités produites, anomalies, absences, incidents). Remonter immédiatement tout problème impactant la production. Proposer des actions correctives simples.","Production, maintenance, qualité","Industrie, production, fabrication, autres",CDI - CDD,Agadir - Béni Mellal-Khénifra - Casablanca-Mohammedia - Dakhla - Errachidia - Fès - Guelmim - Laâyoune - Marrakech-Safi - Meknès - Oujda - Rabat-Salé-Kénitra - Settat - Tanger-Tétouan-Al Hoceïma - International,Meknès,Non,Expérience entre 2 ans et 5 ans - Expérience entre 5 ans et 10 ans - Expérience > 10 ans,Bac+2 - Bac+3,"[""Gestion d'Équipe"", 'Atelier de Production', 'personnalité', 'Qualité', 'Maintenance', 'Normes de Qualité', 'Processus', 'Production', 'Procédés Industriels', 'Hygiène', 'Non-Conformité', 'Procédés']",2026-03-20
https://www.emploi.ma/offre-emploi-maroc/gerant-magasin-casablanca-9181493,Gérant du Magasin - Casablanca,XIAOMI,"Nous sommes à la recherche d'un Gérant du Magasin. Job Description Implement the construction of the shop in time, including but not limited to location selection, design, decoration, opening, etc., managing the whole process; Coordinate communication and collaboration between the various internal agencies to ensure the project is completed on time and in high quality. Store Management: Be responsible for formulating and executing store operating strategies, including staffing, merchandise management, customer service, etc., to ensure operational efficiency and quality of service; execute sales strategies and promotional campaigns to improve the store's brand image and business performance; monitor and analyze operating data, adjust operating strategies in a timely manner to ensure the achievement of operating objectives. Team Management and Training: Be responsible for managing and training the store operations team, formulate and implement training plans to improve the overall quality of the team and the level of service. Market research and analysis: Conduct market research regularly, analyze competitors and market trends to provide data and decision-making basis for the construction and operation of the shop; Collect and analyze customer feedback, make suggestions for improvement to improve the customer experience.","Commercial, vente","Equip. électriques, électroniques, optiques, précision",CDD,Agadir - Béni Mellal-Khénifra - Casablanca-Mohammedia - Dakhla - Errachidia - Fès - Guelmim - Laâyoune - Marrakech-Safi - Meknès - Oujda - Rabat-Salé-Kénitra - Settat - Tanger-Tétouan-Al Hoceïma - International,Casablanca,Non,Expérience entre 2 ans et 5 ans - Expérience entre 5 ans et 10 ans - Expérience > 10 ans,Qualification avant bac - Bac - Bac+1 - Bac+2 - Bac+3 - Bac+4 - Bac+5 et plus,"['Customer Service', 'Management', 'Vente']",2026-04-14
https://www.emploi.ma/offre-emploi-maroc/chef-rang-anglophone-rabat-9287132,Chef de Rang (Anglophone) - Rabat,JOB CONNECT,"Nous recrutons pour le compte de notre client basé à Rabat, Un Chef de Rang (Anglophone) . Son rôle consiste à assurer un service en salle de haute qualité, garantir la satisfaction des clients et coordonner les opérations avec l’équipe du restaurant, tout en utilisant l’anglais comme langue principale de communication avec la clientèle internationale. Missions principales : Accueillir les clients avec professionnalisme et courtoisie Présenter les menus, conseiller et prendre les commandes en anglais Assurer le service des plats et des boissons selon les standards du restaurant Superviser et coordonner le travail des commis de salle et assistants serveurs Veiller à la propreté et à l’organisation de la salle Gérer les demandes spéciales des clients et résoudre les éventuels problèmes Collaborer avec la cuisine pour garantir la qualité et le timing des services","Tourisme, hôtellerie, restauration","Hôtellerie, restauration",CDI,Rabat-Salé-Kénitra,Rabat,,Expérience entre 2 ans et 5 ans - Expérience entre 5 ans et 10 ans - Expérience > 10 ans,Bac+2 - Bac+3,"['Tourisme', 'Cuisine']",2026-04-01
https://www.emploi.ma/offre-emploi-maroc/ingenieur-tce-chef-projet-batiment-agadir-9327447,Ingénieur TCE Chef de Projet (Bâtiment) - Agadir,DEKRA SERVICES,"Nous recrutons pour le compte d’une société opérant dans le secteur de la promotion immobilière à Agadir, un Ingénieur TCE Chef de Projet. Vous serez en charge de la gestion, la coordination et le pilotage des projets de construction, le chiffrage et la gestion administrative des projets, la gestion des équipes dans les chantiers, la proposition de solutions techniques correctives en lien avec le référent technique.",Métiers du BTP,"BTP, construction",CDI,Agadir,Agadir,,Expérience entre 5 ans et 10 ans - Expérience > 10 ans,Bac+5 et plus,"['Chiffrage', 'Construction', 'Promotion Immobilière']",2026-04-23
https://www.emploi.ma/offre-emploi-maroc/responsable-commercial-experimente-hf-interim-nettoyage-casablanca-9328766,Responsable Commercial Expérimenté (H/F) – Intérim et Nettoyage - Casablanca,GENERAL PRIVATE INTERIM,Nous recrutons pour le compte de notre société un Responsable Commercial Expérimenté dans les domaines de l’intérim et des services de nettoyage . Missions : Développer et gérer un portefeuille clients Prospecter de nouveaux marchés et identifier des opportunités commerciales Promouvoir l’ensemble des services proposés par la société Analyser les besoins des clients et proposer des solutions adaptées Assurer le suivi des contrats et veiller à la satisfaction client Atteindre les objectifs commerciaux fixés par la direction,"Commercial, vente","Intérim, recrutement",CDI,Agadir - Béni Mellal-Khénifra - Casablanca-Mohammedia - Dakhla - Errachidia - Fès - Guelmim - Laâyoune - Marrakech-Safi - Meknès - Oujda - Rabat-Salé-Kénitra - Settat - Tanger-Tétouan-Al Hoceïma - International,Casablanca,,Expérience entre 2 ans et 5 ans - Expérience entre 5 ans et 10 ans - Expérience > 10 ans,Bac+3 - Bac+4 - Bac+5 et plus,"['Nettoyage', ""Contrat d'Intérim"", 'Vente']",2026-04-24
https://www.emploi.ma/offre-emploi-maroc/prospecteur-international-veo-hf-rabat-9287429,Prospecteur International - VEO - Espagnol (H/F) - Rabat,DARE TALENT DEVELOPMENT,"À propos de VEO VEO Worldwide Services est une entreprise internationale spécialisée dans le déstockage, avec plus de 19 ans d’expérience . Elle fait partie du groupe NOZ , leader européen du déstockage, réalisant un chiffre d’affaires annuel de plus de 1 milliard d’euros .Nous sommes une équipe de plus de 1 000 collaborateurs répartis dans 9 pays , travaillant avec des partenaires dans 35 marchés en Europe et en Afrique du Nord. Notre mission : Aider les entreprises à valoriser leurs surplus de stock, contribuer à une économie mondiale plus durable et offrir des carrières enrichissantes. Missions de Prospecteur Identifier des opportunités de déstockage : invendus, produits à courte durée de vie, anciennes collections, commandes annulées Collaborer avec les équipes achats et marketing pour préparer les stratégies de négociation et développer des approches commerciales efficaces Analyser et qualifier les données marché afin de proposer les meilleures solutions à nos partenaires Ce que nous offrons Opportunité de générer un revenu attractif ainsi que des primes basées sur la performance. Formation intensive de 4 mois + accompagnement (DARE Academy) Déplacements internationaux et participation à des salons professionnels Évolution de carrière rapide : Buyer, Manager, Trainer Environnement multiculturel avec des équipes internationales",Achats,"Import, export",Freelance,Rabat-Salé-Kénitra,Rabat,Non,"Etudiant, jeune diplômé - Débutant < 2 ans - Expérience entre 2 ans et 5 ans - Expérience entre 5 ans et 10 ans - Expérience > 10 ans",Bac - Bac+1 - Bac+2 - Bac+3 - Bac+4,"['Achats', 'Négociation', 'Vente']",2026-05-01
https://www.emploi.ma/offre-emploi-maroc/conseiller-clientele-casablanca-9358949,Conseiller Clientèle - Casablanca,CRIT,"Nous recrutons des Conseillers Clientèle pour le compte d’un acteur de référence dans le domaine du café premium Missions : Répondre aux demandes des clients (appels, ....) Offrir une expérience client haut de gamme avec des solutions personnalisées Conseiller les clients sur les produits et services Gérer les réclamations et assurer le suivi des dossiers Contribuer à la fidélisation et à la satisfaction client","Commercial, vente","Centres d´appel, hotline, call center",Intérim,Casablanca-Mohammedia,Casablanca,Non,"Etudiant, jeune diplômé - Débutant < 2 ans",Bac+2 - Bac+3,['Vente'],2026-05-05
https://www.emploi.ma/offre-emploi-maroc/customer-service-hf-anglophone-mohammedia-9301320,Customer Service H/F Anglophone - Mohammedia,TECTRA,"Tectra recrute pour son client sur Mohammedia un Customer Service H/F Anglophone . Vous aurez pour missions : Élaboration et traitement des bons de commande Gestion de stock Suivi des commandes d'achat -Préparation et envoi des offres commerciales Coordination avec les transitaires , douaniers et transporteurs Traitement des réclamations clients - Contrat : CDI + avantages sociaux - Rémunération : 7000 dh - 8000 dh net","Transport, logistique","Chimie, pétrochimie, matières premières, mines",CDI,Casablanca-Mohammedia,Mohammedia,Non,Expérience entre 2 ans et 5 ans,Bac+5 et plus,['Transport'],2026-04-10
https://www.emploi.ma/offre-emploi-maroc/gestionnaire-stock-meknes-9273661,Gestionnaire de Stock - Meknès,SOMACOS,"Nous recrutons : un Gestionnaire de Stock sur MEKNES pour Assurer la gestion, le suivi et l’optimisation des stocks afin de garantir la disponibilité des produits tout en évitant les ruptures et les surstocks. Activités et responsabilités Gestion des stocks Réceptionner et contrôler les marchandises Enregistrer les entrées et sorties de stock Assurer le rangement et l’organisation de l’espace de stockage Réaliser les inventaires réguliers (tournants et annuels) Vérifier la conformité des livraisons Suivi et contrôle Mettre à jour les bases de données et logiciels de gestion de stock Surveiller les niveaux de stock et alerter en cas de seuil critique Identifier les écarts d’inventaire et proposer des actions correctives Suivre les dates de péremption (si produits concernés) Logistique Préparer les commandes internes ou clients Coordonner avec les services achats, production ou ventes Organiser les flux de marchandises (entrées/sorties) Optimisation Améliorer les méthodes de stockage Réduire les pertes et la casse Participer à l’optimisation des coûts logistiques","Production, maintenance, qualité","Industrie, production, fabrication, autres",CDI - CDD,Agadir - Béni Mellal-Khénifra - Casablanca-Mohammedia - Dakhla - Errachidia - Fès - Guelmim - Laâyoune - Marrakech-Safi - Meknès - Oujda - Rabat-Salé-Kénitra - Settat - Tanger-Tétouan-Al Hoceïma - International,Meknès,Non,Expérience entre 2 ans et 5 ans - Expérience entre 5 ans et 10 ans,Bac+2 - Bac+3,"['Gestion des Stocks', 'Maintenance', 'Production', 'CACES', 'Qualité']",2026-03-20
https://www.emploi.ma/offre-emploi-maroc/technicien-mecanicien-mohammedia-9312820,Technicien Mécanicien - Mohammedia,BATIFER,"Nous sommes à la recherche d'un Technicien Mécanicien. Missions principales : Assurer l’installation et l’entretien des équipements, ainsi que la mise à jour ou la modification des installations existantes selon les besoins. Réaliser la maintenance préventive et corrective des installations mécaniques (hydrauliques et pneumatiques) : Effectuer les opérations de maintenance régulière afin de garantir le bon fonctionnement des équipements. Identifier et résoudre les dysfonctionnements mécaniques des installations. Assurer le diagnostic des pannes mécaniques (hydrauliques et pneumatiques) : Détecter rapidement les anomalies sur les équipements et installations. Proposer et mettre en œuvre des solutions adaptées (réparation ou remplacement des composants défectueux). Veiller au respect des normes de sécurité : Appliquer les consignes de sécurité, notamment lors des interventions en hauteur et sur les systèmes hydrauliques. S’assurer de la conformité des installations aux normes et réglementations en vigueur.",Métiers du BTP,"Industrie, production, fabrication, autres",CDI,Casablanca-Mohammedia,Mohammedia,,Expérience entre 2 ans et 5 ans - Expérience entre 5 ans et 10 ans - Expérience > 10 ans,Bac+2 - Bac+3 - Bac+4 - Bac+5 et plus,['BTP'],2026-04-15
https://www.emploi.ma/offre-emploi-maroc/patissier-viennoiserie-gateaux-dessert-casablanca-9287777,Pâtissier Viennoiserie et Gâteaux Dessert - Casablanca,TECTRA RECRUTEMENT MAROC,"L’Humain est au cœur de notre métier ! TECTRA est aujourd’hui leader du conseil en Ressources Humaines au Maroc. Avec plus de 1000 clients actifs multisectoriels et une force de réseaux de 27 agences partout dans le Royaume, Tectra vous accompagne dans votre recherche d’emploi. Pour l’un de ses clients, dans (la pâtisserie), TECTRA recherche un(e) Pâtissier , à Casablanca. Missions Principales : Maîtriser les techniques de cuisson et de température pour obtenir des résultats optimaux Préparer et réaliser différentes pâtisseries et desserts selon des recettes traditionnelles ou innovantes Décorer les pâtisseries avec des glaçages, des motifs et des garnitures attrayantes",Métiers des services,"Hôtellerie, restauration",Intérim,Casablanca-Mohammedia,Casablanca,,Expérience entre 2 ans et 5 ans,Qualification avant bac - Bac - Bac+1 - Bac+2,"['[email protected]', 'Tourisme', 'Pâtisserie', 'Conseil']",2026-04-02
https://www.emploi.ma/offre-emploi-maroc/agent-maintenance-bouznika-9329666,Agent de Maintenance - Bouznika,TECTRA,"Nous recherchons des Agents de Maintenance sur la région de Bouznika pour rejoindre notre équipe. Ce poste implique la réalisation d'opérations de maintenance préventive et corrective sur des équipements industriels, ainsi que le suivi des performances techniques pour assurer une production fluide et efficace. Le poste nécessite également une intervention rapide en cas de panne ou de dysfonctionnement, tout en respectant les normes de sécurité en vigueur.","Production, maintenance, qualité","Industrie, production, fabrication, autres",Intérim,Casablanca-Mohammedia,Bouznika,Non,Expérience entre 2 ans et 5 ans,Bac+2,"['Électromécanique', 'Maintenance Préventive', 'Maintenance', 'Électromécanique', 'Fluide', 'Production', 'Qualité']",2026-04-24
https://www.emploi.ma/offre-emploi-maroc/chargee-relation-client-whatsapp-casablanca-9326942,Chargé(e) Relation Client WhatsApp - Casablanca,LA FONDA,"Nous sommes àla recherche d'un(e) Chargé(e) Relation Client WhatsApp Missions : Assurer une gestion exemplaire de la relation client via WhatsApp, en offrant une expérience premium et en transformant chaque interaction en opportunité de vente. Répondre aux demandes clients avec rapidité et précision Comprendre et anticiper les attentes Conseiller avec pertinence Générer des commandes Représenter l’image haut de gamme de la marque Ce poste s’inscrit au cœur du développement commercial. Il combine : Relation client premium Vente digitale Représentation de marque Objectif principal : Transformer une conversation en expérience haut de gamme et en conversion","Commercial, vente",Agroalimentaire,Intérim,Casablanca-Mohammedia,Casablanca,,Expérience entre 2 ans et 5 ans - Expérience entre 5 ans et 10 ans - Expérience > 10 ans,Bac+2 - Bac+3 - Bac+4 - Bac+5 et plus,"['Développement Commercial', 'Vente']",2026-04-23
https://www.emploi.ma/offre-emploi-maroc/charge-ressources-humaines-casablanca-9280177,Chargé Ressources Humaines - Casablanca,GENERAL PRIVATE INTERIM,Nous sommes à la recherche d'un Chargé Ressources Humaines. Missions : Gestion de recrutement Gestion de formation. Tâches : Constitution de la banque des CVs ; Sélection des candidats ; Réalisation des entretiens ; Constitution du dossier des personnes admises ; Collabore étroitement avec assistante de la gestion administrative des RH ; Détermination des besoins en formation réglementaire ; Planification des formations Interlocuteur de OFPPT pour remboursent des frais de formations et des subventions SI. Assister le responsable ressources humaines aux projets RH,"RH, formation","Transports, logistique, services postaux",CDI,Casablanca-Mohammedia,Casablanca,,Débutant < 2 ans - Expérience entre 2 ans et 5 ans - Expérience entre 5 ans et 10 ans - Expérience > 10 ans,Bac+2 - Bac+3 - Bac+4 - Bac+5 et plus,"['EXCEL', 'Recrutement', 'Formation', 'Projets RH', 'Gestion Administrative']",2026-03-25
https://www.emploi.ma/offre-emploi-maroc/comptable-confirme-beni-mellal-9315683,Comptable Confirmé - Béni Mellal,GENERAL PRIVATE INTERIM,Nous recrutons pour le compte de notre client un(e) Comptable Confirmé(e) disposant d’une expérience minimum de 4 ans . Missions principales : Tenue de la comptabilité générale Saisie et contrôle des écritures comptables Gestion des déclarations fiscales et sociales Élaboration des états financiers Suivi des comptes clients et fournisseurs Participation aux clôtures mensuelles et annuelles,"Gestion, comptabilité, finance","BTP, construction",CDI - CDD - Intérim,Béni Mellal-Khénifra,Béni Mellal,,Expérience entre 5 ans et 10 ans - Expérience > 10 ans,Bac+3 - Bac+4 - Bac+5 et plus,"['États Financiers', 'Écritures Comptables', 'Finance', 'Comptabilité', 'Comptabilité Générale', 'Gestion']",2026-04-16
https://www.emploi.ma/offre-emploi-maroc/juriste-administrative-casablanca-9291396,Juriste Administrative - Casablanca,TECTRA,"Nous sommes à la recherche d'une Juriste Administrative. Missions : Assurer le suivi et la gestion des dossiers juridiques et administratifs. Rédiger, analyser et valider les documents juridiques (contrats, courriers, notes, etc.) Veiller à la conformité des procédures avec la réglementation en vigueur. Apporter un support juridique aux différents services.","Gestion, comptabilité, finance","BTP, construction",CDD,Casablanca-Mohammedia,Casablanca,,"Etudiant, jeune diplômé - Débutant < 2 ans",Bac+5 et plus,"['Finance', 'Comptabilité', 'Gestion']",2026-04-03
https://www.emploi.ma/offre-emploi-maroc/peintre-marrakech-9328639,Peintre - Marrakech,TECTRA MARRAKECH – HÔTELLERIE,"L’Humain est au cœur de notre métier ! TECTRA est aujourd’hui leader du conseil en Ressources Humaines au Maroc. Avec plus de 1000 clients actifs multisectoriels et une force de réseaux de 27 agences partout dans le Royaume, Tectra vous accompagne dans votre recherche d’emploi. Pour l’un de ses clients, dans le secteur hôtelier, TECTRA recherche un Peintre Expérimenté, à Marrakech. Missions Principales : Préparation des surfaces La protection des zones adjacentes Application de peinture, finition des travaux","Production, maintenance, qualité","Hôtellerie, restauration",Intérim,Marrakech-Safi,Marrakech,,Expérience entre 2 ans et 5 ans,Bac+2,"['Fabrication', 'Industrie', 'Production', 'Restauration', 'Tourisme', 'Hôtellerie', 'Qualité', 'Secteur Hôtelier', 'peinture batiment', 'Maintenance']",2026-04-24
https://www.emploi.ma/offre-emploi-maroc/electricien-qualifie-batiment-senior-rabat-9349614,Électricien Qualifié Bâtiment (Senior) - Rabat,JOB CONNECT,Nous recrutons pour notre client à Rabat un Électricien Qualifié Bâtiment (Senior). Missions principales : Réaliser les installations électriques sur chantier Assurer la maintenance et le dépannage Lire et interpréter les plans électriques Garantir la conformité aux normes en vigueur Tester et contrôler les installations,Métiers du BTP,"BTP, construction",CDI,Rabat-Salé-Kénitra,Rabat,,Expérience entre 5 ans et 10 ans - Expérience > 10 ans,Bac+3 - Bac+4 - Bac+5 et plus,[],2026-05-07
https://www.emploi.ma/offre-emploi-maroc/responsable-bureau-etudes-methodes-industrie-btp-rabat-9347949,Responsable Bureau D’Études et Méthodes – Industrie / BTP - Rabat,JOB CONNECT,"Nous recrutons, pour le compte de notre client basé à Mohammedia, un(e) Responsable Bureau d’Études & Méthodes , évoluant dans le secteur Industrie / Ingénierie / BTP (Bâtiment et Travaux Publics). Missions principales : Piloter et coordonner l’ensemble des activités du bureau d’études et méthodes. Définir les orientations techniques et assurer une veille technologique active. Encadrer, animer et développer les équipes techniques. Planifier, organiser et suivre l’avancement des projets. Optimiser les processus industriels (Lean management, amélioration continue). Réaliser des études de faisabilité et des chiffrages techniques. Apporter un support technique aux équipes commerciales. Suivre les indicateurs de performance et assurer un reporting régulier. Représenter l’entreprise lors d’événements professionnels. Superviser les études liées aux structures métalliques. Assurer le calcul de structures, notamment via Robot Structural Analysis.",Métiers du BTP,"BTP, construction",CDI,Rabat-Salé-Kénitra,Rabat,,Débutant < 2 ans - Expérience entre 2 ans et 5 ans - Expérience entre 5 ans et 10 ans,Bac+5 et plus,"['BTP', 'Bâtiment et Travaux Publics', 'Structural Analysis']",2026-05-06
https://www.emploi.ma/offre-emploi-maroc/responsable-magasinier-oujda-9281088,Responsable Magasinier - Oujda,TECTRA FÈS,Nous sommes à la recherche pour l'un de nos clients basé sur la région d'OUJDA le profil suivant : Responsable Magasinier. Ci-joint les missions et critères exacts du poste : Savoir Lire et écrire le français Maitrise de l’outil informatique Excel World et autres fichiers de suivi. Avoir une certaine connaissance sur les matériels diverses électriques et outillages de chantiers. Contrôler toutes les réceptions de matériels arrivant sur le site Avoir une certaine rigueur dans le sens de l’organisation. Manager une équipe de plusieurs magasiniers et planifier les tâches au quotidien. Coordonner et contrôler toutes les opérations de manutentions et de réceptions du matériel arrivant sur site. Établir les fiches d’écart sur les matériels manquants des bordereaux de réceptions. Réaliser les inventaires mensuel /suivi hebdomadaire Réaliser le suivi du stock carburant sur le site Établir des bons de sortie de matériels Optimiser le rangement sur la zone de stockage Veiller aux respects des normes de sécurité et hygiène sur le site. Appliquer les procédures de sécurités sur le stockage des matières dangereuses Formation CACES R482 ….Pas obligatoire si déjà un chauffeur permanent sur chantier,Achats,"Transports, logistique, services postaux",Intérim,Fès - Oujda,Oujda,Non,Expérience entre 2 ans et 5 ans - Expérience entre 5 ans et 10 ans - Expérience > 10 ans,Bac+3 - Bac+4 - Bac+5 et plus,"['Rangement', 'Achats', 'Vente', 'Stockage']",2026-03-27
https://www.emploi.ma/offre-emploi-maroc/aide-econome-marrakech-9324817,Aide Économe - Marrakech,TECTRA MARRAKECH – HÔTELLERIE,"L’Humain est au cœur de notre métier ! TECTRA est aujourd’hui leader du conseil en Ressources Humaines au Maroc. Avec plus de 1000 clients actifs multisectoriels et une force de réseaux de 27 agences partout dans le Royaume, Tectra vous accompagne dans votre recherche d’emploi. Pour l’un de ses clients, dans secteur hôtelier, TECTRA recherche un Aide Économe , à Marrakech. Missions : Réceptionner, contrôler et dispatcher les livraisons dans les services concernés Contrôler la quantité et la qualité des produits Inventorier régulièrement et gérer les stocks de marchandises Respecter rigoureusement les normes en vigueur pour le déconditionnement et le déstockage des produits périssables tels que les surgelés ou les produits frais ou les produits dangereux de nettoyage Assurer au quotidien la livraison aux différents points de vente dans les délais Fournir tous les éléments de contrôle administratif aux services comptables Tenir une comptabilité de ses commandes/Livraisons en mettant à jour les outils de contrôle mis en place par la société quotidiennement Respecter toutes les consignes d’hygiène et de sécurité en vigueur dans l’établissement Saisir et signaler chaque défaut de livraison.","Gestion, comptabilité, finance","Hôtellerie, restauration",Intérim,Marrakech-Safi,Marrakech,,Expérience entre 2 ans et 5 ans,Bac+2,"['Finance', 'Gestion', 'Restauration', 'Tourisme', 'Comptabilité', 'Gestion Hôtelière', 'Hôtellerie', 'Secteur Hôtelier', ""Gestion d'Entreprise"", 'Finance']",2026-04-22
https://www.emploi.ma/offre-emploi-maroc/assistante-marketing-designer-meknes-9301315,Assistante Marketing / Designer - Meknès,SOMACOS,"Nous sommes à la recherche d'une Assistante Marketing / Designer. Missions principales Élaborer et mettre en œuvre des stratégies marketing Gérer les campagnes de communication (digitales et/ou offline) Analyser les performances (KPI, ROI, rapports) Participer à la création de contenus (réseaux sociaux, emailing, désigne , supports commerciaux) Réaliser des études de marché et de veille concurrentielle","Production, maintenance, qualité","Industrie, production, fabrication, autres",CDI - CDD,Agadir - Béni Mellal-Khénifra - Casablanca-Mohammedia - Dakhla - Errachidia - Fès - Guelmim - Laâyoune - Marrakech-Safi - Meknès - Oujda - Rabat-Salé-Kénitra - Settat - Tanger-Tétouan-Al Hoceïma - International,Meknès,Non,Débutant < 2 ans - Expérience entre 2 ans et 5 ans - Expérience entre 5 ans et 10 ans - Expérience > 10 ans,Bac - Bac+1 - Bac+2 - Bac+3 - Bac+4 - Bac+5 et plus,"['dessingne', 'merketing', 'Maintenance', 'Qualité']",2026-04-10
https://www.emploi.ma/offre-emploi-maroc/kotlin-developer-mf-8251947,KOTLIN Developer (M/F),AFRICASHORE,"We are looking for KOTLIN Developer profiles / CVs to pass on to our clients for their future recruitment campaigns. Mission: Working directly with developers and product managers to conceptualize, build, test and release products. Carefully evaluate the technical trade-offs of every decision. Work on bug fixing and improving application performance. Deliver quality code in an efficient manner. Continuously discover, evaluate, and implement new technologies to maximize development efficiency. Optimizing performance for the apps and keep up to date on the latest industry trends in the mobile technologies. Collaborating with UI and UX Designers, as well as Software Testers, to ensure that each app is presentable and in perfect working order. Solid understanding of UI Design practices. Maintain and evolve existing API functionalities. Contribute to as infrastructures and automation tools. Collaborate with fellow engineers, agile coaches and product owners. You can work with infrastructure tools like Docker, Terraform and Concours.","Informatique, nouvelles technologies","Informatique, SSII, Internet",CDI - CDD - Freelance,Agadir - Béni Mellal-Khénifra - Casablanca-Mohammedia - Dakhla - Errachidia - Fès - Guelmim - Laâyoune - Marrakech-Safi - Meknès - Oujda - Rabat-Salé-Kénitra - Settat - Tanger-Tétouan-Al Hoceïma - International,/ Travail à Distance,,Expérience entre 5 ans et 10 ans,Bac+3,"['OPENSTACK', 'UDP', 'MAVEN', 'PAAS', 'DNS', 'AGILE', 'SDK', 'JAVA', 'CVS', 'MAC', 'APP', 'AZURE', 'JENKINS', 'GIT', 'DOCKER', 'LOAD BALANCING', 'API', 'TCP IP', 'ANDROID', 'MVVM', 'TDD', 'XML']",2026-04-13
https://www.emploi.ma/offre-emploi-maroc/comptable-fournisseur-casablanca-9358037,Comptable Fournisseur - Casablanca,DEKRA SERVICES,Nous sommes à la recherche d'un Comptable Fournisseur. Missions : Assurer le suivi et le contrôle des factures fournisseurs Apporter un support opérationnel à GBS dans le cadre du traitement et de la finalisation des factures Participer à la préparation et à la vérification de la documentation nécessaire au traitement des paiements Contribuer aux réunions de coordination avec les équipes logistiques et assurer le suivi des points bloquants liés aux paiements Assurer la coordination avec l’équipe Trésorerie pour le traitement des demandes de paiement Coordonner avec l’équipe Trésorerie et les établissements bancaires dans le cadre des demandes liées à l’Office des Changes,"Gestion, comptabilité, finance","Electricité, eau, gaz, nucléaire, énergie",CDI - CDD,Casablanca-Mohammedia,Casablanca,,Expérience entre 2 ans et 5 ans,Bac+5 et plus,"['Gestion', 'Finance', 'Trésorerie', 'Comptabilité']",2026-05-05
https://www.emploi.ma/offre-emploi-maroc/responsable-developpeur-full-stack-hf-rabat-9264388,Responsable Développeur Full Stack (H/F) - Rabat,YCN DEV MAROC,"Notre société, filiale d'une entreprise française spécialisée dans la Digital et la Data B2B depuis 25 ans, recrute un Responsable Développeur Full Stack afin de renforcer son équipe IT. Notre société offre à une clientèle de moyennes et grandes entreprises des prestations de services informatiques. La culture d’entreprise est orientée vers l’Engagement, le Travail d’équipe et le Respect avec la possibilité pour chacun de s’épanouir et de progresser. Missions : Direction Technique et Architecture Conception de l'architecture : Définir la structure globale de l'application (choix des frameworks, bases de données, micro services) pour garantir la scalabilité et la performance. Veille technologique : Identifier les nouveaux outils ou langages pertinents pour moderniser la stack technique de l'entreprise. Garant de la qualité : Mettre en place des normes de codage, superviser les revues de code (code reviews) et s'assurer du respect des bonnes pratiques de sécurité. Résolution de problèmes complexes : Intervenir en tant qu'expert sur les bugs critiques ou les défis techniques que l'équipe ne parvient pas à résoudre seule. Management et Mentorat : Encadrement de l'équipe : Guider et motiver les développeurs Full Stack juniors et seniors dans leur travail quotidien. Montée en compétences : Assurer le mentorat des membres de l'équipe pour les aider à progresser sur le Front-end, le Back-end ou le DevOps. Recrutement : Participer à l'évaluation technique des candidats pour renforcer l'équipe de développement. Gestion de Projet et Coordination : Planification technique : Estimer la charge de travail, découper les projets en tâches (Sprints) et suivre l'avancement des développements. Interface avec les parties prenantes : Traduire les besoins fonctionnels des clients ou du product owner en spécifications techniques réalisables. Méthodologie Agile : Garantir l'application des méthodes de travail (Scrum, Kanban) pour assurer des livraisons régulières et de qualité. Développement Opérationnel Développement critique : Même s'il délègue beaucoup, le responsable continue de coder sur les parties les plus sensibles ou structurantes de l'application. Automatisation (DevOps) : Superviser la mise en place des pipelines d'intégration et de déploiement continu (CI/CD) ainsi que la gestion des infrastructures cloud","Informatique, nouvelles technologies","Informatique, SSII, Internet",CDI,Rabat-Salé-Kénitra,Rabat,Non,Expérience entre 5 ans et 10 ans - Expérience > 10 ans,Bac+5 et plus,"['PYTHON', 'MYSQL', 'JAVA', 'REACT', 'SQL', 'MONGODB', 'FULL STACK', 'NOSQL', 'SCRUM', 'AGILE', 'HTML', 'JAVASCRIPT', 'CSS', 'NODE JS', 'GIT']",2026-05-06
https://www.emploi.ma/offre-emploi-maroc/gerant-station-service-khouribga-9247020,Gérant de Station-Service - Khouribga,,"Nous sommes à la recherche d'un Gérant de Station-Service. Rattaché(e) à la Direction Réseau Direct, vous êtes l'interlocuteur principal du client, Vos principales missions seront : Gestion et fiabilisation des stocks carburants et lubrifiants; Établissement des rapports journaliers et décadaires d’activités; Suivi et recouvrement des crédits clients; Être le garant de la qualité de service; Être le garant de la sécurité des équipes et des clients; Management et animation des équipes; Prospection des clients.","Commercial, vente","Distribution, vente, commerce de gros",CDI,Béni Mellal-Khénifra,Khouribga,,Débutant < 2 ans - Expérience entre 2 ans et 5 ans,Bac+3,"['Gestion', 'Stocks', 'Prospection', 'Recouvrement', 'Finance', 'Comptabilité']",2026-04-28
https://www.emploi.ma/offre-emploi-maroc/agent-lingerie-marrakech-9328638,Agent Lingerie - Marrakech,TECTRA MARRAKECH – HÔTELLERIE,"L’Humain est au cœur de notre métier ! TECTRA est aujourd’hui leader du conseil en Ressources Humaines au Maroc. Avec plus de 1000 clients actifs multisectoriels et une force de réseaux de 27 agences partout dans le Royaume, Tectra vous accompagne dans votre recherche d’emploi. Pour l’un de ses clients, dans le secteur hôtelier, TECTRA recherche des Agents Lingerie H/F sur Marrakech . Missions : Entretenir le linge de l'hôtel , du client et parfois les uniformes du personnel Enregistrer et comptabiliser le linge sale reçu, puis le transmettre à la buanderie pour le nettoyage Réceptionner le linge propre, le plier et le remettre à la personne concernée.",Métiers des services,"Hôtellerie, restauration",Intérim,Marrakech-Safi,Marrakech,,Expérience entre 2 ans et 5 ans,Bac+2,"['lingerie', 'Housekeeping', 'agent lingerie', 'triage', 'Restauration', 'Tourisme', 'Hôtellerie', 'Secteur Hôtelier', 'Sécurité', 'Nettoyage', 'Conseil', 'Formation']",2026-04-24
https://www.emploi.ma/offre-emploi-maroc/responsable-etudes-techniques-courants-forts-casablanca-9279787,Responsable Études Techniques Courants Forts - Casablanca,B2I,"Qui sommes-nous ? Acteur reconnu dans le domaine du génie électrique, nous intervenons sur des projets tertiaires d’envergure en France. Notre engagement : l’excellence technique au service de la qualité d’exécution. Nous intervenons principalement sur des projets sous processus BIM.Dans le cadre de notre développement, nous recherchons un Responsable Études Techniques en Études Exécution CFO/CFA/SSI pour renforcer notre pôle ingénierie. Votre mission Rattaché(e) au Responsable du Bureau d’Études, vous prenez en charge la gestion complète des études d’exécution sur des projets tertiaires complexes (bureaux, hôpitaux, équipements publics, etc.). À ce titre, vos principales responsabilités seront : Piloter et coordonner une équipe d’ingénieurs, projeteurs et dessinateurs, Être garant de la production et de la qualité technique des documents critiques : plans d’exécution, schémas, synoptiques, notes de calculs, DOE… Participer activement à la production, notamment sur les éléments stratégiques Assurer l’interface technique et l’organisation auprès du Chef de Projet de notre BET en France, Veiller au respect des délais, budgets et exigences contractuelles Participer à la montée en compétence de vos équipes, vous êtes un véritable « capitaine » pour les collaborateurs qui vous sont confiés.",Métiers du BTP,"BTP, construction",CDI,Casablanca-Mohammedia,Casablanca,Non,Expérience entre 5 ans et 10 ans - Expérience > 10 ans,Bac+5 et plus,"['courants forts', 'REVIT', 'CANECO BT', 'AUTOCAD', 'DIALUX', 'BIM', 'Génie Électrique', 'Électrotechnique']",2026-04-17
https://www.emploi.ma/offre-emploi-maroc/commercial-regional-fes-9293435,Commercial Régional - Fès,AFRICAWORK MAROC,"Nous recrutons pour le compte de l’un de nos clients, acteur majeur du secteur bancaire, des Commerciaux Régionaux basés sur la région Fès-Meknès. Missions principales : En tant que Commercial Régional, vous serez en charge de développer le portefeuille clients et de promouvoir les solutions de paiement électronique dans votre région. À ce titre, vos principales responsabilités seront : Prospection et acquisition de nouveaux clients : Identifier et démarcher de nouveaux prospects via des visites terrain, ainsi que le suivi des leads générés en ligne ou par call nécessitant un contact physique. Négociation et conclusion des contrats : Mener les négociations commerciales et finaliser les contrats, en coordination avec les équipes de gestion des risques pour validation. Développement et fidélisation du portefeuille clients : Assurer un suivi régulier des clients existants et entretenir des relations durables. Service après-vente : Accompagner les clients après la signature, répondre à leurs besoins et garantir leur satisfaction. Promotion du paiement électronique : Effectuer des visites régulières pour encourager l’adoption et l’utilisation des solutions de paiement électronique.","Commercial, vente","Banque, assurance, finances",CDI,Agadir - Béni Mellal-Khénifra - Casablanca-Mohammedia - Dakhla - Errachidia - Fès - Guelmim - Laâyoune - Marrakech-Safi - Meknès - Oujda - Rabat-Salé-Kénitra - Settat - Tanger-Tétouan-Al Hoceïma - International,Fès,Non,Expérience entre 2 ans et 5 ans,Bac+3 - Bac+4 - Bac+5 et plus,"['Vente', 'Négociation', 'Prospection']",2026-04-04
https://www.emploi.ma/offre-emploi-maroc/assistante-commerciale-casablanca-9269153,Assistante Commerciale - Casablanca,GROUPE MCE,"Dans le cadre du développement de nos activités, nous recrutons une Assistante Commerciale basée à Casablanca. Missions principales : Assurer le suivi administratif et commercial des dossiers clients Préparer les devis et assurer le suivi des commandes Maintenir une relation régulière avec les clients et répondre à leurs demandes Coordonner avec l’équipe commerciale pour garantir la satisfaction client Mettre à jour les bases de données clients et les reportings commerciaux","Commercial, vente","Intérim, recrutement",CDI,Casablanca-Mohammedia,Casablanca,,Expérience entre 2 ans et 5 ans - Expérience entre 5 ans et 10 ans - Expérience > 10 ans,Bac+3 - Bac+4 - Bac+5 et plus,"['Vente', 'Devis']",2026-03-17
https://www.emploi.ma/offre-emploi-maroc/aws-solutions-architect-mf-8251961,AWS Solutions Architect (M/F),AFRICASHORE,"We are looking for AWS Solutions Architect profiles / CVs to share with our clients for their future recruitment campaigns. Mission: Design a robust, secure and optimized AWS architecture to implement large scale enterprise data solutions and applications. Develop and deliver AWS Cloud solutions in areas such as AIML, advanced analytics, microservices, serverless, etc. Build highly scalable, Cloud-native applications on AWS platform using services like API Gateway, Lambda, SQS, DynamoDB and ECS. Implement and manage KuberNetes environments. Ensure configuration and compliance with configuration management tools. Administer and troubleshoot Linux based systems. Troubleshoot problems across a wide array of services and functional areas. Perform infrastructure cost analysis and optimization.","Informatique, nouvelles technologies","Informatique, SSII, Internet",CDI - CDD - Freelance,Agadir - Béni Mellal-Khénifra - Casablanca-Mohammedia - Dakhla - Errachidia - Fès - Guelmim - Laâyoune - Marrakech-Safi - Meknès - Oujda - Rabat-Salé-Kénitra - Settat - Tanger-Tétouan-Al Hoceïma - International,/ Travail En Remote,,Expérience entre 5 ans et 10 ans,Bac+3,"['SPARK', 'DNS', 'HTTP', 'HADOOP', 'CVS', 'RDS', 'CENTOS', 'BIG DATA', 'DOCKER', 'API', 'TALEND', 'DMS', 'LINUX']",2026-04-13
https://www.emploi.ma/offre-emploi-maroc/operateur-conditionnement-hf-bouskoura-9288876,Opérateur de Conditionnement (H/F) - Bouskoura,BEINTERIM,"Dans le cadre du renforcement de ses équipes, notre client, un laboratoire pharmaceutique 100 % marocain, spécialisé dans la fabrication et la commercialisation de médicaments, recrute des Opérateurs de Conditionnement .","Production, maintenance, qualité",Industrie pharmaceutique,CDD - Intérim,Casablanca-Mohammedia,Bouskoura,Non,Débutant < 2 ans - Expérience entre 2 ans et 5 ans - Expérience entre 5 ans et 10 ans - Expérience > 10 ans,Bac+2 - Bac+3 - Bac+4 - Bac+5 et plus,[],2026-04-03
https://www.emploi.ma/offre-emploi-maroc/planificateur-projet-httht-oujda-9310752,Planificateur Projet HT/THT - Oujda,ELITE INTERIM MAROC,"Nous sommes à la recherche d'un Planificateur Projet HT/THT. Vos missions : Élaborer et suivre les plannings de projet (MS Project / Primavera) Coordonner les activités entre bureau d’études, chantier et génie civil Identifier les risques de retard et proposer des actions correctives Produire des rapports d’avancement pour la direction et le client Assurer le respect des normes marocaines (ONEE/NM) et internationales (IEC)",Métiers du BTP,"BTP, construction",Intérim,Oujda,Oujda,Non,Expérience entre 2 ans et 5 ans - Expérience entre 5 ans et 10 ans - Expérience > 10 ans,Bac+3 - Bac+4 - Bac+5 et plus,"['Électrotechnique', 'Génie Électrique']",2026-04-23
https://www.emploi.ma/offre-emploi-maroc/gerant-station-service-ksar-el-kebir-9351492,Gérant de Station-Service - Ksar El-Kébir,,"Nous sommes à la recherche d'un Gérant de Station-Service à Ksar El Kébir. Rattaché(e) à la Direction Réseau Direct, vous êtes l'interlocuteur principal du client, Vos principales missions seront : Gestion et fiabilisation des stocks carburants et lubrifiants; Établissement des rapports journaliers et décadaires d’activités; Suivi et recouvrement des crédits clients; Être le garant de la qualité de service; Être le garant de la sécurité des équipes et des clients; Management et animation des équipes; Prospection des clients.","Commercial, vente","Distribution, vente, commerce de gros",CDI,Tanger-Tétouan-Al Hoceïma,Ksar El-Kébir,,Débutant < 2 ans - Expérience entre 2 ans et 5 ans,Bac+3,"['Gestion', 'Stocks', 'Prospection', 'Recouvrement', 'Finance', 'Comptabilité', 'Gestion']",2026-04-30
https://www.emploi.ma/offre-emploi-maroc/controleur-qualite-casablanca-9293792,Contrôleur Qualité - Casablanca,TECTRA CASA BOURGOGNE – RECRUTEMENT,"Nous recrutons pour le compte de notre client spécialisé dans le secteur agro alimentaire des Contrôleurs Qualité . Missions principales Contrôle rigoureux : Vérification des matières premières, suivi des paramètres critiques en production et contrôle final avant expédition. Sécurité et Hygiène : Veiller au respect strict des règles d'hygiène (tenue, nettoyage des installations, températures). Gestion des non-conformités : Identifier les anomalies, bloquer les produits non conformes et proposer des actions correctives. Documentation : Rédiger des rapports de contrôle et mettre à jour les procédures qualité.","Production, maintenance, qualité",Agroalimentaire,Intérim,Casablanca-Mohammedia,Casablanca,,Débutant < 2 ans - Expérience entre 2 ans et 5 ans - Expérience entre 5 ans et 10 ans - Expérience > 10 ans,Bac+3 - Bac+4 - Bac+5 et plus,"['Production', 'Chimie', 'Qualité', 'Maintenance', 'Hygiène']",2026-04-07
https://www.emploi.ma/offre-emploi-maroc/chef-rang-casablanca-9346078,Chef de Rang - Casablanca,CRIT,"Nous sommes à la recherche d'un Chef de Rang. Le Chef de Rang est responsable de la gestion d’un ensemble de tables (rang) au sein du restaurant de l’hôtel. Il assure l’accueil des clients, la prise de commande et le service des plats et boissons, tout en veillant au bon déroulement du service. Il coordonne avec la cuisine et participe à la mise en place de la salle afin de garantir une expérience client de qualité. - salaire:3500DH","Tourisme, hôtellerie, restauration","Intérim, recrutement",Intérim,Casablanca-Mohammedia,Casablanca,Non,Débutant < 2 ans,Bac - Bac+1 - Bac+2,"['Gestion Hôtelière', 'Tourisme', 'Hôtellerie', 'Restauration', 'Accueil', 'Gestion Hôtelière', 'Cuisine']",2026-05-05
https://www.emploi.ma/offre-emploi-maroc/comptable-confirmee-casablanca-9294588,Comptable Confirmé(e) - Casablanca,PLUS INTERIM,Nous recrutons pour le compte de notre client un(e) Comptable Confirmé(e) dans le cadre du renforcement de son équipe. Missions principales : Tenue de la comptabilité générale et analytique Saisie et contrôle des écritures comptables Établissement des déclarations fiscales et sociales Suivi de la trésorerie et rapprochements bancaires Préparation des situations comptables et des bilans Suivi des immobilisations et des fournisseurs Veille au respect des obligations légales et fiscales,"Gestion, comptabilité, finance","Conseil, audit, comptabilité",CDI,Casablanca-Mohammedia,Casablanca,,Expérience entre 2 ans et 5 ans - Expérience entre 5 ans et 10 ans - Expérience > 10 ans,Bac+3 - Bac+4 - Bac+5 et plus,"['Suivi de la Trésorerie', 'Écritures Comptables', 'Gestion', 'Comptabilité Générale', 'Comptabilité', 'Finance', 'Trésorerie', 'Suivi de la Trésorerie']",2026-04-07
https://www.emploi.ma/offre-emploi-maroc/agent-logistique-chtouka-ait-baha-9329125,Agent Logistique - Chtouka Ait Baha,QUALITY TOMATO MOROCCO,"Nous sommes à la recherche d'un Agent Logistique. Missions : Préparer et vérifier l’exactitude des documents d’exportation. Collaborer avec les agents de la station pour la gestion, la préparation et le suivi des palettes destinées à l’export. Saisir la liste de colisage sur le portail TANGER MED et les documents phytosanitaires sur la plateforme SIPS. Participer à la planification et au suivi des opérations logistiques. Évaluer et noter les transporteurs selon un système de scoring basé sur les KPI définis. Maîtriser les engins de manutention pour le chargement et le déchargement des palettes (transpalette, chariot élévateur). Organiser le stockage des produits en conformité avec les règles définies. Vérifier et récupérer les documents requis auprès des transporteurs. Veiller au respect des procédures internes, des normes qualité et de sécurité.","Gestion, comptabilité, finance","Agriculture, pêche, aquaculture",CDD,Agadir,Chtouka Ait Baha,Non,"Etudiant, jeune diplômé - Débutant < 2 ans - Expérience entre 2 ans et 5 ans - Expérience entre 5 ans et 10 ans - Expérience > 10 ans",Bac+3 - Bac+4 - Bac+5 et plus,"['Colisage', 'Opérations Logistiques', 'Déchargement', 'Export', 'Finance', 'Chargement', 'Gestion', 'Exportation', 'Stockage', 'Transport', 'Comptabilité']",2026-04-24
https://www.emploi.ma/offre-emploi-maroc/technicien-frigoriste-marrakech-9327705,Technicien Frigoriste - Marrakech,CRIT MARRAKECH,Nous recrutons pour le compte de notre client un Technicien Frigoriste basé à Marrakech. Missions principales : Installer et mettre en service les équipements frigorifiques et de climatisation Assurer la maintenance préventive et corrective des installations Diagnostiquer les pannes et effectuer les réparations nécessaires Veiller au respect des normes de sécurité et de qualité Intervenir en dépannage sur différents site,"Production, maintenance, qualité","Equip. électriques, électroniques, optiques, précision",Intérim,Marrakech-Safi,Marrakech,Non,Expérience entre 2 ans et 5 ans,Bac+2,"['Qualité', 'Production', 'Froid Industriel', 'Maintenance Préventive', 'Maintenance']",2026-04-23
https://www.emploi.ma/offre-emploi-maroc/laravel-developer-mf-8251948,LARAVEL Developer (M/F),AFRICASHORE,"We are looking for LARAVEL Developer profiles / CVs to pass on to our clients for their future recruitment campaigns. Mission: Develop, test, and maintain applications to specified designs & standards in Laravel. Develop & implement modern web services using service-oriented architecture, RESTful APIs, and SOAP. Write and execute unit tests. Implement front-end interfaces & experiences with modern HTML/CSS/jQuery. Test, troubleshoot, and optimize application components for maximum speed, security, stability and scalability. Developing and maintaining dynamic websites and web applications. Develop and deploy new features to facilitate related procedures and tools if necessary. Integration of data storage solutions {may include databases, key-value stores, blob stores, etc.}. Ensuring foolproof performance of the deliverable. Coordinating with co-developers and other related departments. Interacts and collaborate with technical colleagues.","Informatique, nouvelles technologies","Informatique, SSII, Internet",CDI - CDD - Freelance,Agadir - Béni Mellal-Khénifra - Casablanca-Mohammedia - Dakhla - Errachidia - Fès - Guelmim - Laâyoune - Marrakech-Safi - Meknès - Oujda - Rabat-Salé-Kénitra - Settat - Tanger-Tétouan-Al Hoceïma - International,/ Travail à Distance,,Expérience entre 5 ans et 10 ans,Bac+3,"['MYSQL', 'SOAP', 'LARAVEL', 'NOSQL', 'AJAX', 'MARIADB', 'CVS', 'GIT', 'JQUERY', 'QUERY', 'CSS', 'MVC', 'HTML', 'TFS', 'JAVASCRIPT', 'CODEIGNITER', 'SQL']",2026-04-13
https://www.emploi.ma/offre-emploi-maroc/consultant-sap-mmsdewmppqmcar-hf-8338273,Consultant SAP MM/SD/EWM/PP/QM/CAR (H/F),AFRICASHORE,"Nous recherchons un Consultant SAP MM/SD/EWM/PP/QM/CAR (H/F) pour notre client, une société multinationale dans le domaine des services informatiques. Mission : Accompagner et soutenir nos utilisateurs sur leurs activités et problématiques quotidiennes en étant force de proposition pour l’amélioration continue de la solution. Mener de bout en bout les enrichissements/projets validés au carnet de travail Logistique SAP Achats, Stocks voire Production Planning (conception, paramétrage, réalisation, tests, conduite du changement, formation, support post go-live…) avec un fort engagement de résultat et une forte interaction avec les correspondants métiers. Maintenir en état opérationnel le Système d’information du Client. Superviser et exécuter la résolution des tickets, la livraison des changements et la livraison des versions au sein de l'équipe d'assistance. Fournir une expertise technique fonctionnelle dans l'un ou plusieurs modules SAP : WM, MM, SD, EWM, PP, QM, CAR... Maintenir la connectivité et l'évolutivité. Assurer la continuité des activités métier en production. Assistance à la mise en production. Formation et support des utilisateurs. Assurer un reporting et un pilotage de vos activités avec la documentation nécessaire associée.","Informatique, nouvelles technologies","Informatique, SSII, Internet",CDI - Freelance,Agadir - Béni Mellal-Khénifra - Casablanca-Mohammedia - Dakhla - Errachidia - Fès - Guelmim - Laâyoune - Marrakech-Safi - Meknès - Oujda - Rabat-Salé-Kénitra - Settat - Tanger-Tétouan-Al Hoceïma - International,/ Travail En Remote,,Expérience entre 2 ans et 5 ans,Bac+3,['SAP'],2026-04-13
https://www.emploi.ma/offre-emploi-maroc/test-validation-engineer-mf-8251957,Test and Validation Engineer (M/F),AFRICASHORE,"We are looking for Test and Validation Engineer profiles / CVs to pass on to our clients for their future recruitment campaigns. Mission: Develop and apply design verification and validation protocols based on system requirements and approved procedures and standards (ISO, IEC and FDA). Identify tasks required to complete projects in accordance with Design Control procedures. Propose technical solutions and associated schedules to complete projects on time. Design and build test benches; follow up maintenance and calibration. Create, analyse and summarise documentation of verification and validation results for internal reviews and regulatory submissions. Supervise and perform inspection, assembly and verification/validation testing in accordance with product requirements. Assist in the development of design input requirements. Participate in the writing and review of standard operating procedures and work instructions. Interact and manage external suppliers, including validation and verification testing. Help define, develop and implement processes and technical solutions to support current product designs, optimise manufacturing, reliability and improve quality.","Informatique, nouvelles technologies","Informatique, SSII, Internet",CDI - CDD - Freelance,Agadir - Béni Mellal-Khénifra - Casablanca-Mohammedia - Dakhla - Errachidia - Fès - Guelmim - Laâyoune - Marrakech-Safi - Meknès - Oujda - Rabat-Salé-Kénitra - Settat - Tanger-Tétouan-Al Hoceïma - International,/ Travail à Distance,,Expérience entre 5 ans et 10 ans,Bac+3,"['CVS', 'RHEL', 'SUSE']",2026-04-13
https://www.emploi.ma/offre-emploi-maroc/ingenieur-btp-bureau-controle-casablanca-9339056,Ingénieur BTP Bureau de Contrôle - Casablanca,CRIT,"Nous recrutons pour l’un de nos clients un Ingénieur BTP Bureau de Contrôle. Missions : Contrôle technique des bâtiments et des ouvrages de génie civil Vérification des études de structure (béton armé, charpente métallique, etc.) Analyse des plans, notes de calcul et documents techniques Suivi et assistance technique des projets en phase conception et exécution Détection des non-conformités et proposition de solutions correctives Participation aux réunions techniques avec les intervenants du projet",Métiers du BTP,"BTP, construction",CDI,Casablanca-Mohammedia,Casablanca,Non,Expérience entre 5 ans et 10 ans,Bac+5 et plus,"['BTP', 'Charpente Métallique', 'Charpente']",2026-05-01
https://www.emploi.ma/offre-emploi-maroc/responsable-validation-ain-el-aouda-9215661,Responsable Validation - Ain El Aouda,AMANYS PHARMA,"Nous sommes sommes à la recherche d'un Responsable Validation. Missions : Validation : Développer, exécuter et maintenir les protocoles de validation IQ / OQ / PQ Valider les équipements (production, laboratoire), systèmes (HVAC, eau) et procédés (fabrication, nettoyage) Réaliser les analyses de risques et définir les stratégies de validation Travailler en collaboration avec les équipes Manufacturing, Engineering et QA Conformité & réglementation : Garantir la conformité aux exigences FDA, EMA, OMS Assurer une veille réglementaire (GAMP, ASTM…) Participer aux audits internes et inspections réglementaires Documentation : Rédiger et maintenir la documentation de validation (protocoles, rapports) Assurer le suivi et l’archivage des dossiers de validation Collaboration & amélioration continue : Former les équipes aux procédures de validation Contribuer aux projets d’amélioration continue",Métiers de la santé et du social,Industrie pharmaceutique,CDI,Rabat-Salé-Kénitra,Ain Aouda,Non,Expérience entre 5 ans et 10 ans,Bac+5 et plus,"['Assurance Qualité', 'Maintenance', 'Manufacturing', 'Amélioration Continue', 'Laboratoire', 'ASTM', 'Fabrication', 'Chimie', 'HVAC', 'Production', 'Qualité', 'Procédés', 'Santé']",2026-04-08
https://www.emploi.ma/offre-emploi-maroc/acheteur-industriel-casablanca-9329781,Acheteur Industriel - Casablanca,SDK WOOD,"Dans le cadre du renforcement de nos équipes, nous recrutons un Acheteur Industriel chargé de piloter les achats techniques et d’assurer la continuité des opérations. Vos missions principales : Gérer les achats liés à l’exploitation : pièces de rechange (PDR), consommables, équipements et fournitures techniques Assurer les achats liés à la maintenance : pneus, réparations des camions, prestations techniques… Identifier, sélectionner et négocier avec les fournisseurs Suivre les commandes et garantir le respect des délais et des coûts Optimiser les dépenses et proposer des axes d’amélioration Assurer une bonne coordination avec les équipes logistiques et techniques Mettre en place un suivi des fournisseurs (qualité, délai, coût)",Achats,"Distribution, vente, commerce de gros",CDI,Casablanca-Mohammedia,Casablanca,Non,Expérience entre 2 ans et 5 ans,Bac+2 - Bac+3,"['Négociation', 'Achats', 'Suivi des Fournisseurs']",2026-05-02
https://www.emploi.ma/offre-emploi-maroc/technicien-son-lumiere-senior-live-festivals-spectacle-vivant-agadir-9322573,Technicien Son et Lumière Senior (Live / Festivals / Spectacle Vivant) - Agadir,BEINTERIM,"Structure événementielle basée à Agadir, spécialisée dans les spectacles live, festivals, dîners shows, événements corporate et productions scéniques à forte exigence technique.Nous opérons sur des scènes de grande envergure avec du matériel professionnel. Nous sommes à la recherche d'un Technicien Son et Lumière Senior (Live / Festivals / Spectacle Vivant). Missions principales Installation complète des systèmes de sonorisation professionnelle (line array, consoles numériques, retours, HF…) Réglage audio : balance, EQ, gestion des fréquences, soundcheck artistes Installation du parc éclairage (PAR LED, Beam, Wash, Lyres, Blinders…) Programmation lumière (DMX, création de scènes, effets dynamiques) Maintenance, diagnostic et gestion logistique du matériel","Marketing, communication","Évènementiel, hôte(sse), accueil",CDD,Agadir,Agadir,,Expérience entre 2 ans et 5 ans - Expérience entre 5 ans et 10 ans - Expérience > 10 ans,Bac+3 - Bac+4 - Bac+5 et plus,"['FESTIVALS', '3D 2D', 'SPECTACLE VIVANT', 'LIVE', 'Régisseur Son & Lumière', 'Technicien Audiovisuel Live', 'Lighting Operator']",2026-04-13
https://www.emploi.ma/offre-emploi-maroc/magasinier-mohammedia-chellalate-9358232,Magasinier - Mohammedia-chellalate,TECTRA,Nous recherchons pour le compte de l'un de nos client un Magasinier sur Mohammedia.,"Transport, logistique","Industrie, production, fabrication, autres",Intérim,Casablanca-Mohammedia,Mohammedia-chellalate,Non,Débutant < 2 ans - Expérience entre 2 ans et 5 ans,Bac+2,"['Magasinier', 'Transport', 'Gestion Logistique']",2026-05-05
https://www.emploi.ma/offre-emploi-maroc/technicien-maintenance-industrielle-meknes-9301298,Technicien de Maintenance Industrielle - Meknès,SOMACOS,"On est à la recherche des Techniciens de Maintenance Industrielle à Meknès, expérimenté en maintenance industriel et multi techniques. Les missions ; Effectuer l’entretien courant du parc machine et des infrastructures. réaliser les travaux de maintenance préventive en fonction du planning établi. effectuer les réglages machines (demande production ou qualité). intervenir immédiatement sur tout dysfonctionnement machine (dépannage). veiller à la bonne marche des équipements, détecter les anomalies afin de limiter les temps d’arrêt de production et prévenir de tout risque de casse, de panne ou d’accident. valider le fonctionnement de la machine et assurer la propreté du poste après chaque intervention. participer aux opérations de montage des installations neuves. remplir les demandes d’achats nécessaires pour le remplacement de pièces défectueuses. remplir les documents de maintenance (fiche intervention, surveillance machine, fiche préventif, gestion de stock, relevés, etc.).","Production, maintenance, qualité","Industrie, production, fabrication, autres",CDI - CDD,Agadir - Béni Mellal-Khénifra - Casablanca-Mohammedia - Dakhla - Errachidia - Fès - Guelmim - Laâyoune - Marrakech-Safi - Meknès - Oujda - Rabat-Salé-Kénitra - Settat - Tanger-Tétouan-Al Hoceïma - International,Meknès,Non,Expérience entre 2 ans et 5 ans - Expérience entre 5 ans et 10 ans - Expérience > 10 ans,Bac+2 - Bac+3,"['Gestion de la Maintenance', 'Analyse Industrielle', 'Maintenance Préventive', 'Maintenance Industrielle', 'Maintenance', 'Montage', 'Production', 'Parc Machine', 'Gestion de la Maintenance', 'Qualité', 'Machines']",2026-04-10
https://www.emploi.ma/offre-emploi-maroc/estheticienne-professionnelle-nouakchotte-mauritanie-9203978,"Esthéticienne Professionnelle - Nouakchotte, Mauritanie",FASQ HOTEL,Nous sommes à la recherche d'une Esthéticienne Professionnelle. Missions : Accueil et conseil client L’entretien du visage : Nettoyage et traitement Traitement corps par typologie & pathologie Les différents types de Massages Épilation corps et visage Manucure et pédicure,"Tourisme, hôtellerie, restauration","Hôtellerie, restauration",CDD,Agadir - Béni Mellal-Khénifra - Casablanca-Mohammedia - Dakhla - Errachidia - Fès - Guelmim - Laâyoune - Marrakech-Safi - Meknès - Oujda - Rabat-Salé-Kénitra - Settat - Tanger-Tétouan-Al Hoceïma - International,"Nouakchotte, Mauritanie",Non,"Etudiant, jeune diplômé - Débutant < 2 ans - Expérience entre 2 ans et 5 ans - Expérience entre 5 ans et 10 ans - Expérience > 10 ans",Qualification avant bac - Bac - Bac+1 - Bac+2 - Bac+3 - Bac+4 - Bac+5 et plus,['Accueil'],2026-05-01
https://www.emploi.ma/offre-emploi-maroc/administrateur-systeme-reseau-mohammedia-9359940,Administrateur Système et Réseau - Mohammedia,BRIQUETERIE JBEL ANNOUR,"Nous recrutons un(e) Administrateur(trice) Systèmes et Réseaux pour assurer la gestion, la sécurisation et la performance de l’infrastructure informatique de notre briqueterie. Vous jouerez un rôle clé dans le maintien de la disponibilité des systèmes, le bon fonctionnement du réseau et l’accompagnement des utilisateurs au quotidien. Missions principales : Administration des systèmes Installer, configurer et maintenir les serveurs (Windows/Linux) et les systèmes d’exploitation. Gérer les comptes utilisateurs, les droits d’accès et les politiques de sécurité. Assurer la supervision des systèmes et garantir leur disponibilité. Gestion des réseaux Administrer et maintenir les équipements réseau (switchs, routeurs, pare-feu). Assurer la connectivité réseau interne et externe (LAN/WAN, VPN). Diagnostiquer et résoudre les incidents réseau dans les meilleurs délais. Sécurité informatique • Mettre en œuvre les politiques de sécurité (antivirus, pare-feu, sauvegardes).• Gérer les sauvegardes et plans de reprise d’activité (PRA).• Surveiller les vulnérabilités et prévenir les risques de cyberattaques. Support et assistance utilisateurs Assurer le support technique de niveau 1 et 2 aux utilisateurs. Installer et maintenir les postes de travail, logiciels et équipements informatiques. Former et sensibiliser les collaborateurs aux bonnes pratiques informatiques. Maintenance et amélioration continue Assurer la maintenance préventive et corrective des systèmes et équipements. Participer aux projets d’évolution de l’infrastructure IT (virtualisation, cloud, digitalisation). Documenter les procédures et assurer une veille technologique.",Métiers du BTP,"BTP, construction",CDI,Casablanca-Mohammedia,Mohammedia,Non,Expérience entre 2 ans et 5 ans - Expérience entre 5 ans et 10 ans - Expérience > 10 ans,Bac+4 - Bac+5 et plus,['Infrastructure'],2026-05-06
https://www.emploi.ma/offre-emploi-maroc/comptable-anglophone-casablanca-9347111,Comptable Anglophone - Casablanca,TECTRA,"Nous recherchons pour le compte de l'un de nos clients, un Comptable Anglophone sur Casablanca .","Gestion, comptabilité, finance","Industrie, production, fabrication, autres",CDI - Intérim,Casablanca-Mohammedia,Casablanca,Non,Expérience entre 2 ans et 5 ans,Bac+3,"['Comptabilité', 'Comptabilité', 'Finance', 'Gestion']",2026-05-06
https://www.emploi.ma/offre-emploi-maroc/comptable-junior-casablanca-9359978,Comptable Junior - Casablanca,TECTRA,Nous recherchons pour le compte de l'un de nos client un(e) Comptable Junior sur Casablanca - Sidi Maarouf.,"Gestion, comptabilité, finance","Industrie, production, fabrication, autres",Intérim,Casablanca-Mohammedia,Casablanca,Non,Expérience entre 2 ans et 5 ans,Bac+2 - Bac+3 - Bac+4 - Bac+5 et plus,"['Comptabilité Fournisseurs', 'Finance', 'Comptabilité', 'Gestion', 'Comptabilité Fournisseurs']",2026-05-06
https://www.emploi.ma/offre-emploi-maroc/assistante-administrative-commerciale-casablanca-9336823,Assistante Administrative et Commerciale - Casablanca,CALLIOPE,"Nous sommes à la recherche des Assistantes Administratives et Commerciales. Missions : Assurer le lien entre le Conseiller Pédagogique et les établissements scolaires (écoles, collèges, lycées). Contacter les établissements pour organiser les rendez-vous, ateliers et présentations pédagogiques. Préparer les supports, documents et échantillons nécessaires aux interventions du Conseiller Pédagogique. Recueillir les besoins des écoles et transmettre les informations pour un suivi précis et efficace. Assurer le suivi administratif : coordination des agendas, préparation de comptes-rendus, mise à jour des bases de données. Gérer les relances et maintenir une communication fluide avec les établissements partenaires. Participer à l’organisation d’événements pédagogiques (ateliers, formations, animations). Contribuer à la qualité du service client et à la fidélisation des écoles.","Commercial, vente","Distribution, vente, commerce de gros",CDI,Casablanca-Mohammedia,Casablanca,Non,Expérience entre 2 ans et 5 ans - Expérience entre 5 ans et 10 ans - Expérience > 10 ans,Bac+3 - Bac+4 - Bac+5 et plus,"['Suivi Administratif', 'WORD', 'Assistanat', 'POWERPOINT', 'Administration', 'Secrétariat']",2026-04-29
https://www.emploi.ma/offre-emploi-maroc/superviseur-ressources-humaines-terrain-casablanca-9362165,Superviseur Ressources Humaines Terrain - Casablanca,PLUS INTERIM,"Dans le cadre du développement de nos activités, nous recherchons un(e) Superviseur Ressources Humaines Terrain chargé(e) d’assurer le suivi administratif et opérationnel auprès de nos clients. Missions : Assurer la collecte et la remise des documents entre le siège et les clients Garantir le suivi administratif en coordination avec les Chargées de Compte RH Veiller au bon traitement et à la transmission des dossiers terrain Contrôler la conformité des pièces et documents récupérés Effectuer des visites régulières chez les clients Gérer les demandes urgentes dans le respect des délais impartis","RH, formation","Intérim, recrutement",CDI,Casablanca-Mohammedia,Casablanca,,Expérience entre 2 ans et 5 ans - Expérience entre 5 ans et 10 ans - Expérience > 10 ans,Bac+2 - Bac+3 - Bac+4 - Bac+5 et plus,"['Formation', 'Suivi Administratif']",2026-05-07
https://www.emploi.ma/offre-emploi-maroc/responsable-planning-casablanca-9298936,Responsable Planning - Casablanca,COLORADO,"Nous recrutons un Responsable Planning à rattaché à la DGA pôle Industriel & Technique , vous aurez comme principales missions : Assurer une planification de la production dans le respect des délais et des objectifs des stocks définis Calculer et analyser les indicateurs de performance Revoir et mettre à jour les stocks optimaux des produits finis en collaboration avec le cadre planning Suivre la disponibilité des matières premières/emballages en rupture en coordination avec le cadre approvisionnement.","Production, maintenance, qualité","Industrie, production, fabrication, autres",CDI,Casablanca-Mohammedia,Casablanca,Non,Expérience entre 2 ans et 5 ans - Expérience entre 5 ans et 10 ans - Expérience > 10 ans,Bac+5 et plus,"['Planification de la Production', 'Qualité', 'Production', 'Maintenance', 'Génie Industriel', 'Planification de la Production']",2026-04-08
https://www.emploi.ma/offre-emploi-maroc/magasinier-mohammedia-9357022,Magasinier - Mohammedia,TECTRA,Tectra recrute un Magasinier expérimenté pour son client sur Mohammedia . Rémunération : 3800 dh net Contrat : d'intérim+avantages sociaux,"Production, maintenance, qualité","Industrie, production, fabrication, autres",Intérim,Casablanca-Mohammedia,Mohammedia,Non,Expérience entre 2 ans et 5 ans,Bac+2,"['Qualité', 'Maintenance']",2026-05-04
https://www.emploi.ma/offre-emploi-maroc/caissier-experimente-casablanca-9350743,Caissier Expérimenté - Casablanca,CRIT,"Nous sommes à la recherche d'un Caissier Expérimenté. Missions principales : Gestion de la caisse interne Encaissement et traitement des règlements (espèces, chèques, cartes) Suivi des remises en banque et arrêtés de caisse Contrôle des pièces et validation des factures Gestion des flux liés à : 2 marques Service après-vente (SAV) Activité véhicules d’occasion Suivi des réclamations et opérations de caisse","Gestion, comptabilité, finance","Intérim, recrutement",CDI,Casablanca-Mohammedia,Casablanca,Non,Expérience entre 2 ans et 5 ans - Expérience entre 5 ans et 10 ans,Bac+3,"['Encaissement', 'Service Après-Vente', 'Gestion des Décaissements', 'Gestion', 'Comptabilité Générale', 'Finance', 'Comptabilité', 'Banque']",2026-04-30
https://www.emploi.ma/offre-emploi-maroc/chef-atelier-injection-plastique-meknes-9219482,Chef D’Atelier Injection Plastique - Meknès,SOMACOS,"Nous recrutons SUR MEKNÈS - Chef d’Atelier Injection Plastique. Missions principales Pilotage de la production injection Maîtrise du process injection Qualité & performance Management des équipes Sécurité, hygiène et organisation Maintenance et équipements Responsabilités Performance globale de l’atelier injection Qualité et conformité des pièces produites Sécurité des personnes et des équipements Disponibilité des machines Niveau de compétence des équipes injection","Production, maintenance, qualité","Industrie, production, fabrication, autres",CDI,Agadir - Béni Mellal-Khénifra - Casablanca-Mohammedia - Dakhla - Errachidia - Fès - Guelmim - Laâyoune - Marrakech-Safi - Meknès - Oujda - Rabat-Salé-Kénitra - Settat - Tanger-Tétouan-Al Hoceïma - International,Meknès,Non,Expérience entre 5 ans et 10 ans - Expérience > 10 ans,Bac+3 - Bac+4 - Bac+5 et plus,"[""Gestion d'Équipe"", 'Injection Plastique', 'Réglage Industriel', 'Maintenance', 'Qualité', 'Paramétrage', 'Plasturgie', 'Process', 'Hygiène', 'Procédés', 'Production', 'Injection', 'Machines']",2026-04-09
https://www.emploi.ma/offre-emploi-maroc/coiffeurse-estheticienne-polyvalente-souissi-route-zaer-9304864,Coiffeur(se) – Esthéticien(ne) Polyvalent(e) - Souissi – Route Zaër,JOB CONNECT,"Dans le cadre du développement de son activité, notre client recherche un(e) Coiffeur(se) – Esthéticien(ne) polyvalent(e) capable d’assurer : Missions Principales Coiffure : Coupe (femme / homme) Brushing & coiffage Coloration, mèches, balayage Soins capillaires Esthétique : Soins du visage et du corps Épilation Manucure / pédicure (optionnel mais apprécié) Conseil client & vente de produits","Commercial, vente","Luxe, cosmétiques",CDI - CDD - Intérim,Rabat-Salé-Kénitra,Souissi – Route Zaër,Non,Débutant < 2 ans - Expérience entre 2 ans et 5 ans,Bac+1 - Bac+2 - Bac+3,['Vente'],2026-04-11
https://www.emploi.ma/offre-emploi-maroc/expert-back-office-vehicules-occasion-casablanca-9320392,Expert Back-Office Véhicules d’Occasion - Casablanca,CRIT,Nous sommes à la recherche d'un Expert Back-office Véhicules d’Occasion. Missions : Assurer le traitement administratif des dossiers véhicules d’occasion Gérer le suivi des opérations back-office liées au VO Contrôler la conformité des dossiers et des documents Assurer la coordination avec les équipes commerciales et techniques Suivre les entrées et sorties de stock des véhicules Participer à l’optimisation des processus administratifs,"Commercial, vente","Automobile, matériels de transport, réparation",CDI,Casablanca-Mohammedia,Casablanca,Non,Débutant < 2 ans - Expérience entre 2 ans et 5 ans - Expérience entre 5 ans et 10 ans - Expérience > 10 ans,Bac+2 - Bac+3 - Bac+4 - Bac+5 et plus,"['Suivi Administratif', 'Gestion Administrative', 'Vente']",2026-04-22
https://www.emploi.ma/offre-emploi-maroc/directeur-achats-importations-dubai-9319475,Directeur des Achats et Importations - Dubai,TANDYL,"We are looking for a Procurement and Import Manager. The Procurement and Import Manager is responsible for leading and overseeing the Company’s procurement and import activities across its operations, with primary responsibility from the UAE and support for business needs in African markets. The role combines strategic sourcing, supplier management, import coordination, cost optimization, and compliance oversight to ensure timely, cost-effective, and compliant procurement of goods and services.",Achats,"BTP, construction",CDI - CDD,International,Dubai,,Expérience entre 5 ans et 10 ans - Expérience > 10 ans,Bac+2 - Bac+3 - Bac+4 - Bac+5 et plus,"['Sourcing', 'Supply Chain', 'Procurement', 'Import', 'Supply', 'Achats', 'Supply Chain Management']",2026-05-01
https://www.emploi.ma/offre-emploi-maroc/technicien-maintenance-meknes-9273651,Technicien de Maintenance - Meknès,SOMACOS,"Nous sommes à la recherche des Techniciens de Maintenance à Meknès, expérimenté en maintenance industriel et multi techniques les missions : Effectuer l’entretien courant du parc machine et des infrastructures. réaliser les travaux de maintenance préventive en fonction du planning établi. effectuer les réglages machines (demande production ou qualité). intervenir immédiatement sur tout dysfonctionnement machine (dépannage). veiller à la bonne marche des équipements, détecter les anomalies afin de limiter les temps d’arrêt de production et prévenir de tout risque de casse, de panne ou d’accident. valider le fonctionnement de la machine et assurer la propreté du poste après chaque intervention. participer aux opérations de montage des installations neuves. remplir les demandes d’achats nécessaires pour le remplacement de pièces défectueuses. remplir les documents de maintenance (fiche intervention, surveillance machine, fiche préventif, gestion de stock, relevés, etc.).","Production, maintenance, qualité","Industrie, production, fabrication, autres",CDI - CDD,Agadir - Béni Mellal-Khénifra - Casablanca-Mohammedia - Dakhla - Errachidia - Fès - Guelmim - Laâyoune - Marrakech-Safi - Meknès - Oujda - Rabat-Salé-Kénitra - Settat - Tanger-Tétouan-Al Hoceïma - International,Meknès,Non,Expérience entre 2 ans et 5 ans - Expérience entre 5 ans et 10 ans - Expérience > 10 ans,Bac+2 - Bac+3,"['maintennace', 'Analyse Industrielle', 'Maintenance Préventive', 'Maintenance', 'Production', 'Montage', 'Maintenance Industrielle', 'Parc Machine', 'Machines', 'Qualité']",2026-03-20
https://www.emploi.ma/offre-emploi-maroc/secretaire-direction-casablanca-9349736,Secrétaire de Direction - Casablanca,GENERAL PRIVATE INTERIM,"Dans le cadre du renforcement de notre équipe, nous recherchons un(e) Secrétaire de Direction hautement qualifié(e) pour assister la Direction Générale dans la gestion quotidienne et stratégique de ses activités. Missions principales : Gestion de l’agenda et organisation des réunions de la Direction Rédaction de comptes rendus, courriers et documents administratifs Suivi des dossiers stratégiques et coordination interne Accueil des interlocuteurs et gestion des communications Assistance directe à la Direction dans ses tâches quotidiennes",Métiers du BTP,"BTP, construction",CDI - CDD - Intérim,Casablanca-Mohammedia,Casablanca,,Expérience entre 2 ans et 5 ans - Expérience entre 5 ans et 10 ans - Expérience > 10 ans,Bac+3 - Bac+4 - Bac+5 et plus,"['Suivi des Dossiers', 'POWERPOINT', 'Administration', 'Dossiers', 'Assistanat', 'Assistance', 'WORD', 'Documents Administratifs', 'Formation', 'Rédaction', 'Secrétariat']",2026-05-07
https://www.emploi.ma/offre-emploi-maroc/responsable-smq-birjdid-9345309,Responsable SMQ - Birjdid,TECTRA CASA BOURGOGNE – RECRUTEMENT,"Pour l'un de ces clients spécialisé dans le secteur Métallurgique, TECTRA recrute son Responsable SMQ. Principales Missions : Tâches liées à la création et à la gestion du système documentaire mettre en place et maintenir un Système de Management de la Qualité (SMQ) conforme aux exigences normatives (ISO 9001, éventuellement ISO 14001, ISO 45001). 1. Cartographie des processus : identification des processus Rédaction et mise à jour : Manuel Qualité (politique qualité, objectifs, organisation). Procédures : gestion des documents, traitement des non-conformités, maîtrise des équipements de mesure, gestion des audits. Instructions de travail spécifiques : Préparation du fil avant galvanisation. Contrôle du bain de zinc (température, composition). Mesure d’épaisseur zinc et tests d’adhérence, état de surface, tests mécaniques Enregistrements qualité : fiches de contrôle, rapports d’audit, fiches de non-conformité. Mise en place d’indicateurs qualité (taux de rebut, conformité dimensionnelle, réclamations clients .. ). Veille réglementaire et normative (normes EN 10244, ASTM A641, REACH, RoHS). Assurer la conformité du fil galvanisé selon les normes NM ISO 9001, EN 10244-2, ISO 1461. Encadrer et former l’équipe qualité et les opérateurs. Assurer la relation technique et qualité avec les clients. 2. Responsabilités sur le terrain (opérations qualité) Objectif : garantir la conformité des produits aux exigences clients et normatives tout au long du process. Contrôle qualité à la réception : Contrôle en cours de production : contrôle qualité du produit fini : 3. Autres tâches liées au poste Gestion des non-conformités : Audits internes et externes : Formation et sensibilisation : Amélioration continue :","Management, direction générale","Industrie, production, fabrication, autres",CDI,Casablanca-Mohammedia,Birjdid,,Expérience entre 2 ans et 5 ans - Expérience entre 5 ans et 10 ans - Expérience > 10 ans,Bac+5 et plus,"['Mettre en place et maintenir le système SMQ', 'Management', 'Amélioration Continue', 'Gestion']",2026-05-05
https://www.emploi.ma/offre-emploi-maroc/responsable-bureau-etudes-methodes-industrie-btp-rabat-9288913,Responsable Bureau d’Études et Méthodes – Industrie / BTP - Rabat,JOB CONNECT,"Nous recrutons pour le compte de notre client basé à Mohammedia, Un(e) Responsable Bureau d’Études dans le secteur Industrie / Ingénierie / BTP (Bâtiment et Travaux Publics) Missions principales : Piloter et coordonner les activités du bureau d’études et méthodes. Optimiser les processus industriels (Lean management, amélioration continue) Définir les orientations techniques et assurer la veille technologique. Encadrer les équipes, planifier et suivre les projets techniques. Optimiser les processus industriels (Lean, amélioration continue). Apporter un support technique aux équipes commerciales. Réaliser des études de faisabilité et des chiffrages techniques. Suivre les indicateurs de performance et assurer le reporting. Représenter l’entreprise lors d’événements professionnels.",Métiers du BTP,"Industrie, production, fabrication, autres",CDI,Rabat-Salé-Kénitra,Rabat,,Expérience entre 5 ans et 10 ans - Expérience > 10 ans,Bac+5 et plus,"['Construction', 'Bâtiment et Travaux Publics', 'BTP']",2026-04-07
https://www.emploi.ma/offre-emploi-maroc/chargee-portefeuille-hf-campagne-nationale-recrutement-maroc-9287420,Chargé(e) de Portefeuille (H/F) – Campagne Nationale de Recrutement - Maroc,FONDATION ARRAWAJ,"Nous sommes à la recherche d'un(e) Chargé(e) de Portefeuille (H/F) – Campagne Nationale de Recrutement. Rattaché(e) au Responsable d’Agence, vous jouerez un rôle clé dans le développement de l’activité commerciale et la gestion de la relation client. À ce titre, vous serez amené(e) à : Prospecter et développer de nouvelles opportunités commerciales dans votre zone d’intervention ; Constituer, gérer et fidéliser un portefeuille clients ; Identifier les besoins des clients et leur proposer les solutions de financement adaptée ; Promouvoir activement les produits et services de la Fondation ; Assurer le suivi des dossiers clients et veiller à la qualité du portefeuille ; Réaliser les opérations de recouvrement et contribuer à la maîtrise des risques ; Participer activement au développement et au rayonnement de l’agence.","Commercial, vente","Banque, assurance, finances",CDI,Agadir - Béni Mellal-Khénifra - Casablanca-Mohammedia - Dakhla - Errachidia - Fès - Guelmim - Laâyoune - Marrakech-Safi - Meknès - Oujda - Rabat-Salé-Kénitra - Settat - Tanger-Tétouan-Al Hoceïma - International,Maroc,,Débutant < 2 ans - Expérience entre 2 ans et 5 ans - Expérience entre 5 ans et 10 ans - Expérience > 10 ans,Bac+3 - Bac+4 - Bac+5 et plus,"['Financement', 'Recouvrement', 'Gestion', 'Comptabilité', 'Vente']",2026-04-14
https://www.emploi.ma/offre-emploi-maroc/approvisionneur-casablanca-9315494,Approvisionneur - Casablanca,BOTTU,"Nous sommes à la recherche d'un Approvisionneur. Missions: Prospecter et qualifier les fournisseurs/prestataires Lancer des consultations auprès d’un panel existant et/ou effectuer un sourcing lorsque le panel n’est pas en mesure de répondre au besoin Structurer le portefeuille fournisseur de manière à permettre la mise en place d’actions répondant à la stratégie achat Contribuer à l’exécution de la stratégie achat Créer les commandes d’achats sur la base des expressions de besoins intégrés dans l’ERP Assurer le suivi des commandes (relancer les fournisseurs, assurer le suivi des délais/quantités, ….) Assurer la gestion des approvisionnements notamment les achats à l’international Générer et analyser les indicateurs de performance Achats/Approvisionnements Traiter les réclamations et problématiques liées aux factures non-conformes Assurer les opérations de sous-traitance et en assurer le suivi.",Achats,Industrie pharmaceutique,CDI,Casablanca-Mohammedia,Casablanca,Non,Expérience entre 2 ans et 5 ans,Bac+3 - Bac+4 - Bac+5 et plus,"['Achats', 'Approvisionnements', 'Ordonnancement Approvisionnement', 'Gestion des Achats', 'Sourcing', 'Transport', 'Achats']",2026-04-08
https://www.emploi.ma/offre-emploi-maroc/chargee-affaires-mobilite-electrique-hf-casablanca-9338308,Chargé(e) D’Affaires – Mobilité Électrique (H/F) - Casablanca,TECTRA CASA TERTIAIRE – RECRUTEMENT,"Pour l’un de ses clients, dans Énergie solaire, TECTRA recherche un(e) Chargé(e) d’Affaires , à Casablanca. Missions Principales : Développer et gérer un portefeuille clients (B2B & B2C) Identifier et prospecter de nouvelles opportunités (entreprises, promoteurs, gestionnaires de flottes, etc.) Analyser les besoins des clients et proposer des solutions adaptées en infrastructures de recharge Élaborer des offres technico-commerciales en collaboration avec les équipes internes Piloter les projets et assurer un suivi client de qualité Négocier les conditions commerciales jusqu’à la signature des contrats","Commercial, vente","Industrie, production, fabrication, autres",CDI - CDD - Intérim - Stage - Freelance - Anapec - Alternance - Temps partiel - Statutaire,Casablanca-Mohammedia,Casablanca,,Expérience entre 2 ans et 5 ans - Expérience entre 5 ans et 10 ans - Expérience > 10 ans,Bac+4 - Bac+5 et plus,"['Négociation', 'Vente']",2026-04-30
https://www.emploi.ma/offre-emploi-maroc/assistant-juridique-hf-casablanca-9322292,Assistant Juridique (H/F) - Casablanca,CRIT,"Nous recrutons pour l’un de nos clients, un acteur reconnu dans le secteur automobile, un Assistant(e) Juridique pour renforcer son équipe. Missions : Vous apportez un soutien juridique aux activités commerciales et financières en rédigeant et en suivant les contrats fournisseurs, prestataires et partenaires, ainsi que les documents liés aux transactions et importations. Vous assurez la gestion des contrats de distribution avec le réseau de concessionnaires et agents, en suivant les échéances, les renouvellements et en participant à la résolution des litiges. Vous suivez les assurances de l’entreprise, les dossiers de sinistres ainsi que les pré-contentieux et contentieux avec les avocats et organismes concernés. Vous contribuez à la veille réglementaire et à la mise en conformité des procédures internes, et préparez des notes juridiques synthétiques pour les équipes opérationnelles.",Juridique,"Automobile, matériels de transport, réparation",CDI,Casablanca-Mohammedia,Casablanca,Non,Expérience entre 2 ans et 5 ans,Bac+3 - Bac+4 - Bac+5 et plus,"['Gestion des Contrats', 'Contentieux', 'Droit Privé', 'Droit']",2026-04-22
https://www.emploi.ma/offre-emploi-maroc/gestionnaire-parc-auto-casablanca-9346388,Gestionnaire Parc Auto - Casablanca,DEKRA SERVICES,"Nous Recrutons pour une multinationale, un( e) Gestionnaire Parc Auto. Mission principale Assurer la gestion optimale du parc automobile de l’entreprise, en garantissant la disponibilité, la conformité et la maîtrise des coûts liés aux véhicules, tout en respectant les politiques internes et la réglementation en vigueur. Responsabilités clés Planifier et superviser l’attribution, la restitution et le renouvellement des véhicules. Maintenir un inventaire précis et à jour du parc. Contrôler les coûts (entretien, carburant, sinistres). Gérer les contrats de location longue durée (LLD) et négocier avec les fournisseurs. Garantir le respect des obligations légales Mettre en œuvre la politiques interne relative à l’utilisation des véhicules. Assurer la relation avec les prestataires et concessionnaires. Établir des rapports réguliers sur les KPI Proposer des actions pour réduire les dépenses et améliorer la performance.","Transport, logistique","Industrie, production, fabrication, autres",CDI - CDD,Casablanca-Mohammedia,Casablanca,,Expérience entre 2 ans et 5 ans,Bac+5 et plus,"['Transport', 'Gestion de Flotte']",2026-05-06
https://www.emploi.ma/offre-emploi-maroc/dotnet-developer-mf-8251942,DOTNET Developer (M/F),AFRICASHORE,"We are looking for DOTNET Developer profiles / CVs to pass on to our clients for their future recruitment campaigns. Mission: Working within a Team to determine needs and applying / customizing existing technology to meet those needs. Producing detailed specifications and writing the program codes that perform efficiently. Write clean, scalable, reusable code using.NET programming languages. Advanced conceptual understanding of at least one Programming Language. Advanced conceptual understanding of one database and one Operating System. Understanding of Software Engineering with practice in at least one project. Exposure to Design Principles and ability to understand Design Specifications independently. Analyze, Design, Implement and Integrate functional requirements in new/existing solutions. Ability to contribute in medium to complex tasks independently. Ability to accept and respond to production issues and coordinate with stake holders. Testing the product in controlled, real situations before going live. Preparation of training manuals for users. Maintaining the systems once they are up and running. Awareness of latest technologies and trends.","Informatique, nouvelles technologies","Informatique, SSII, Internet",CDI - CDD - Freelance,Agadir - Béni Mellal-Khénifra - Casablanca-Mohammedia - Dakhla - Errachidia - Fès - Guelmim - Laâyoune - Marrakech-Safi - Meknès - Oujda - Rabat-Salé-Kénitra - Settat - Tanger-Tétouan-Al Hoceïma - International,/ Travail à Distance,,Expérience entre 5 ans et 10 ans,Bac+3,"['CSS', 'HTTP', 'REST', 'MVC', 'CVS', 'SOAP', 'SQL', 'QUERY', 'DOTNET', 'ASP', 'C#', 'MYSQL', 'HTML', 'API', 'FRONT END', 'LINUX', 'NET']",2026-04-13
https://www.emploi.ma/offre-emploi-maroc/manager-meknes-9311605,Manager - Meknès,BOTTU,"Bottu est à la recherche d'un Manager pour sa filiale Sophanord basée à Meknès. Mission : Piloter la stratégie, les opérations ainsi que la gestion financière et RH de la grossisterie, dans le respect des exigences réglementaires, des objectifs de performance et de la qualité de service apporté aux clients. Principales attributions : Définir et piloter la stratégie de croissance de l’entreprise. Développer les relations avec les laboratoires, pharmacies et établissements de santé. Superviser la chaîne logistique afin d’assurer la disponibilité continue des produits. Garantir la conformité réglementaire et le respect des exigences des autorités de santé. Piloter la performance économique : budget, coûts, investissements et rentabilité. Structurer, encadrer et mobiliser les équipes autour d’une culture de responsabilité et de performance.","Management, direction générale","Distribution, vente, commerce de gros",CDI,Meknès,Meknès,,Expérience > 10 ans,Bac+5 et plus,"['Stratégie', 'Management', 'Gestion']",2026-04-14
https://www.emploi.ma/offre-emploi-maroc/chargee-enregistrements-ain-el-aouda-9310653,Chargé(e) des Enregistrements - Aïn El Aouda,AMANYS PHARMA,"Nous sommes à la recherche d'un(e) Chargé(e) des Enregistrements. Poste : En tant que Chargé(é) des Enregistrements, vous rapporterez à la Directrice Affaires Réglementaires et Pharmacovigilance, et vos principales missions seront de : Gérer votre portefeuille de produits afin de réaliser vos objectifs, Constituer les dossiers d’AMM, Assurer le suivi des dossiers d’AMM, Constituer les dossiers de maintenance post AMM, Assurer le suivi des dossiers de maintenance post AMM, Contrôler la conformité réglementaire de la publicité, Réaliser une veille réglementaire, Élaborer, valider et diffuser les textes réglementaires relatifs aux articles de conditionnement, Élaborer, valider et diffuser les textes réglementaires relatifs aux mentions légales, Assurer la mise à jour des bases de données, Assurer l’archivage des dossiers d’AMM, Participer à la préparation des dossiers de fixation et d’homologation des prix, Participer à la préparation des dossiers de demande d’inscription des médicaments sur la liste des médicaments remboursables, Préparer et déposer les PSURs.",Métiers de la santé et du social,Industrie pharmaceutique,CDI,Rabat-Salé-Kénitra,Aïn El Aouda,Non,Expérience entre 5 ans et 10 ans - Expérience > 10 ans,Bac+5 et plus,"['Homologation', 'Santé', 'Pharmacovigilance', 'Maintenance', 'Production', 'Assurance Qualité', 'Qualité']",2026-04-28
https://www.emploi.ma/offre-emploi-maroc/acheteur-transactionnel-casablanca-9320380,Acheteur Transactionnel - Casablanca,CRIT,"Nous sommes à la recherche d'un Acheteur Transactionnel. Missions : Appliquer rigoureusement les procédures et modes opératoires en vigueur Vérifier la conformité des Demandes d’Achat (DA) et assurer leur traitement Gérer les dossiers selon la méthode FIFO et prioriser les urgences Créer, éditer et envoyer les bons de commande aux fournisseurs Assurer le suivi des commandes et des accusés de réception Garantir la qualité et l’exhaustivité des dossiers traités Gérer la relation fournisseurs et traiter les litiges Utiliser l’ERP et assurer le dispatching via les outils internes Répondre aux sollicitations des parties prenantes (acheteurs, prescripteurs…) Mettre à jour les données sur les portails internes Participer aux réunions et projets d’amélioration continue Élaborer des tableaux de bord et suivre les indicateurs de performance",Achats,"Aéronautique, navale",Intérim,Casablanca-Mohammedia,Casablanca,Non,Débutant < 2 ans - Expérience entre 2 ans et 5 ans,Bac+3 - Bac+4 - Bac+5 et plus,"['Achats', 'Supply Chain', 'Relation Fournisseurs', 'Dispatching', 'Achats', 'Supply', 'Transport']",2026-04-22
https://www.emploi.ma/offre-emploi-maroc/controleur-gestion-hf-casablanca-9028232,Contrôleur de Gestion (H/F) - Casablanca,,"Une grande société recrute un(e) Contrôleur(se) de Gestion (H/F) . Vos principales missions seront les suivantes : Élaborer et d’adapter en permanence les outils d’analyse, les indicateurs et les procédures de contrôle. Suivre l’activité en collectant les informations auprès des managers opérationnels. Identifier les écarts significatifs entre les réalisations et les prévisions, les commenter et assurer la retransmission des informations à votre hiérarchie. Analyser les demandes portant sur investissements. Participer au reporting mensuel des activités de l'entreprise. Évaluer les pratiques de contrôle interne. Contribuer à la gestion et à la communication des procédures. Fixer les objectifs et le périmètre des missions d’audit. Conduire les entretiens et réaliser les recherches nécessaires auprès des audités. Analyser les résultats des recherches et rédiger les rapports d’audit. Communiquer sur le déroulement des missions avec votre responsable ainsi qu’avec les responsables des entités auditées. S’assurer de la mise en place des recommandations en lien avec toutes les parties prenantes.","Gestion, comptabilité, finance","Distribution, vente, commerce de gros",CDI,Casablanca-Mohammedia,Casablanca,,Expérience entre 2 ans et 5 ans,Bac+3 - Bac+4 - Bac+5 et plus,"['Comptabilité', 'Gestion', 'Finance', 'Audit']",2026-03-24
https://www.emploi.ma/offre-emploi-maroc/controleur-marrakech-9328637,Contrôleur - Marrakech,TECTRA MARRAKECH – HÔTELLERIE,"L’Humain est au cœur de notre métier ! TECTRA est aujourd’hui leader du conseil en Ressources Humaines au Maroc. Avec plus de 1000 clients actifs multisectoriels et une force de réseaux de 27 agences partout dans le Royaume, Tectra vous accompagne dans votre recherche d’emploi. Pour l’un de ses clients, dans le secteur hôtelier, TECTRA recherche un Contrôleur Général à Marrakech Missions Principales : Contrôler les dépenses, les recettes et les stocks de l’hôtel. Vérifier la conformité des opérations aux procédures internes. Suivre les coûts (nourriture, boissons, linge…) et proposer des améliorations. Réaliser des rapports financiers et des inventaires réguliers. Contrôler la caisse, les factures, les bons de livraison et les paiements. Participer aux audits internes et au respect des normes (hygiène, sécurité, qualité). Collaborer avec les différents services (réception, cuisine, housekeeping…).","Gestion, comptabilité, finance","Hôtellerie, restauration",CDI - CDD - Intérim,Marrakech-Safi,Marrakech,,Expérience entre 2 ans et 5 ans,Bac+2,"['Audit', 'Finance', 'Gestion', 'Comptabilité', 'Comptabilité Analytique', 'Suivi Budgétaire', 'Conciergerie', 'Cuisine', 'Tourisme', 'Techniques de Gestion', 'Art Culinaire', 'Secteur Hôtelier', 'Restauration', 'contrôleur', 'Housekeeping', 'Rapports Financiers', 'Audit']",2026-04-24
https://www.emploi.ma/offre-emploi-maroc/responsable-site-web-growth-manager-seo-ads-contenu-casablanca-9311462,"Responsable de Site Web et Growth Manager (SEO, Ads et Contenu) - Casablanca",PIXELPRESS,"Pixelpress est une startup digitale basée à Casablanca qui conçoit, lance et fait grandir des projets web à fort potentiel.On build, on teste, on scale. Notre objectif : transformer des idées en plateformes performantes capables de générer de l’audience et du revenu. Notre mission : Créer des produits digitaux qui performent, en combinant contenu, acquisition et data pour maximiser leur croissance. Chez Pixelpress, on fonctionne comme une équipe d’entrepreneurs : chacun gère ses projets avec autonomie on teste vite, on apprend vite, on optimise en continu la performance et les résultats sont au cœur de tout Si tu aimes builder, expérimenter et voir l’impact direct de ton travail, tu es au bon endroit. En tant que Responsable de Site Web & Growth Manager, vous serez en charge de la gestion complète d’un ou plusieurs sites, avec un objectif clair : développer leur audience et leur rentabilité. Vos responsabilités incluent : Contenu & SEO Effectuer une veille active et rechercher des opportunités de contenus/offres pertinentes à mettre en avant Rédiger et publier du contenu optimisé pour le web (SEO) Identifier les opportunités de mots-clés et de trafic Améliorer le référencement naturel des sites Acquisition & Publicité Créer, lancer et optimiser des campagnes publicitaires (Meta Ads, etc.) Tester différents formats et audiences pour maximiser les performances Gérer le budget publicitaire et le ROI Social Media & Engagement Gérer les réseaux sociaux des sites Développer la communauté et créer des contenus engageants Identifier et reproduire des contenus viraux Analyse & Performance Suivre les KPI (trafic, conversion, revenus, ROI) Analyser les performances et prendre des décisions basées sur les données Mettre en place des actions pour améliorer la rentabilité Stratégie & Innovation Proposer des idées pour faire croître les sites Effectuer une veille constante en marketing digital Tester de nouvelles stratégies d’acquisition et de monétisation Vous gérez votre site comme un véritable mini business.","Marketing, communication","Marketing, communication, médias",CDI,Casablanca-Mohammedia,Casablanca,Non,Débutant < 2 ans - Expérience entre 2 ans et 5 ans - Expérience entre 5 ans et 10 ans - Expérience > 10 ans,Bac+4 - Bac+5 et plus,"['médias sociaux', 'Meta ads', 'Référencement SEO', 'Journalisme', 'SEO', 'Communication', 'Communication Marketing', 'Marketing Digital', 'Référencement Naturel', 'Publicité', 'Marketing']",2026-05-07
https://www.emploi.ma/offre-emploi-maroc/agent-logistique-rabat-9289466,Agent Logistique - Rabat,TECTRA RABAT - KENITRA,"Nous sommes à la recherche des Agents Logistique. Missions : Réceptionner, contrôler et stocker les marchandises Préparer les commandes selon les bons de livraison Assurer le suivi des stocks (entrées / sorties) Organiser et optimiser le rangement du dépôt Participer aux inventaires périodiques Charger et décharger les marchandises Veiller au respect des règles de sécurité et des procédures internes Utiliser les outils informatiques de gestion de stock","Transport, logistique","Transports, logistique, services postaux",Intérim,Rabat-Salé-Kénitra,Rabat,,Débutant < 2 ans - Expérience entre 2 ans et 5 ans - Expérience entre 5 ans et 10 ans - Expérience > 10 ans,Bac+2 - Bac+3 - Bac+4 - Bac+5 et plus,"['Gestion des Stocks', 'Stocks', 'Rangement']",2026-04-03
https://www.emploi.ma/offre-emploi-maroc/agent-administratif-hf-casablanca-9269722,Agent Administratif (H/F) - Casablanca,TECTRA CASA TERTIAIRE – RECRUTEMENT,"TECTRA est aujourd’hui leader du conseil en Ressources Humaines au Maroc. Avec plus de 1000 clients actifs multisectoriels et une force de réseaux de 27 agences partout dans le Royaume, Tectra vous accompagne dans votre recherche d’emploi. Pour l’un de ses clients, dans le secteur bancaire, TECTRA recherche des Agents Administratifs (H/F) , à Casablanca. Missions Principales : Assurer le suivi administratif des dossiers. Gérer la facturation et le classement des documents comptables. Participer au suivi des paiements et des relances clients. Assister la direction dans les tâches administratives quotidiennes. Préparer et organiser les documents nécessaires aux opérations comptables.","Gestion, comptabilité, finance","Banque, assurance, finances",Intérim,Casablanca-Mohammedia,Casablanca,,Débutant < 2 ans - Expérience entre 2 ans et 5 ans - Expérience entre 5 ans et 10 ans - Expérience > 10 ans,Bac+2 - Bac+3 - Bac+4 - Bac+5 et plus,"['Facturation', 'Comptabilité', 'Suivi Administratif', 'Gestion']",2026-03-18
https://www.emploi.ma/offre-emploi-maroc/chef-projet-trade-marketing-casablanca-9287543,Chef de Projet Trade Marketing - Casablanca,DIRECT SALES,"Nous sommes à la recherche d'un Chef de Projet Trade Marketing. En tant que Chef de Projet Trade Marketing , vous piloterez des opérations commerciales complètes du terrain à l'analyse , en coordonnant des animations commerciales et en exploitant les données pour optimiser les campagnes. Responsabilités principales Terrain (50%) Coordonner et superviser opérations street marketing (caravanes, animations, événements) Assurer présence terrain et veiller à l'exécution conforme aux spécifications Manager équipes d'animateurs et gérer logistique déploiement Résoudre problèmes opérationnels en direct et en temps réel Vérifier qualité et respect des délais d'exécution Collecter données terrain (participations, acquisitions, retours clients) Analyse de Données (50%) Analyser résultats post-campagnes (KPIs, ROI, conversions) Exploiter données collectées pour générer insights actionnables Créer rapports bilans détaillés avec visualisations Identifier tendances et axes d'amélioration Formuler recommandations stratégiques pour optimiser futures campagnes Utiliser outils BI/analytics (Tableau, Power BI, Google Analytics) Présenter résultats aux décideurs en format clair & percutan","Marketing, communication","Marketing, communication, médias",CDI,Casablanca-Mohammedia,Casablanca,Non,"Etudiant, jeune diplômé - Débutant < 2 ans - Expérience entre 2 ans et 5 ans - Expérience entre 5 ans et 10 ans - Expérience > 10 ans",Bac+4 - Bac+5 et plus,"['Marketing', 'Communication']",2026-05-07
https://www.emploi.ma/offre-emploi-maroc/bim-modeleur-arc-architecture-batiment-casablanca-9272590,BIM Modeleur ARC (Architecture – Bâtiment) - Casablanca,JOB CONNECT,"Pour notre client basé à casablanca , nous recherchons un BIM Modeleur Architecture. Mission principale Produire des maquettes architecturales conformes aux standards projet, prêtes pour la coordination avec les autres lots et pour les livrables techniques (plans, exports). Responsabilités Modélisation architecturale : niveaux, grilles, enveloppe, cloisons, menuiseries, finitions. Mise en place des vues, gabarits, filtres et nomenclatures. Contrôle qualité : respect des conventions BIM, cohérence LOD/LOI, vérifications de base. Production des livrables : plans, coupes, façades, exports IFC/DWG/PDF. Gestion des mises à jour et prise en compte des retours commentaires/BCF.",Métiers du BTP,"BTP, construction",CDI,Casablanca-Mohammedia,Casablanca,,Expérience entre 2 ans et 5 ans - Expérience entre 5 ans et 10 ans - Expérience > 10 ans,Bac+3 - Bac+4 - Bac+5 et plus,"['BIM', 'Architecture', 'REVIT']",2026-03-19
https://www.emploi.ma/offre-emploi-maroc/comptable-client-casablanca-9319425,Comptable Client - Casablanca,CRIT,"Dans le cadre d’un besoin en intérim basé à Casablanca (Ain Sebaâ), nous recrutons un Comptable Client chargé d’assurer le suivi des comptes clients et le recouvrement des créances. Le poste implique la gestion des relances clients, le contrôle des dossiers de facturation, le suivi de la balance auxiliaire et des litiges, ainsi que la comptabilisation et le suivi des effets jusqu’à échéance. Vous serez également amené à déclarer le chiffre d’affaires à l’assurance-crédit, suivre les impayés, gérer les grands comptes jusqu’à l’encaissement et coordonner avec l’ADV pour garantir une facturation régulière.","Gestion, comptabilité, finance","Intérim, recrutement",Intérim,Casablanca-Mohammedia,Casablanca,Non,Expérience entre 2 ans et 5 ans,Bac+3,"['Comptabilité', 'Facturation des Clients', 'Recouvrement', 'Comptabilité', 'Gestion', 'Finance', 'Facturation']",2026-04-28
https://www.emploi.ma/offre-emploi-maroc/assistante-direction-juridique-contentieux-casablanca-9319413,Assistante de Direction Juridique & Contentieux - Casablanca,CRIT,"Assurer la gestion administrative quotidienne de la Direction Juridique Organiser les réunions, rendez-vous et déplacements Gérer les agendas et coordonner les plannings Assurer l’archivage et le classement des documents juridiques Préparer les courriers, contrats et documents juridiques Gérer la correspondance interne et externe Assurer l’accueil téléphonique et le suivi des demandes",Juridique,"Intérim, recrutement",Intérim,Casablanca-Mohammedia,Casablanca,Non,Expérience entre 2 ans et 5 ans - Expérience entre 5 ans et 10 ans - Expérience > 10 ans,Bac+2 - Bac+3,"['Assistance Juridique', 'Assistance Administrative', 'Assistanat', 'Assistance', 'Gestion Administrative', 'Secrétariat', 'Classement des Documents', 'Archivage']",2026-04-22
https://www.emploi.ma/offre-emploi-maroc/ingenieur-genie-civil-specialite-ouvrages-art-rabat-9305502,Ingénieur Génie Civil – Spécialité Ouvrages d’Art - Rabat,INNOV ENGINEERING CONSULTING,"Nous sommes à la recherche d'un Ingénieur Génie Civil – Spécialité Ouvrages d’Art. Missions : Études et conception d’ouvrages d’art (ponts, viaducs, passerelles, etc.) Dimensionnement des structures (béton armé, béton précontraint, charpente métallique) Élaboration des notes de calcul et des dossiers techniques Suivi technique des projets en phase d’exécution Coordination avec les différents intervenants (MO, MOE, entreprises) Participation aux appels d’offres et analyses techniques",Métiers du BTP,"BTP, construction",CDI,Rabat-Salé-Kénitra,Rabat,Non,Expérience > 10 ans,Bac+5 et plus,"['Dimensionnement', 'Charpente Métallique', 'Eurocodes', 'Charpente']",2026-04-11
https://www.emploi.ma/offre-emploi-maroc/chargee-mobilite-internationale-interim-rabat-9347333,Chargé(e) de Mobilité Internationale- Intérim - Rabat,JOB CONNECT,"Nous recrutons pour un établissement d’enseignement supérieur basé à Technopolis un(e) Chargé(e) de Mobilité Internationale . Vous serez en charge de l’organisation, du suivi et de l’accompagnement des étudiants dans leurs projets de mobilité à l’international, en garantissant une expérience fluide et structurée. Missions principales : Coordonner les programmes d’échanges académiques et de stages à l’international Informer, conseiller et accompagner les étudiants et le corps professoral dans leurs projets de mobilité Gérer les dossiers administratifs (constitution, vérification et suivi des documents) Assister dans les démarches liées aux visas, autorisations et formalités administratives Participer à l’organisation logistique des mobilités (hébergement, préparation au départ…) Assurer un suivi des participants avant, pendant et après leur séjour à l’étranger Gérer plusieurs dossiers simultanément avec rigueur et précision Contribuer au développement et au suivi des partenariats avec les institutions internationales Apporter un accompagnement personnalisé et répondre aux problématiques rencontrées","Commercial, vente","Éducation, formation",Intérim,Rabat-Salé-Kénitra,Rabat,,Débutant < 2 ans - Expérience entre 2 ans et 5 ans,Bac+2 - Bac+3 - Bac+4 - Bac+5 et plus,"['Vente', 'Communication', 'Marketing']",2026-05-06
https://www.emploi.ma/offre-emploi-maroc/technicien-mecanique-casablanca-9275530,Technicien Mécanique - Casablanca,TECTRA,Nous sommes à la recherche d'un Technicien Mécanique. Missions : Lire et analyser des plans et documents techniques Apporter un support technique aux équipes commerciales Comprendre les besoins techniques des clients et proposer des solutions adaptées Participer à l’élaboration des devis techniques Assurer la coordination entre les équipes commerciales et techniques,"Production, maintenance, qualité","Maintenance, entretien, service après vente",Intérim,Casablanca-Mohammedia,Casablanca,,"Etudiant, jeune diplômé",Bac+2,"['Électromécanique', 'Qualité', 'Production']",2026-03-21
https://www.emploi.ma/offre-emploi-maroc/technicien-laboratoire-secteur-minier-oumjeranetinghir-9282845,Technicien de Laboratoire – Secteur Minier - Oumjerane/Tinghir,TECTRA,"L’Humain est au cœur de notre métier ! TECTRA est aujourd’hui leader du conseil en Ressources Humaines au Maroc. Avec plus de 1000 clients actifs multisectoriels et une force de réseaux de 27 agences partout dans le Royaume, Tectra vous accompagne dans votre recherche d’emploi. TECTRA recrute un Technicien de Laboratoire à OUMAJRANE (TINGHIR) pour le compte de l’un de ses clients du secteur minier . Missions principales : Réaliser les analyses physico-chimiques des échantillons (minerais, sols, eaux…) Assurer la préparation des échantillons (broyage, séchage, pesée, etc.) Contrôler la qualité des matières premières et des produits finis Veiller au respect des procédures et des normes en vigueur Assurer la traçabilité des analyses et la fiabilité des résultats Participer à la maintenance et à l’étalonnage des équipements de laboratoire Rédiger les rapports d’analyses et interpréter les résultats Appliquer strictement les règles de sécurité et d’hygiène","Production, maintenance, qualité","Chimie, pétrochimie, matières premières, mines",Intérim,Marrakech-Safi,Oumjerane/Tinghir,,Expérience entre 2 ans et 5 ans,Bac+3 - Bac+4,"['Production', 'Hygiène', 'Broyage', 'Qualité', 'Étalonnage', 'Normes de Qualité', 'Maintenance']",2026-03-27
https://www.emploi.ma/offre-emploi-maroc/responsable-paie-administration-rh-casablanca-9279952,Responsable Paie et Administration R.H - Casablanca,SALAM GAZ,"Nous sommes à la recherche d'un Responsable Paie et Administration R.H Missions : Le Responsable Paie & Administration RH aura pour missions : Superviser l’ensemble du processus de paie : collecte des éléments variables, établissement des bulletins de paie, calcul des heures supplémentaires, congés, absences, arrêts maladie, etc. Gérer les déclarations sociales et fiscales : charges sociales, impôts liés à la paie, avantages sociaux. Assurer la conformité avec la législation du travail / droit social du pays (Maroc) : conventions collectives, obligations légales, contrôles, audits. Administrer la gestion du personnel : contrats de travail, avenants, dossier administratif des salariés, suivi des absences / congés / temps de travail. Mettre en place / paramétrer / administrer le Système d’Information RH lié à la paie. Veille sociale et réglementaire : suivre les évolutions légales, s’assurer que les pratiques internes soient à jour. Piloter ou coordonner l’équipe paie / administration du personnel : formation, suivi, gestion des délais, contrôle qualité. Optimiser les process : proposer des améliorations pour fiabiliser, accélérer et sécuriser les opérations de paie et d’administration RH. Répondre aux interrogations des salariés / managers sur les questions paie, contrats, avantages sociaux. Reporting : établir les indicateurs RH pertinents (masse salariale, coût des charges, absences, turnover…), éventuellement le bilan social.","Informatique, nouvelles technologies","Electricité, eau, gaz, nucléaire, énergie",CDI,Casablanca-Mohammedia,Casablanca,Hybride,Expérience > 10 ans,Bac+5 et plus,"['Administration RH', 'Bilan Social', 'Indicateurs RH', 'Formation', 'Administration du Personnel', 'Administration RH']",2026-03-25
https://www.emploi.ma/offre-emploi-maroc/ingenieur-electricien-cfocfa-hf-rabat-9325181,Ingénieur Électricien CFO/CFA (H/F) - Rabat,INNOV ENGINEERING CONSULTING,"Nous sommes à la recherche d'un Ingénieur Électricien CFO/CFA (H/F). Missions principales : Réaliser les études techniques en CFO et CFA (bâtiment et infrastructures) Concevoir les plans et schémas électriques (intérieur et extérieur) Élaborer les notes de calcul (éclairage, bilans de puissance, câbles, protections, etc.) Participer à la rédaction des pièces écrites (CCTP, DPGF, estimations) Assurer le suivi technique des projets en phase études et travaux Coordonner avec les différents intervenants (architectes, BET, entreprises) Veiller au respect des normes et réglementations en vigueur",Métiers du BTP,"BTP, construction",CDI,Rabat-Salé-Kénitra,Rabat,Non,Expérience entre 2 ans et 5 ans - Expérience entre 5 ans et 10 ans - Expérience > 10 ans,Bac+5 et plus,"['Génie Électrique', 'Éclairage', 'AUTOCAD', 'DIALUX']",2026-04-22
https://www.emploi.ma/offre-emploi-maroc/agent-suivi-gps-ait-melloul-9301612,Agent Suivi GPS - Ait Melloul,VETCAM,"Dans le cadre du renforcement de notre équipe transport, nous recrutons un(e) Agent de Suivi GPS chargé(e) d’assurer le suivi en temps réel de notre flotte de camions. Vos principales missions seront : Assurer le suivi en temps réel des véhicules via système GPS Contrôler les trajets, arrêts, retards et anomalies Identifier les écarts (déviation, arrêt non autorisé, vitesse excessive) Alerter immédiatement le responsable exploitation en cas de problème Établir des rapports journaliers et hebdomadaires Analyser les km parcourus, km à vide et temps d’arrêt Participer à l’optimisation des tournées et de la productivité Veiller au respect des consignes par les chauffeurs","Transport, logistique","BTP, construction",CDI,Agadir,Ait Melloul,Non,Débutant < 2 ans,Bac+2,['Transport'],2026-04-10
https://www.emploi.ma/offre-emploi-maroc/ingenieur-maintenance-casablanca-9315495,Ingénieur Maintenance - Casablanca,BOTTU,Nous sommes à la recherche d'un Ingénieur Maintenance. Compétences Techniques : Concepts de la mécanique industrielle Techniques et concepts de l’électricité et des automatismes industriels Procédés généraux de fabrication Méthodes d’élaboration et de gestion des plannings de la maintenance Outils d’analyse des modes de défaillance des machines Qualification des équipements et des machines…,"Management, direction générale",Industrie pharmaceutique,CDI,Casablanca-Mohammedia,Casablanca,,Expérience entre 2 ans et 5 ans,Bac+5 et plus,"['Maintenance', 'Production', 'Électromécanique', 'Maintenance Industrielle', 'Automatisme', 'Gestion de la Maintenance', 'Gestion', 'Qualité', 'Management', 'Mécanique Industrielle', 'Machines', 'Automatisme Industriel', 'Fabrication', 'Procédés', 'Management Mécanique', 'Maintenance']",2026-04-08
https://www.emploi.ma/offre-emploi-maroc/agent-changement-serie-hf-ain-sebaa-9287574,Agent de Changement de Série (H/F) - Ain Sebaa,,"Dans le cadre du renforcement de ses équipes, une entreprise industrielle opérant dans le secteur de l’injection plastique recrute un Agent de Changement de Série . Mission Rattaché(e) au service maintenance, vous êtes en charge de la réalisation des changements de série en production, en assurant les réglages nécessaires et la conformité des premières pièces, dans le respect des exigences qualité, sécurité et délais. Responsabilités principales Préparer et vérifier les outillages avant intervention Assurer le montage / démontage des moules Effectuer les réglages machines et les essais de démarrage Garantir la conformité des premières pièces produites Réaliser les contrôles qualité de premier niveau Identifier et remonter les anomalies techniques Participer à l’amélioration continue des processus Collaborer avec les équipes production, maintenance et qualité","Production, maintenance, qualité","Maintenance, entretien, service après vente",Intérim,Casablanca-Mohammedia,Ain Sebaa,,Débutant < 2 ans - Expérience entre 2 ans et 5 ans,Bac+2 - Bac+3,"['Démontage', 'Processus', 'Injection', 'Maintenance', 'Montage', 'Qualité', 'Maintenance Industrielle', 'Amélioration Continue', 'Production', 'Machines', 'Injection Plastique', 'Procédés']",2026-04-01
https://www.emploi.ma/offre-emploi-maroc/responsable-fiscalite-casablanca-9338322,Responsable Fiscalité - Casablanca,AFRICAWORK,"Nous recrutons pour l'un de nos clients, une société d'expertise comptable et de conseil, un(e) Tax Manager / Responsable Fiscalité Senior basé(e) à Casablanca . Missions principales : Accompagner les clients de son portefeuille dans leurs prises de décision en leur proposant des solutions fiscales pertinentes et adaptées à leur situation. Gérer les missions fiscales courantes et ponctuelles, notamment à travers des études fiscales (fusions, acquisitions, restructurations), en veillant à la qualité des livrables et au respect des délais. Intervenir pour défendre les intérêts des clients et expliquer les choix effectués en cas de contrôle fiscal ou de réclamation. Encadrer et animer une équipe de fiscalistes. Participer à des missions à forte valeur ajoutée, telles que les fusions et apports partiels d’actifs. Encadrer et participer à des Tax Due Diligences.","Gestion, comptabilité, finance","Conseil, audit, comptabilité",CDI,Casablanca-Mohammedia,Casablanca,Non,Expérience entre 5 ans et 10 ans - Expérience > 10 ans,Bac+5 et plus,"['Fusions Acquisitions', 'Gestion', 'Finance', 'Fiscalité']",2026-04-30
https://www.emploi.ma/offre-emploi-maroc/chargee-controle-support-conseillers-pedagogiques-casablanca-9336819,Chargé(e) de Contrôle et Support aux Conseillers Pédagogiques - Casablanca,CALLIOPE,"Dans le cadre du renforcement de notre équipe, nous recrutons un(e) Chargé(e) de Contrôle et Support aux Conseillers Pédagogiques . Vous serez en charge d’assurer la fiabilité des données, le suivi des activités et le contrôle des opérations liées aux conseillers pédagogiques. Missions principales : Vérifier et contrôler les documents administratifs (spécimens, fournitures, bons de sortie…) Assurer le contrôle de la saisie des données sur CRM Analyser et traiter les données statistiques Coordonner et suivre les activités des conseillers pédagogiques Élaborer des reportings réguliers Suivre les indicateurs de performance","Gestion, comptabilité, finance","Distribution, vente, commerce de gros",CDI,Casablanca-Mohammedia,Casablanca,Non,Expérience entre 2 ans et 5 ans - Expérience entre 5 ans et 10 ans - Expérience > 10 ans,Bac+3 - Bac+4 - Bac+5 et plus,"['Finance', 'Administration', 'Comptabilité', 'Support', 'Documents Administratifs', 'Secrétariat', 'Assistanat', 'Gestion', 'Finance']",2026-04-29
https://www.emploi.ma/offre-emploi-maroc/responsable-logistique-casablanca-9330890,Responsable Logistique - Casablanca,PROFILS RECRUTEMENT,"Nous recrutons pour notre client, Société basée à Casablanca, opérant dans la vente, l'installation et le service après-vente de matériels et dispositifs médicaux hospitaliers, dans le cadre de son développement u n Responsable Logistique. Ce poste implique la gestion efficace de la chaîne logistique, la coordination des opérations de transport et la supervision des processus logistiques pour assurer la satisfaction des exigences de notre secteur. Missions : Planifier et organiser les activités logistiques en conformité avec les normes du secteur médical. Coordonner la gestion des stocks et assurer la disponibilité des équipements médicaux dans les délais impartis. Superviser la gestion des transports et optimiser les itinéraires pour réduire les coûts et améliorer la rapidité de livraison. Assurer la conformité réglementaire et la qualité des opérations logistiques. Collaborer avec les équipes internes et les partenaires externes pour garantir une logistique fluide et efficace.","Transport, logistique","Santé, pharmacie, hôpitaux, équipements médicaux",CDI,Casablanca-Mohammedia,Casablanca,,Expérience entre 2 ans et 5 ans - Expérience entre 5 ans et 10 ans - Expérience > 10 ans,Bac+4 - Bac+5 et plus,"['Gestion des Stocks', 'Activités Logistiques', 'Opérations Logistiques', 'Flux Logistiques', 'Opérations de Transport', 'Transport', 'Stocks']",2026-04-25
https://www.emploi.ma/offre-emploi-maroc/coordinatrice-pedagogique-casablanca-9360515,Coordinatrice Pédagogique - Casablanca,CALLIOPE,"Nous sommes à la recherche d'une Coordinatrice Pédagogique. Missions : Assurer l’organisation et la coordination pédagogique : création des classes, inscriptions, planification des cours, gestion des salles, des enseignants et des supports pédagogiques. Gérer le suivi des cours et garantir le bon déroulement des formations. Être l’interlocutrice principale des participants et assurer un service client de qualité. Mettre à jour régulièrement la base de données clients. Assurer la réception et le traitement des appels téléphoniques.","Secrétariat, assistanat","Éducation, formation",CDI,Casablanca-Mohammedia,Casablanca,,Expérience entre 2 ans et 5 ans - Expérience entre 5 ans et 10 ans - Expérience > 10 ans,Bac+3 - Bac+4 - Bac+5 et plus,"['Assistanat', 'Secrétariat', 'Administration']",2026-05-06
https://www.emploi.ma/offre-emploi-maroc/genesys-architect-mf-8251972,GENESYS Architect (M/F),AFRICASHORE,"We are looking for GENESYS Architect profiles / CVs to share with our clients for their future recruitment campaigns. Mission: Deep and relevant expertise on Genesis Cloud services, along with contact center industry experience. Be the direct point of technical contact to provide high-quality consultancy for Genesys solutions to customers. Develop and maintain integration and Cloud solutions. Knowledge and experience on Cloud computing models (IaaS, PaaS, and SaaS). Experience with software development and one or more development or scripting languages (e.g. Java. Golang, Python, JavaScript, TypeScript, Bash, PowerShell). Self-starter with deep hands-on work experience with production implementations on public Cloudproviders within large enterprises. Design, create and/or troubleshoot and support Genesys products. Develop, maintain, implement and support complex Contact Centre solutions involving web services. Contribute to the solution architectural design, amongst other disaster recovery and high availability. Automation of deployment and migration tasks.","Informatique, nouvelles technologies","Informatique, SSII, Internet",CDI - CDD - Freelance,Agadir - Béni Mellal-Khénifra - Casablanca-Mohammedia - Dakhla - Errachidia - Fès - Guelmim - Laâyoune - Marrakech-Safi - Meknès - Oujda - Rabat-Salé-Kénitra - Settat - Tanger-Tétouan-Al Hoceïma - International,/ Travail En Remote,,Expérience entre 5 ans et 10 ans,Bac+3,"['JAVA', 'JAVASCRIPT', 'CVS', 'PAAS', 'VMWARE', 'GENESYS', 'POWERSHELL', 'PYTHON', 'BASH']",2026-04-13
https://www.emploi.ma/offre-emploi-maroc/chargee-marketing-digital-creation-contenu-casablanca-9351259,Chargée Marketing Digital et Création de Contenu - Casablanca,GENERAL PRIVATE INTERIM,"Nous recherchons une Chargée Marketing Digital et Création de Contenu pour rejoindre notre équipe. Ce poste implique la conception et la réalisation de contenus visuels et vidéo, ainsi que la gestion de campagnes publicitaires, dans un environnement dynamique et innovant. Missions : Créer et monter des vidéos professionnelles pour divers supports et plateformes. Concevoir des visuels attractifs et engageants pour les réseaux sociaux afin d’accroître la visibilité de la marque. Gérer et optimiser des campagnes publicitaires sur des plateformes telles que Meta Ads et Google Ads. Analyser les performances des campagnes (trafic, conversions, ROI) et ajuster les stratégies en conséquence. Améliorer le référencement naturel (SEO) pour renforcer la visibilité en ligne de l'entreprise.","Marketing, communication","Marketing, communication, médias",CDI,Casablanca-Mohammedia,Casablanca,Non,Expérience entre 2 ans et 5 ans - Expérience entre 5 ans et 10 ans - Expérience > 10 ans,Bac+2 - Bac+3 - Bac+4 - Bac+5 et plus,"['Marketing', 'Digital Communication', 'Référencement Naturel', 'Communication', 'SEO', 'Multimédia', 'Projets Marketing', 'Marketing Digital']",2026-04-30
https://www.emploi.ma/offre-emploi-maroc/analyste-production-berrechid-9004810,Analyste Production - Berrechid,ATLAS PHARM,Nous sommes à la recherche d'un Analyste Production. Missions : Évaluer les flux de production actuels et proposer les améliorations visant à optimiser l’utilisation des ressources Management basé sur les KPI et l'amélioration continue Expérience en production pharmaceutique Analyse leadership communication et Travail d'équipe,"Management, direction générale","Industrie, production, fabrication, autres",CDI,Settat,Berrechid,Non,Expérience entre 2 ans et 5 ans - Expérience entre 5 ans et 10 ans - Expérience > 10 ans,Bac+5 et plus,"['SAP', 'Power BI', 'MICROSOFT', 'Management', 'Leadership']",2026-04-25
https://www.emploi.ma/offre-emploi-maroc/coordinatrice-pedagogique-anglophone-casablanca-9287047,Coordinatrice Pédagogique Anglophone - Casablanca,CALLIOPE,"Nous recherchons une Coordinatrice Pédagogique Anglophone pour rejoindre notre centre de formation. Missions : Assurer l’organisation et la coordination pédagogique : création des classes, inscriptions, planification des cours, gestion des salles, des enseignants et des supports pédagogiques. Gérer le suivi des cours et garantir le bon déroulement des formations. Être l’interlocutrice principale des participants et assurer un service client de qualité. Mettre à jour régulièrement la base de données clients. Assurer la réception et le traitement des appels téléphoniques.","Secrétariat, assistanat","Distribution, vente, commerce de gros",CDI,Casablanca-Mohammedia,Casablanca,,Expérience entre 2 ans et 5 ans - Expérience entre 5 ans et 10 ans,Bac+3,"['Assistanat', 'Secrétariat', 'Documents Administratifs', 'Rédaction', 'Administration', 'Dossiers', 'Support', 'Dossiers Administratifs', 'Assistanat']",2026-04-01
https://www.emploi.ma/offre-emploi-maroc/commercial-b2b-hf-casablanca-9356075,Commercial B2B H/F - Casablanca,CRIT,"Nous sommes à la recherche d'un Commercial B2B H/F. Vos missions : Promouvoir et vendre des solutions de cash management (gestion de trésorerie, sécurisation et traitement des fonds) auprès d’une clientèle professionnelle Développer et gérer un portefeuille clients B2B (entreprises, commerces, réseaux de distribution) Assurer la prospection commerciale (terrain et téléphonique) Identifier les besoins clients et proposer des solutions adaptées Négocier et conclure les contrats dans le respect des objectifs fixés Relation & Développement commercial : Effectuer des visites régulières auprès des clients et prospects Développer un réseau professionnel solide Assurer un suivi rigoureux des opportunités commerciales (CRM) Fidéliser la clientèle et garantir une excellente qualité de service Gestion des ventes : Élaborer des offres commerciales adaptées (tarifs, solutions, délais) Suivre les dossiers clients jusqu’à la signature Coordonner avec les équipes internes pour assurer la bonne mise en place des solutions Veiller à la satisfaction client Organisation & Reporting : Planifier et organiser son activité commerciale Assurer un reporting régulier auprès de la direction Suivre les performances et atteindre les objectifs fixés","Commercial, vente","Banque, assurance, finances",CDI,Casablanca-Mohammedia,Casablanca,Non,Expérience entre 2 ans et 5 ans,Bac+3 - Bac+4 - Bac+5 et plus,"['Actions Commerciales', 'Développement Commercial', 'CRM', 'Actions Commerciales', 'Vente', 'Gestion des Ventes', 'Négociation', 'Prospection Commerciale', 'Prospection']",2026-05-04
https://www.emploi.ma/offre-emploi-maroc/charge-moyens-generaux-casablanca-9269336,Chargé Moyens Généraux - Casablanca,,"Une grande entreprise basée à Casablanca recrute un Chargé Moyens Généraux . Chargé de Moyens Généraux, vos missions consistent à: Proposer et faire valider par la Direction Générale les orientations en matière de gestion des services généraux. Appliquer et faire respecter les normes et procédures en vigueur. Participer aux travaux d'installation, d'aménagement et de maintenance des locaux. Mettre en œuvre les moyens de contrôle afin de garantir la sécurité des personnes et la sûreté des biens. Optimiser la gestion et l'utilisation des espaces, des mouvements et des moyens. Suivre, évaluer, et gérer les prestataires de service. Effectuer le reporting de son activité. Réaliser une veille métier.",Achats,"Distribution, vente, commerce de gros",CDI,Casablanca-Mohammedia,Casablanca,,Débutant < 2 ans - Expérience entre 2 ans et 5 ans - Expérience entre 5 ans et 10 ans,Bac+3 - Bac+4,"['moyens généraux', 'Gestion des services généraux', 'Facility Management', 'Gestion des Fournisseurs', 'gestion des prestataires', 'Achats', 'Approvisionnements', 'Gestion du Parc Automobile', 'Gestion du matériel et des stocks', 'Hygiène et sécurité', 'suivi des travaux', 'Gestion Administrative', 'Formation', 'Maintenance', 'Sécurité', 'Sûreté', 'Installation', 'Management', 'Aménagement', 'Gestion']",2026-03-17
https://www.emploi.ma/offre-emploi-maroc/technicien-maintenance-imprimantes-tanger-9345656,Technicien en Maintenance des Imprimantes - Tanger,TECTRA TANGER – RECRUTEMENT,"L’Humain est au cœur de notre métier ! TECTRA est aujourd’hui leader du conseil en Ressources Humaines au Maroc. Avec plus de 1000 clients actifs multisectoriels et une force de réseaux de 27 agences partout dans le Royaume, Tectra vous accompagne dans votre recherche d’emploi. Pour l’un de ses clients, TECTRA recherche un Technicien en Maintenance des Imprimantes , à Tanger . Missions principales : Maintenance préventive : Nettoyage, remplacement de pièces d'usure (tambours, unités de fusion), et vérification pour éviter les pannes. Maintenance corrective : Diagnostic et réparation sur site ou en atelier (mécanique et électronique). Installation et configuration : Paramétrage de systèmes d'impression connectés et mise à jour des pilotes. Support technique : Assistance aux utilisateurs et gestion des stocks de consommables","Informatique, nouvelles technologies","Édition, imprimerie",CDI,Tanger-Tétouan-Al Hoceïma,Tanger,,Expérience entre 2 ans et 5 ans,Bac+2 - Bac+3 - Bac+4 - Bac+5 et plus,[],2026-05-05
https://www.emploi.ma/offre-emploi-maroc/agent-help-desk-casablanca-9280259,Agent Help Desk - Casablanca,DEKRA SERVICES,"Notre client, grande structure, leader dans le domaine de services interbancaires basée dans le quartier Maarif, recrute dans le cadre de son développement, des Agents Help Desk . Vous êtes en charge de l’interface clients B2B, exercer une activité à distance centrée sur l’accueil, la prise en charge des clients et d’assurer le SAV.","Commercial, vente","Banque, assurance, finances",CDI,Casablanca-Mohammedia,Casablanca,Non,Débutant < 2 ans - Expérience entre 2 ans et 5 ans,Bac+2 - Bac+3,"['Vente', 'Vente']",2026-04-06
https://www.emploi.ma/offre-emploi-maroc/conseiller-vente-casablanca-bourgogne-9202162,"Conseiller de Vente - Casablanca, Bourgogne",,"Nous recherchons des Vendeurs dynamique pour rejoindre notre équipe dans le secteur de la vente de produit de la cuisine et ménage à Casablanca, Bourgogne. Les tâches : Accueillir et conseiller les clients dans leurs choix de produits. Présenter les caractéristiques des produits et leurs avantages. Assurer la mise en rayon et l’organisation du magasin. Participer à la gestion des stocks et aux inventaires. Contribuer à la réalisation des objectifs de vente.","Commercial, vente","Distribution, vente, commerce de gros",CDD,Casablanca-Mohammedia,"Casablanca, Bourgogne",,"Etudiant, jeune diplômé - Débutant < 2 ans - Expérience entre 2 ans et 5 ans",Qualification avant bac - Bac - Bac+1 - Bac+2 - Bac+3,"['Animation des Ventes', 'Vente']",2026-03-27
https://www.emploi.ma/offre-emploi-maroc/ingenieur-biomedicale-casablanca-9342052,Ingénieur Biomédicale - Casablanca,PROFILS RECRUTEMENT,"Dans le cadre de son développement nous recrutons pour notre client, Société opérant dans la vente, l'installation et le service après-vente de matériels et dispositifs médicaux hospitaliers des Ingénieurs Biomédicales expérimentés En tant qu’Ingénieur, votre principale mission est de : S'occuper de l'entretien, de la maintenance préventive et curative ainsi que l'installation des équipements médicaux ; Assurer la réception, la vérification et la mise en service des équipements médicaux ; Assurer la formation et le conseil à l’utilisation des produits et des équipements médicaux.","Production, maintenance, qualité","Santé, pharmacie, hôpitaux, équipements médicaux",CDI,Casablanca-Mohammedia,Casablanca,,Expérience entre 2 ans et 5 ans - Expérience entre 5 ans et 10 ans - Expérience > 10 ans,Bac+5 et plus,"['Maintenance', 'Qualité', 'Maintenance Préventive', 'Production']",2026-05-02
https://www.emploi.ma/offre-emploi-maroc/ingenieur-specialise-instrumentation-systemes-controle-casablanca-9272500,Ingénieur Spécialisé en Instrumentation et Systèmes de Contrôle - Casablanca,EXPERT EYE ENGINEERING,"Nous sommes à la recherche d'un Ingénieur Spécialisé en Instrumentation et Systèmes de Contrôle. Rattaché au pôle ingénierie, l’ingénieur interviendra sur des projets industriels et énergétiques, notamment durant les phases d’études et de conception : Réalisation des études d’ingénierie en instrumentation et contrôle-commande Élaboration des philosophies de contrôle, architectures systèmes et listes d’instruments Définition des instruments de mesure (pression, débit, niveau, température, analyse) Rédaction des spécifications techniques, datasheets et notes de calcul Développement des schémas de boucles, P&ID, interconnexions et armoires de contrôle Participation aux revues techniques avec les clients et partenaires Coordination technique avec les disciplines process, mécanique, électricité et piping Assistance technique en phase consultation et clarification fournisseurs",Métiers du BTP,"Ingénierie, études développement",CDI,Casablanca-Mohammedia,Casablanca,Non,Expérience entre 5 ans et 10 ans - Expérience > 10 ans,Bac+5 et plus,"['IEC', 'ISA', 'API', 'ATEX selon projets', 'Instrumentation', 'BTP', 'Génie Électrique']",2026-04-02
https://www.emploi.ma/offre-emploi-maroc/community-manager-casablanca-9360703,Community Manager - Casablanca,CRIT,"Nous sommes à la recherche d'un Community Manager. Le/La Community Manager sera en charge de la gestion globale de la communication digitale d’un club de sport. Il/Elle aura pour mission d’animer les réseaux sociaux, de créer du contenu attractif et de valoriser l’image du club auprès de sa communauté.Il/Elle veillera également à développer l’engagement des abonnés, à promouvoir les activités du club et à assurer une présence digitale cohérente et dynamique.","Marketing, communication","Intérim, recrutement",Temps partiel,Casablanca-Mohammedia,Casablanca,Non,Débutant < 2 ans - Expérience entre 2 ans et 5 ans,Bac+3 - Bac+4 - Bac+5 et plus,"['Actions Marketing', 'Animation Marketing', 'Communication Marketing', 'Actions Marketing', 'Communication Digitale', 'Marketing', 'Communication']",2026-05-06
https://www.emploi.ma/offre-emploi-maroc/technicien-maintenance-utilites-specialise-ain-el-aouda-9279902,Technicien Maintenance Utilités - Spécialisé - Aïn El Aouda,AMANYS PHARMA,"Nous sommes à la recherche d'un Technicien Maintenance Utilités - Spécialisé. Poste : En tant qu’un Technicien Maintenance Utilités - Spécialisé , vous êtes rattaché(e) directement au Chef d'équipe Maintenance Utilités , et vos principales responsabilités sont les suivantes : Diagnostiquer des dysfonctionnements techniques nouveaux et aléatoires sur des ensembles comprenant plusieurs technologies (Froid industrielle, Mécaniques, Pneumatiques, Électrotechnique, Automatisme, Instrumentation Informatique industrielle, Fluide et Énergies) ; Réaliser des interventions de maintenance curative et préventive ; Réaliser des interventions complexes sur des ensembles comprenant plusieurs technologies ; Coopérer et coordonner avec les autres techniciens et les clients internes et les prestataires ; Réaliser les réglages, les essais de mise en route et les contrôles ; Renseigner les log-book des équipements et les systèmes assurant la traçabilité des interventions ; Réaliser une révision complète d’un équipement. Appliquer les règles de documentation et de traçabilité ; Documenter des interventions avec précision, clarté, exhaustivité et lisibilité ; Élaborer un dossier/un document technique ; Rédiger un compte-rendu d’intervention et tout ou partie d’un rapport d’anomalie. Installer, qualifier et modifier des équipements ; Élaborer des dossiers de qualification (Protocole, Fiche de test) ; Déclencher et rédiger les documents de maitrise des modifications.","Production, maintenance, qualité",Industrie pharmaceutique,CDI,Rabat-Salé-Kénitra,Aïn El Aouda,Non,Expérience entre 5 ans et 10 ans - Expérience > 10 ans,Bac+2,"['Automatisme', 'Maintenance Industrielle', 'Équipement', 'Fluide', 'Instrumentation', 'Mécanique Électrique', 'Informatique Industrielle', 'Maintenance', 'Production', 'Maintenance Curative', ""Traitement d'Air"", 'Qualité', 'Électrotechnique']",2026-03-25
https://www.emploi.ma/offre-emploi-maroc/chef-rang-anglophone-rabat-9323502,Chef de Rang Anglophone - Rabat,JOB CONNECT,"Nous recrutons pour le compte de notre client basé à Rabat, Un (e) Chef(fe) de Salle / Chef(fe) de Rang (Parfaitement Anglophone). Missions principales : Assurer un accueil irréprochable et personnalisé d’une clientèle premium et internationale Garantir un service haut de gamme en salle, dans le respect des standards de qualité Superviser et coordonner le travail des équipes de salle (chefs de rang, serveurs) Veiller à la satisfaction client tout au long du service Gérer les réclamations avec professionnalisme et diplomatie Assurer la mise en place et le bon déroulement du service Conseiller les clients (menu, vins, suggestions) avec aisance Maintenir une excellente communication avec la cuisine et les autres services",Métiers des services,"Hôtellerie, restauration",CDI,Rabat-Salé-Kénitra,Rabat,,Débutant < 2 ans - Expérience entre 2 ans et 5 ans,Bac+2 - Bac+3,"['Cuisine', 'Restauration', 'Accueil', 'Tourisme']",2026-04-21
https://www.emploi.ma/offre-emploi-maroc/technico-commercial-mohammedia-9269172,Technico-Commercial - Mohammedia,BATIFER,Nous sommes à la recherche d'un Technico-Commercial. Compétences : Excellente maîtrise des techniques de vente et de négociation Forte capacité de prospection et de développement commercial Très bonnes qualités relationnelles et sens du service client Capacité à gérer et développer un portefeuille clients,"Commercial, vente","Industrie, production, fabrication, autres",CDI,Casablanca-Mohammedia,Mohammedia,,Expérience entre 2 ans et 5 ans - Expérience entre 5 ans et 10 ans - Expérience > 10 ans,Bac+3 - Bac+4 - Bac+5 et plus,"['Négociation', 'Vente', 'Techniques de Vente', 'Prospection', 'Développement Commercial']",2026-03-30
https://www.emploi.ma/offre-emploi-maroc/gestionnaire-assurance-automobile-hf-casablanca-9316589,Gestionnaire Assurance Automobile (H/F) - Casablanca,TECTRA CASA TERTIAIRE – RECRUTEMENT,TECTRA recrute un(e) Gestionnaire Assurance Automobile pour le compte de son client basé à Casablanca. Missions principales : Gestion d’un portefeuille clients existant Suivi des dossiers sinistres (maladie et accidents de travail) Gestion des contrats flotte automobile Traitement et suivi des demandes clients Mise à jour des dossiers et suivi administratif Conditions : Contrat : CDI Salaire : Entre 4 000 et 6 000 MAD Horaires : Continu (fin de journée à 17h) Avantages : Mutuelle Formation continue assurée,"Secrétariat, assistanat","Banque, assurance, finances",CDI,Casablanca-Mohammedia,Casablanca,,Débutant < 2 ans - Expérience entre 2 ans et 5 ans - Expérience entre 5 ans et 10 ans - Expérience > 10 ans,Bac+2 - Bac+3 - Bac+4 - Bac+5 et plus,"['Dossiers', 'Assistanat', 'Secrétariat', 'Suivi des Dossiers', 'Suivi Administratif']",2026-04-17
https://www.emploi.ma/offre-emploi-maroc/engineering-technician-meknes-9052573,Engineering Technician - Meknès,LEAR CORPORATION MEKNES,"Nous recherchons des Techniciens Ingénierie H/F pour rejoindre notre équipe. Missions : En tant que Technicien Ingénierie, vous allez participer à la conception de nouveaux produits et systèmes en collaboration avec les ingénieurs ainsi que réaliser des prototypes et des essais pour valider les concepts. Vos missions incluront la mise en œuvre des différents projets, la gestion de la documentation technique, et l'analyse et résolution de problèmes.","Production, maintenance, qualité","Automobile, matériels de transport, réparation",CDI,Fès - Meknès,Meknès,,Débutant < 2 ans - Expérience entre 2 ans et 5 ans,Bac+2 - Bac+3,"['Qualité', 'Production', 'Câblage', 'Maintenance', 'Process']",2026-04-28
https://www.emploi.ma/offre-emploi-maroc/adjoint-shift-magasin-rabat-9232089,Adjoint Shift Magasin - Rabat,LA FONDA,"Nous cherchons un Adjoint Shift Magasin de vente à Rabat. Missions principales : Assurer la mise en valeur des produits en vitrine et veiller à leur bonne présentation. Organiser le planning et la répartition du travail de l’équipe de vente. Gérer l’ensemble du cycle des marchandises : établissement des commandes, réception et vérification, contrôle qualité, organisation du stockage, retrait des produits non conformes, supervision des inventaires. Contribuer activement au développement du chiffre d’affaires et du portefeuille clients Maîtriser les techniques de conservation, d’hygiène, de sécurité alimentaire et de vente. Assurer la vente et la relation client : accueil, conseil, prise de commande, fidélisation, dynamisation de l’équipe. Gérer l’activité du magasin : analyse des performances, ajustements nécessaires, encadrement du personnel, recrutement et formation continue.","Commercial, vente",Agroalimentaire,Intérim,Rabat-Salé-Kénitra,Rabat,,Expérience entre 2 ans et 5 ans - Expérience entre 5 ans et 10 ans - Expérience > 10 ans,Bac - Bac+1 - Bac+2 - Bac+3 - Bac+4 - Bac+5 et plus,['Vente'],2026-04-16
https://www.emploi.ma/offre-emploi-maroc/electromecanicien-casablanca-9296683,Électromécanicien - Casablanca,TECTRA RECRUTEMENT MAROC,"Pour le compte de notre client, nous recrutons un Électromécanicien – Systèmes Automatisés sur Casablanca/ Roches Noires.","Production, maintenance, qualité","Transports, logistique, services postaux",Intérim,Casablanca-Mohammedia,Casablanca,,Expérience entre 2 ans et 5 ans,Bac - Bac+1 - Bac+2 - Bac+3,"['Qualité', 'Maintenance', 'Maintenance Préventive', 'Production']",2026-04-07
https://www.emploi.ma/offre-emploi-maroc/ingenieur-genie-civil-senior-gros-oeuvre-second-oeuvre-rabat-9289136,Ingénieur Génie Civil Senior – Gros Œuvre et Second Œuvre - Rabat,JOB CONNECT,"Nous recrutons pour le compte de notre client basé à Rabat, Un(e) Ingénieur Génie Civil Senior – Gros Œuvre et Second Œuvre dans le secteur BTP – Construction Missions principales : Superviser et coordonner les travaux de gros œuvre et de second œuvre sur les chantiers. Assurer la conformité des travaux aux plans, normes techniques et réglementations en vigueur. Participer à la planification des projets et au suivi des délais, coûts et qualité. Contrôler les matériaux utilisés et garantir le respect des standards de sécurité. Collaborer avec le bureau d’études, les conducteurs de travaux et les sous-traitants pour optimiser l’exécution des projets. Identifier et résoudre les problèmes techniques sur site. Préparer des rapports réguliers sur l’avancement des travaux et proposer des solutions d’amélioration. Encadrer et accompagner les équipes techniques sur le terrain.",Métiers du BTP,"BTP, construction",CDI,Rabat-Salé-Kénitra,Rabat,,Expérience > 10 ans,Bac+5 et plus,"['AUTOCAD', 'Secteur BTP', 'BTP']",2026-04-02
https://www.emploi.ma/offre-emploi-maroc/agent-bourse-interim-rabat-9347865,Agent de Bourse- Intérim - RABAT,JOB CONNECT,Nous recrutons un(e) Agent de Bourse pour la gestion et le suivi des aides financières des étudiants. Missions principales : Gestion des demandes de bourses Vérification des dossiers administratifs et financiers Suivi des bénéficiaires Coordination avec les services internes Mise à jour des bases de données,"Secrétariat, assistanat","Éducation, formation",Intérim,Rabat-Salé-Kénitra,RABAT,,Expérience entre 2 ans et 5 ans - Expérience entre 5 ans et 10 ans,Bac+3 - Bac+4 - Bac+5 et plus,"['Secrétariat', 'Administration', 'Assistanat', 'Gestion Administrative', 'Dossiers Administratifs', 'Dossiers']",2026-05-06
https://www.emploi.ma/offre-emploi-maroc/responsable-maintenance-vehicules-parc-mohammedia-9030321,Responsable Maintenance Véhicules – Parc - Mohammedia,,"Une entreprise leader dans son secteur, recrute un Responsable Maintenance Véhicules à Mohammedia . Vos responsabilités seront les suivantes: Assurer et gérer la maintenance préventive et curative des véhicules du parc (camions, citernes, etc.) ; Organiser le dispatching, le suivi et le contrôle des différentes interventions (mécanique, électrique, soudure, entretien…) ; Suivre en temps réel l’état de disponibilité de la flotte de transport ; Gérer les achats de pièces de rechange, pneumatiques et fournitures (commandes fournisseurs, suivi et règlement des factures) ; Définir les besoins en PDR et pneumatiques ; Établir les D.A et les bons de commande ; Encadrer et gérer le personnel de l’atelier (assiduité, évaluations, recrutements, congés, etc.) ; Suivre et analyser les indicateurs de performance de la maintenance des véhicules.","Production, maintenance, qualité","Distribution, vente, commerce de gros",CDI,Casablanca-Mohammedia,Mohammedia,,Expérience entre 2 ans et 5 ans,Bac+3 - Bac+4 - Bac+5 et plus,"['Mécanique Électrique', 'Gestion de la Maintenance', 'Maintenance', 'Qualité', 'Maintenance Préventive', 'Transport', 'Production', 'Dispatching']",2026-03-24
https://www.emploi.ma/offre-emploi-maroc/agent-reception-preparation-bouskoura-9341535,Agent Réception et Préparation - Bouskoura,BRICOMA,"Dans le cadre du lancement de la centrale d’achat BRICOMA à Bouskoura, nous recrutons des Agents de Réception et Préparation. Vous serez en charge de l’ensemble des opérations de réception marchandises et de préparation des commandes, en contribuant à la fluidité et la qualité des marchandises. Missions principales : Réception : Décharger les marchandises. Collaborer avec l’agent de saisie pour valider les réceptions Vérifier l’état des colis et signaler les anomalies Trier, organiser et préparer les articles/palettes pour le contrôle et la saisie. Participer au bon déroulement des opérations et garder la zone propre Préparation : Préparer et prélever les articles à partir des bons de préparation ou via le PDA. Assembler les commandes sur palettes ou chariots en respectant les quantités et consignes de conditionnement. Vérifier la conformité des références et quantités prélevées et signaler les anomalies. Apposer les étiquettes internes si nécessaire. Respecter les règles de sécurité et maintenir un espace de travail propre.","Transport, logistique","Distribution, vente, commerce de gros",CDI - CDD,Casablanca-Mohammedia,Bouskoura,,Débutant < 2 ans,Bac - Bac+1 - Bac+2,"['Entrepôt', 'Plateforme Logistique', 'Rangement']",2026-05-02
https://www.emploi.ma/offre-emploi-maroc/receptionniste-hotel-rabat-9323233,Réceptionniste d’Hôtel - Rabat,JOB CONNECT,"Nous recrutons, pour le compte de notre client basé à Rabat, un(e) Réceptionniste d’Hôtel . Son rôle consiste à assurer un accueil chaleureux, gérer les réservations et veiller au bon déroulement du séjour des clients, dans le respect des standards de qualité de l’établissement. Mission principale : Accueillir les clients à leur arrivée et à leur départ (check-in / check-out) Gérer les réservations (téléphone, email, plateformes en ligne) Fournir des informations sur les services de l’hôtel et les activités touristiques Assurer la gestion des appels téléphoniques et des demandes clients Traiter les encaissements et la facturation Gérer les réclamations clients avec professionnalisme Coordonner avec les autres services (housekeeping, maintenance, restauration) Veiller à la satisfaction et à la fidélisation des clients",Métiers des services,"Tourisme, loisirs",CDI,Rabat-Salé-Kénitra,Rabat,,Débutant < 2 ans - Expérience entre 2 ans et 5 ans,Bac+1 - Bac+2 - Bac+3,"['Hôtellerie', 'Restauration', 'Formation', 'Accueil', 'Tourisme', 'Maintenance', 'Housekeeping', 'Gestion Hôtelière']",2026-04-21
https://www.emploi.ma/offre-emploi-maroc/magasinier-nouaceur-9331537,Magasinier - Nouaceur,TECTRA CASA BOURGOGNE – RECRUTEMENT,"Nous recherchons un Magasinier sur Nouaceur pour intégrer notre équipe. Ce poste consiste à gérer les stocks, assurer la réception et l'expédition des pièces, et maintenir l'organisation du magasin dans le secteur aéronautique. Il nécessite une attention particulière à la précision et à la conformité aux normes de sécurité. Missions : Réceptionner et vérifier les pièces et fournitures aéronautiques entrantes. Organiser et maintenir l'inventaire du magasin conformément aux procédures en vigueur. Préparer les commandes pour expédition en respectant les délais impartis. Assurer la conformité des pièces avec les normes de sécurité et de qualité. Gérer l'archivage et la documentation liée à la gestion des stocks.","Production, maintenance, qualité","Aéronautique, navale",Intérim,Casablanca-Mohammedia,Nouaceur,,Débutant < 2 ans - Expérience entre 2 ans et 5 ans - Expérience entre 5 ans et 10 ans - Expérience > 10 ans,Qualification avant bac - Bac - Bac+1 - Bac+2 - Bac+3 - Bac+4 - Bac+5 et plus,"['Aéronautique', 'Qualité', 'Maintenance', 'Production']",2026-04-25
https://www.emploi.ma/offre-emploi-maroc/specialiste-paie-senior-sage-paie-chtouka-ait-baha-9345662,Specialiste Paie Senior - Sage Paie - Chtouka Ait Baha,QUALITY TOMATO MOROCCO,"QTM est une entreprise spécialisée dans la production de tomates dans la région d’Agadir, reconnue pour son engagement en faveur de la qualité, de la durabilité et du développement des compétences de ses collaborateurs.Dans le cadre de notre expansion, nous recrutons un Responsable de Paie. Missions principales : Élaboration et gestion de la paie : Assurer la gestion complète et autonome du processus de paie, en appliquant la réglementation sociale et fiscale en vigueur et en utilisant Sage Paie pour sécuriser et optimiser la paie. Collecte, contrôle et traitement des éléments variables de paie (heures, absences, congés, primes, etc.) Établissement des bulletins de paie dans le respect de la réglementation sociale et fiscale Gestion des déclarations sociales (CNSS, AMO, autres organismes) Préparation et suivi du paiement des salaires Reporting et amélioration continue Paramétrage, contrôle et optimisation du logiciel Sage Paie lors de sa mise en place. Production des états de paie, tableaux de bord et reportings sociaux Suivi du pointage journalier Proposition d’améliorations des processus de paie et d’administration du personnel Contribution à l’optimisation des outils et procédures RH Administration du personnel Suivi des entrées et sorties du personnel Vérification des contrats de travail et des RIB Suivi des congés, absences et arrêts de travail Rôle d’interlocuteur(trice) principal(e) des salariés pour toutes les questions liées à la paie Participation aux audits internes et externes","RH, formation","Agriculture, pêche, aquaculture",CDI,Agadir,Chtouka Ait Baha,Non,Expérience entre 2 ans et 5 ans - Expérience entre 5 ans et 10 ans - Expérience > 10 ans,Bac+3 - Bac+4 - Bac+5 et plus,"['Payroll Management', 'Gestion de la Paie', 'Formation', 'Administration du Personnel', 'Payroll Management']",2026-05-05
https://www.emploi.ma/offre-emploi-maroc/charge-achat-meknes-9273755,Chargé d'Achat - Meknès,SOMACOS,"Nous sommes à la recherche des Chargés d'Achat. Missions : Identifier et prospecter de nouveaux fournisseurs Lancer des appels d’offres et comparer les propositions Évaluer les fournisseurs (prix, qualité, délais, fiabilité) Négociation et contractualisation Gestion des commandes et suivi",Achats,"Industrie, production, fabrication, autres",CDI,Agadir - Béni Mellal-Khénifra - Casablanca-Mohammedia - Dakhla - Errachidia - Fès - Guelmim - Laâyoune - Marrakech-Safi - Meknès - Oujda - Rabat-Salé-Kénitra - Settat - Tanger-Tétouan-Al Hoceïma - International,Meknès,Non,Expérience entre 2 ans et 5 ans - Expérience entre 5 ans et 10 ans - Expérience > 10 ans,Bac+2 - Bac+3 - Bac+4 - Bac+5 et plus,"['Gestion des Achats', 'Comptabilité', 'Finance', 'Analyse Industrielle', 'Négociation', 'Gestion des Commandes', 'Achats', 'Recouvrement', 'Maintenance', 'Gestion', 'Qualité', 'Gestion des Achats']",2026-03-20
https://www.emploi.ma/offre-emploi-maroc/pharmacien-assistant-chargee-affaires-reglementaires-berrechid-9005951,Pharmacien Assistant Chargée Affaires Réglementaires - Berrechid,ATLAS PHARM,Nous sommes à la recherche d'un Pharmacien Assistant Chargée Affaires Réglementaires.,Métiers de la santé et du social,"Santé, pharmacie, hôpitaux, équipements médicaux",CDI,Settat,Berrechid,Non,Expérience entre 2 ans et 5 ans - Expérience entre 5 ans et 10 ans - Expérience > 10 ans,Bac+5 et plus,['Industrie Pharmaceutique'],2026-04-25
https://www.emploi.ma/offre-emploi-maroc/zos-system-engineer-senior-storagehf-8251975,Z/OS System Engineer Senior Storage(H/F),AFRICASHORE,"Nous recherchons des profils / CV de Z/OS System Engineer Senior Storage (H/F) pour les transmettre à nos clients dans le cadre de leurs futures campagnes de recrutement. Mission : Mise en œuvre, suivi et gestion technique opérationnelle des opérations, Enrichissement et rechargement des environnements Mainframe z/OS d’homologation et de répétition de bascules. Définition des partitions (création du socle, SGBD, middlewares transactionnels et flux, service techniques, sécurité), clonage et alimentation de données, interopération avec les environnements mainframe et distribués (non mainframe). Suivi et gestion technique d’opérations des divers expertises (ingénieries systèmes et analyses d’exploitations) des différents services du centre d’expertises Mainframe.","Informatique, nouvelles technologies","Informatique, SSII, Internet",CDI - CDD - Freelance,Agadir - Béni Mellal-Khénifra - Casablanca-Mohammedia - Dakhla - Errachidia - Fès - Guelmim - Laâyoune - Marrakech-Safi - Meknès - Oujda - Rabat-Salé-Kénitra - Settat - Tanger-Tétouan-Al Hoceïma - International,/ Travail En Remote,,Expérience entre 5 ans et 10 ans,Bac+3,"['TSO', 'IBM', 'DB2', 'VSAM', 'ZOS', 'JCL', 'CICS', 'MVS']",2026-04-13
https://www.emploi.ma/offre-emploi-maroc/cariste-nouaceur-9356795,Cariste - Nouaceur,TECTRA CASA BOURGOGNE – RECRUTEMENT,"Nous recherchons un Cariste sur nouaceur pour rejoindre notre équipe. Ce poste implique la gestion et la manutention de stocks à l'aide de chariots élévateurs, principalement dans le secteur aéronautique, et nécessite de travailler dans un environnement professionnel dynamique à Nouaceur. Missions : Assurer la conduite sécurisée des chariots élévateurs pour la manipulation des stocks. Gérer efficacement le stockage et le déplacement des marchandises dans l'entrepôt. Participer à la réception et à l'expédition des produits en respectant les procédures de sécurité. Maintenir un environnement de travail propre et organisé pour optimiser la productivité. Collaborer avec les équipes de production, maintenance et logistique pour assurer un flux de travail fluide.","Production, maintenance, qualité","Aéronautique, navale",Intérim,Casablanca-Mohammedia,Nouaceur,,Expérience entre 2 ans et 5 ans - Expérience entre 5 ans et 10 ans - Expérience > 10 ans,Qualification avant bac - Bac - Bac+1 - Bac+2 - Bac+3 - Bac+4 - Bac+5 et plus,"['conduite chariot elevateur stock', 'Stockage', 'Maintenance', 'Expédition', 'Production', 'Stocks', 'Manutention', 'Entrepôt', 'Opérations Logistiques', 'Manipulation', 'Productivité', 'Qualité', 'Transport', 'Fluide', 'Aéronautique']",2026-05-04
https://www.emploi.ma/offre-emploi-maroc/conducteur-travaux-senior-gros-oeuvre-second-oeuvre-rabat-9289164,Conducteur de Travaux Senior – Gros Œuvre et Second Œuvre - Rabat,JOB CONNECT,"Nous recrutons pour le compte de notre client basé à Rabat, Un Conducteur de Travaux Senior – Gros Œuvre et Second Œuvre dans le secteur BTP – Construction Missions principales : Planifier, coordonner et superviser l’exécution des travaux de gros œuvre et second œuvre sur les chantiers. Assurer la conformité des travaux aux plans, cahiers des charges et normes techniques. Gérer les équipes de chantier, sous-traitants et fournisseurs pour garantir le respect des délais et budgets. Contrôler la qualité des matériaux et travaux réalisés et assurer la sécurité sur le chantier. Suivre les indicateurs de performance (délais, coûts, qualité) et proposer des actions correctives. Préparer et transmettre des rapports réguliers à la direction et au bureau d’études. Résoudre les problèmes techniques ou organisationnels rencontrés sur site. Collaborer avec le bureau d’études pour optimiser les méthodes de construction et les coûts.",Métiers du BTP,"BTP, construction",CDI,Rabat-Salé-Kénitra,Rabat,,Expérience > 10 ans,Bac+5 et plus,"['AUTOCAD', 'Construction', 'BTP', 'Secteur BTP']",2026-04-02
https://www.emploi.ma/offre-emploi-maroc/responsable-import-export-meknes-9273639,Responsable Import Export - Meknès,SOMACOS,"N/B : Il faut que le candidat réside à Meknès Dans le cadre de notre développement, nous recrutons une Responsable Import Export à MEKNES pour assurer la gestion administrative des dossiers import/export et faire le suivi avec l'ensemble de nos interlocuteurs (Compagnies de transport, Douanes, Transitaires, etc.) Missions : Gérer les documents douaniers et assurer le respect des réglementations locales et internationales. Coordonner le transport et la logistique des marchandises. Négocier avec les fournisseurs et les prestataires de services logistiques. Maintenir des relations efficaces avec les clients et les partenaires commerciaux à l'international. Optimiser les processus pour garantir l'efficacité opérationnelle et la réduction des coûts. Effectuer la veille réglementaire et assurer la conformité aux exigences en matière de commerce international.","Production, maintenance, qualité","Industrie, production, fabrication, autres",CDI,Agadir - Béni Mellal-Khénifra - Casablanca-Mohammedia - Dakhla - Errachidia - Fès - Guelmim - Laâyoune - Marrakech-Safi - Meknès - Oujda - Rabat-Salé-Kénitra - Settat - Tanger-Tétouan-Al Hoceïma - International,Meknès,Non,Expérience entre 2 ans et 5 ans - Expérience entre 5 ans et 10 ans - Expérience > 10 ans,Bac+3 - Bac+4 - Bac+5 et plus,"['Importation', 'Exportation', 'Commerce international', 'Qualité', 'Processus', 'Maintenance']",2026-03-20
https://www.emploi.ma/offre-emploi-maroc/assistante-administrative-community-manager-spa-rabat-9285925,Assistante Administrative et Community Manager (Dermo-Cosmétique) - Rabat,JOB CONNECT,"Nous recrutons pour le compte de notre client, un établissement spécialisé dans le bien-être, le spa et la coiffure, une Assistante Administrative et Community Manager dynamique, organisée et créative. Missions principales : Assurer le volet administratif Assurer le volet Community Management Gérer et animer les réseaux sociaux (Instagram, Facebook, etc.) Créer du contenu attractif (photos, vidéos, stories, promotions) Répondre aux messages et commentaires des clients Mettre en place des campagnes promotionnelles et offres spéciales Suivre les performances (engagement, visibilité) et proposer des améliorations","Marketing, communication","Marketing, communication, médias",CDI,Rabat-Salé-Kénitra,Rabat,,Débutant < 2 ans - Expérience entre 2 ans et 5 ans,Bac+2 - Bac+3,"['Communication', 'Community Management']",2026-04-01
https://www.emploi.ma/offre-emploi-maroc/commercial-senior-hotel-casablanca-9346364,Commercial Senior – Hôtel - Casablanca,CRIT,"Nous sommes à la recherche d'un Commercial Senior – Hôtel. L’Agent Commercial Senior aura pour mission principale de développer l’activité commerciale de l’hôtel et d’augmenter son chiffre d’affaires. Il assure la prospection, la gestion et la fidélisation d’un portefeuille clients composé principalement d’entreprises et d’agences de voyages. Missions principales : Développer et gérer un portefeuille clients corporate et agences Assurer la prospection de nouveaux partenaires commerciaux Promouvoir les services et offres de l’hôtel Négocier et conclure des contrats commerciaux Assurer le suivi et la fidélisation des clients existants Représenter l’hôtel auprès des partenaires et lors d’événements professionnels Contribuer à l’atteinte des objectifs commerciaux","Commercial, vente","Intérim, recrutement",CDI,Casablanca-Mohammedia,Casablanca,Non,Expérience entre 2 ans et 5 ans - Expérience entre 5 ans et 10 ans,Bac+3 - Bac+4 - Bac+5 et plus,"['Actions Commerciales', 'Actions Commerciales', 'Prospection', 'Vente', 'Négociation']",2026-05-05
https://www.emploi.ma/offre-emploi-maroc/conseillerere-commerciale-el-jadida-9362171,Conseiller(ère) Commercial(e) - EL Jadida,TECTRA EL JADIDA – RECRUTEMENT,"L’Humain est au cœur de notre métier ! TECTRA est aujourd’hui leader du conseil en Ressources Humaines au Maroc. Avec plus de 1000 clients actifs multisectoriels et une force de réseaux de 27 agences partout dans le Royaume, Tectra vous accompagne dans votre recherche d’emploi. Pour l’un de ses clients, TECTRA recherche un/une Conseiller(ère) Commercial(e) à Eljadida Missions Principales : Accueillir et conseiller les clients sur les solutions de financement et produits de crédit Développer et fidéliser un portefeuille clients Étudier les besoins des clients et proposer des offres adaptées, Assurer le suivi des dossiers de crédit jusqu'à leur finalisation Participer au développement commercial de l'établissement Veiller à la satisfaction client et au respect des procédures internes","Commercial, vente","Banque, assurance, finances",Intérim,Casablanca-Mohammedia - Marrakech-Safi,EL Jadida,,Expérience entre 2 ans et 5 ans,Bac+2 - Bac+3,"['Négociation', 'Techniques de Vente', 'Développement Commercial', 'Vente']",2026-05-07
https://www.emploi.ma/offre-emploi-maroc/assistante-administrative-commerciale-casablanca-marrakech-9311307,Assistante Administrative et Commerciale - Casablanca - Marrakech,DOMOCASA,"Domocasa Domocasa est spécialisée dans l’intégration de solutions en courant faible : domotique, réseaux & Wi-Fi, téléphonie, sécurité, audiovisuel et gestion technique des bâtiments. Nous accompagnons nos clients (résidentiel et professionnel, notamment hôtellerie) avec des solutions intelligentes et sur mesure. Nous sommes à la recherche des Assistantes Administratives et Commerciales. Votre mission Véritable support de l’activité, vous intervenez à la fois sur l’administratif et le commercial, en lien direct avec la direction et les équipes. Vos responsabilités : Gestion administrative quotidienne (dossiers, classement, suivi) Rédaction de documents, courriers et comptes rendus Suivi des commandes, facturation et coordination fournisseurs Élaboration et suivi des devis et offres commerciales Suivi des prospects et clients (relances, CRM) Accueil téléphonique et traitement des demandes Support à l’équipe commerciale et participation aux actions marketing (salons, supports…)","Commercial, vente","Distribution, vente, commerce de gros",CDI,Casablanca-Mohammedia - Marrakech-Safi,Casablanca - Marrakech,,Débutant < 2 ans - Expérience entre 2 ans et 5 ans - Expérience entre 5 ans et 10 ans - Expérience > 10 ans,Bac+2 - Bac+3 - Bac+4 - Bac+5 et plus,"['Rédaction', 'CRM', 'POWERPOINT', 'Facturation', 'Support', 'Secrétariat', 'WORD', 'Suivi Commercial', 'Devis', 'Dossiers', 'Assistanat', 'Gestion Administrative']",2026-05-02
https://www.emploi.ma/offre-emploi-maroc/ingenieur-process-hf-casablanca-9272501,Ingénieur Process (H/F) - Casablanca,EXPERT EYE ENGINEERING,"Nous sommes à la recherche d'un Ingénieur Process (H/F). Missions principales Intégré au pôle ingénierie, l’ingénieur process interviendra sur des projets industriels, énergétiques et d’infrastructures, principalement en phase études : Réalisation des études de procédé (faisabilité, APS, APD, ingénierie de base et détaillée) Élaboration et mise à jour des PFD / PID, bilans matière et énergie Définition des bases de conception (Design Basis) et notes de calcul process Réalisation des calculs hydrauliques (pertes de charge, dimensionnement des lignes, sélection des pompes, régimes d’écoulement) Réalisation des calculs de flexibilité des réseaux de tuyauterie en coordination avec la discipline piping Dimensionnement des équipements process (réservoirs, échangeurs, pompes, compresseurs, colonnes, utilités, etc.) Rédaction des spécifications techniques process pour consultation fournisseurs Analyse des conditions opératoires, transitoires et scénarios de fonctionnement Participation aux études de sécurité (HAZID, HAZOP, ATEX – selon projets) Interface technique avec les disciplines piping, mécanique, instrumentation et électricité Participation aux revues techniques clients et internes",Métiers du BTP,"Ingénierie, études développement",CDI,Casablanca-Mohammedia,Casablanca,Non,Expérience entre 5 ans et 10 ans - Expérience > 10 ans,Bac+5 et plus,"['faisabilité', 'APS', 'APD', 'ingénierie de base et détaillée', 'HAZID', 'HAZOP', 'ATEX – selon projets', 'Énergie', 'Tuyauterie', 'Dimensionnement', 'Instrumentation', 'BTP']",2026-05-07
https://www.emploi.ma/offre-emploi-maroc/geologue-cartographie-tinejdad-9362061,Géologue de Cartographie - Tinejdad,AYA GOLD AND SILVER,"Nous sommes à la recherche d'un Géologue de Cartographie. Mission principale Le géologue de cartographie est chargé de réaliser les travaux de cartographie géologique et structurale nécessaires à la compréhension des contrôles lithologiques et structuraux des minéralisations, et à l’orientation des travaux d’exploration régionale. Responsabilités et tâches Réaliser la cartographie géologique et structurale détaillée (lithologie, altération, structures, veines, failles). Identifier, décrire et interpréter les indices de minéralisation en surface. Effectuer l’échantillonnage de roches et de sols (sélectif et systématique). Décrire les affleurements, tranchées et anciens travaux miniers. Lever et intégrer les données terrain dans un SIG (QGIS). Produire des cartes géologiques, structurales et thématiques. Contribuer à l’interprétation géologique et à la définition de cibles d’exploration. Rédiger des rapports de terrain clairs et structurés. Assurer la description géologique et le suivi de toute activité liée aux forages carottés et aux chips de forage RC. Appliquer strictement les procédures HSE en vigueur sur le site.","Production, maintenance, qualité","Chimie, pétrochimie, matières premières, mines",CDI,Errachidia,Tinejdad,,"Etudiant, jeune diplômé - Débutant < 2 ans - Expérience entre 2 ans et 5 ans - Expérience entre 5 ans et 10 ans - Expérience > 10 ans",Bac+3 - Bac+4 - Bac+5 et plus,"['Forage', 'Maintenance', 'Qualité', 'Production', 'Exploration']",2026-05-07
https://www.emploi.ma/offre-emploi-maroc/hotesse-accueil-casablanca-9360018,Hôtesse d’Accueil - Casablanca,CRIT,"Nous recherchons un Hôtesse d’accueil pour rejoindre notre équipe. Ce poste implique l'accueil et l'orientation des visiteurs, la gestion des appels téléphoniques et la coordination des tâches administratives, dans un environnement professionnel dynamique. Missions : Accueillir chaleureusement les visiteurs et les orienter vers les services appropriés. Gérer les appels téléphoniques entrants et sortants avec professionnalisme. Assurer la gestion du courrier et des courriels administratifs. Maintenir l'espace d'accueil propre et organisé. Coordonner avec les différentes équipes pour assurer un flux efficace d'informations.","Secrétariat, assistanat","Intérim, recrutement",Intérim,Casablanca-Mohammedia,Casablanca,Non,Débutant < 2 ans,Bac+2 - Bac+3,"['Assistanat', 'Secrétariat', 'Assistanat', 'Gestion du Courrier', 'Assistance', 'Gestion des Appels']",2026-05-06
https://www.emploi.ma/offre-emploi-maroc/charge-back-office-recouvrement-tresorerie-contrat-interim-casablanca-9349832,Chargé de Back Office Recouvrement et Trésorerie (Contrat d'intérim) - Casablanca,DEKRA SERVICES,"Nous cherchons dans le cadre de l’intérim, un(e) Chargé de Back Office Recouvrement et Trésorerie pour le compte d’un groupe international, leader mondial dans la Commercialisation et assemblage de camions, autocars, autobus et Importation d'engins de travaux publics, sis au quartier industriel Ahl Loghlam. Vous serez en charge de : Recouvrement : Effectuer les relances écrites et téléphoniques, assurer le suivi des dossiers clients et mettre à jour les outils de gestion Effectuer les relances écrites et téléphoniques, assurer le suivi des dossiers clients et mettre à jour les outils de gestion Gestion des impayés : Suivi des dossiers de recouvrement de l'ouverture à la clôture, relances par courrier ou courriel. Lettrage des comptes clients, réconciliation des paiements et régularisation des comptes. Envoi des relevés clients Suivi et reporting : Gestion des demandes d’augmentation temporaire et de blocage des comptes clients sur CREDIT PORTAL. Analyse de la balance âgée, suivi des encaissements et reporting. Procédures contentieuses : Préparation des dossiers pour le recouvrement judiciaire ou la transmission aux cabinets spécialisés. Back office Tresorerie: Scannérisations des chèques et effets Suivi du portefeuille des effets Suivi quotidien des positions bancaires, équilibrage des comptes Gestion des encaissements/ décaissements Assurer le règlement/livraison des transactions, initier les virements et gérer les positions cash Effectuer les rapprochements bancaires, analyser les suspens comptables et justifier les écarts Produire les états de position de trésorerie, les prévisions de liquidité et les rapports d'incidents.","Gestion, comptabilité, finance","Automobile, matériels de transport, réparation",Intérim,Casablanca-Mohammedia,Casablanca,,Expérience entre 2 ans et 5 ans - Expérience entre 5 ans et 10 ans,Bac+3 - Bac+4 - Bac+5 et plus,"['Recouvrement', 'Trésorerie', 'Finance', 'Gestion', 'Gestion des Encaissements', 'Gestion des Impayés', 'Comptabilité']",2026-05-07
https://www.emploi.ma/offre-emploi-maroc/technicien-electromecanicien-experimente-secteur-agroalimentaire-oujda-9358373,Technicien Électromécanicien Expérimenté – Secteur Agroalimentaire - Oujda,,"Société Opérant dans le secteur agroalimentaire basée à Oujda, recherche un(e) Technicien(ne) Électromécanicien(ne) de terrain pour assurer la disponibilité et la performance de ses outils de production. Rattaché(e) au Responsable Technique, vous jouez un rôle central en combinant la surveillance opérationnelle des lignes et l'expertise technique de maintenance. Vos principales missions : Pilotage technique : Superviser le fonctionnement des lignes de production automatisées et intervenir sur les réglages complexes. Maintenance Corrective : Diagnostiquer les pannes et réparer les systèmes électriques, mécaniques, pneumatiques et hydrauliques. Maintenance Préventive : Exécuter le plan de maintenance pour garantir la longévité des machines (moteurs, convoyeurs, pompes, automates). Amélioration continue : Participer à l'installation de nouveaux équipements et suggérer des modifications pour optimiser la consommation énergétique et la sécurité. Hygiène & Sécurité : Appliquer rigoureusement les normes de sécurité industrielle et les standards d'hygiène propres à l'agroalimentaire.","Production, maintenance, qualité",Agroalimentaire,CDI,Oujda,Oujda,,Expérience entre 2 ans et 5 ans,Bac+2,"['Consommation Énergétique', 'Maintenance', 'Amélioration Continue', 'Agroalimentaire', 'Production', 'Mécanique Générale', 'Automatisme', 'Maintenance Industrielle', 'Maintenance Corrective', 'Électricité Industrielle', 'Hygiène', 'Maintenance Préventive', 'Sécurité Industrielle', 'Électromécanique', 'Machines', 'Qualité', 'Process']",2026-05-05
https://www.emploi.ma/offre-emploi-maroc/agent-recouvrement-casablanca-9322366,Agent de Recouvrement - Casablanca,CRIT,"Dans le cadre du développement de ses activités, la société PROFAL recrute un Agent de Recouvrement afin de renforcer son équipe. Vous serez en charge du suivi des créances clients et veillerez au respect des échéances de paiement. Vous contacterez les clients pour le recouvrement des impayés et négocierez des solutions de paiement adaptées, telles que des échéanciers ou des accords amiables. Vous assurerez également la mise à jour des informations clients et le suivi des dossiers dans le système de gestion. En collaboration avec les équipes commerciales et comptables, vous contribuerez au bon suivi des comptes clients et à la maîtrise des encours.","Gestion, comptabilité, finance","Intérim, recrutement",Intérim,Casablanca-Mohammedia,Casablanca,Non,Débutant < 2 ans,Bac+2,"['Gestion des Recouvrements', 'Recouvrement', 'Gestion', 'Finance', 'Comptabilité']",2026-04-22
https://www.emploi.ma/offre-emploi-maroc/specialiste-assurance-qualite-docteur-pharmacie-berrechid-8749258,Spécialiste Assurance Qualité - Docteur en Pharmacie - Berrechid,ATLAS PHARM,"Nous sommes à la recherche d'un Spécialiste Assurance Qualité - Docteur en Pharmacie. Missions : Mise en couvre et maintien de la politique qualité du site selon les standards du groupe. Assurer la compliance des précédés en conformité avec les BPF. Assurer la qualification des fournisseurs des composants pharmaceutiques. Gérer les déviations qualité, investigation, Change contrôle et plan d'action. Assurer un suivi des plans CAPA issues des audits internes, inspections et audits clients. Mettre en place une politique de formation selon les exigences BPF. Mise en couvre et maintien de la politique qualité du site selon les standards du groupe. Assurer la compliance des précédés en conformité avec les BPF. Assurer la qualification des fournisseurs des composants pharmaceutiques. Gérer les déviations qualité, investigation, Change contrôle et plan d'action. Assurer un suivi des plans CAPA issues des audits internes, inspections et audits clients. Mettre en place une politique de formation selon les exigences BPF.","Production, maintenance, qualité",Industrie pharmaceutique,CDI,Casablanca-Mohammedia - Settat,Berrechid,Non,Expérience entre 2 ans et 5 ans - Expérience entre 5 ans et 10 ans - Expérience > 10 ans,Bac+5 et plus,"['Qualité', 'Maintenance', 'Production', 'BPF']",2026-04-25
https://www.emploi.ma/offre-emploi-maroc/superviseur-commerce-casablanca-region-9274098,Superviseur de Commerce - Casablanca et Région,MARJANE MARKET,"Dans le cadre de l’ouverture de nouveaux sites, Marjane Market recrute des Superviseurs de Commerce (H/F) pour les villes de : Oujda, Nador, Khemisset, Sidi Rahal, Bouskoura et Tiznit. Vous serez rattaché directement au Directeur Magasin. Vous interviendrez en véritable chef d’orchestre. Dans ce cadre vous serez pleinement impliqué (e) sur les missions suivantes : Mettre en place l’organisation de l’ensemble des rayons dans le respect de la stratégie commerciale et marketing de l’enseigne ; Maitriser les règles de merchandising ; Établir le budget prévisionnel annuel ; Gérer les marges de votre secteur et veiller sur la réalisation des objectifs (CA….) ; Former et accompagner vos équipes sur le terrain ;","Commercial, vente","Distribution, vente, commerce de gros",CDI,Casablanca-Mohammedia - Oujda,Casablanca Et Région,Non,Expérience entre 2 ans et 5 ans,Bac+5 et plus,"['Merchandising', 'Stratégie Commerciale']",2026-03-27
https://www.emploi.ma/offre-emploi-maroc/commercial-terrain-b2b-dakhla-9272321,Commercial Terrain B2B - Dakhla,TECTRA,"L’Humain est au cœur de notre métier ! TECTRA est aujourd’hui leader du conseil en Ressources Humaines au Maroc. Avec plus de 1000 clients actifs multisectoriels et une force de réseaux de 27 agences partout dans le Royaume, Tectra vous accompagne dans votre recherche d’emploi. TECTRA recrute un Commercial Terrain B2B à Dakhla pour le compte de l’un de ses clients du secteur du l'énergie. Missions principales: Développer et fidéliser un portefeuille de clients (nouveaux et existants) en définissant des plans commerciaux et marketing adaptés, en négociant les conditions contractuelles et tarifaires, et en garantissant une exécution irréprochable des services afin d’atteindre les objectifs de vente et de rentabilité. Définir et actualiser régulièrement la segmentation clients, les niveaux de service différenciés et le plan de vente/marketing associé. Piloter la revue business client : produits, packages de services, contrats, tarifs, conditions de paiement, termes de crédit, limites de crédit et suivi des impayés/dettes. Mener les négociations tarifaires et contractuelles : préparer devis, offres et propositions, et valider les exigences opérationnelles (prix, contrat, modalités de paiement, services). Assurer le respect des engagements contractuels par les prestataires et partenaires de service. Garantir la traçabilité des interactions clients : saisie, mise à jour et suivi dans les outils commerciaux/CRM. Proposer et vendre des initiatives marketing (acquisition & fidélisation) en coordination avec l’équipe marketing, selon des objectifs définis. Travailler en transversal avec les équipes internes et des tiers pour délivrer un service efficace, fiable et optimisé en coûts pour le client.","Commercial, vente","Electricité, eau, gaz, nucléaire, énergie",CDI,Dakhla - Laâyoune,Dakhla,,Expérience entre 2 ans et 5 ans,Bac+2 - Bac+3,"['Communication', 'Devis', 'Marketing', 'CRM', 'Négociation', 'Vente', 'Techniques de Vente']",2026-03-19
https://www.emploi.ma/offre-emploi-maroc/technicien-froid-climatisation-casablanca-9337673,Technicien en Froid et Climatisation - Casablanca,TECTRA CASA BOURGOGNE – RECRUTEMENT,"Nous recherchons un Technicien en Froid et Climatisation en intérim pour rejoindre notre équipe. Ce poste implique l'installation, la mise en service et la maintenance préventive et curative des équipements frigorifiques et de conditionnement d'air, tels que les splits, VRV et chambres froides. Le candidat doit être capable de travailler dans un environnement dynamique et exigeant. Missions : Installer et configurer des systèmes de climatisation et de réfrigération selon les normes en vigueur. Assurer la mise en service des équipements pour garantir leur bon fonctionnement. Effectuer la maintenance préventive pour prévenir les pannes et prolonger la durée de vie des appareils. Intervenir rapidement en cas de panne pour effectuer la maintenance curative. Diagnostiquer les dysfonctionnements et proposer des solutions techniques adaptées.","Production, maintenance, qualité","Automobile, matériels de transport, réparation",Intérim,Casablanca-Mohammedia,Casablanca,,Débutant < 2 ans - Expérience entre 2 ans et 5 ans - Expérience entre 5 ans et 10 ans - Expérience > 10 ans,Qualification avant bac - Bac - Bac+1 - Bac+2 - Bac+3 - Bac+4 - Bac+5 et plus,"['technicien froid et clim junior', 'Maintenance Préventive', 'Production', 'Maintenance Curative', 'Maintenance', 'Qualité']",2026-04-30
https://www.emploi.ma/offre-emploi-maroc/stagiaire-marketing-pfe-casablanca-ain-sebaa-9201657,Stagiaire en Marketing (PFE) - Casablanca Ain Sebaa,SAINT GOBAIN MAROC,"Description du poste : Nous recherchons un(e) Stagiaire en Marketing (TFE) motivé(e) pour soutenir nos activités marketing et communication. Ce stage vous permettra de développer vos compétences dans un environnement professionnel dynamique et de participer à des projets concrets. Missions principales : Participer à la mise en place et au suivi des campagnes marketing (emailing, réseaux sociaux, promotions). Créer et rédiger du contenu pour les supports digitaux et print. Assister dans l’analyse des performances des campagnes et la préparation de rapports. Contribuer à la veille concurrentielle et aux études de marché. Participer à l’organisation d’événements et d’actions promotionnelles. Mettre à jour les bases de données clients et supports marketing. Participer aux activités spécifiques liées au TFE (projets, rapports, recherches ou missions dédiées selon programme).","Marketing, communication","BTP, construction",Stage,Casablanca-Mohammedia,Casablanca Ain Sebaa,Non,"Etudiant, jeune diplômé - Débutant < 2 ans - Expérience entre 2 ans et 5 ans - Expérience entre 5 ans et 10 ans - Expérience > 10 ans",Bac+3 - Bac+4 - Bac+5 et plus,"['Communication', 'Supports Marketing', 'Marketing', 'Emailing']",2026-04-04
https://www.emploi.ma/offre-emploi-maroc/charge-affaires-it-ingenieur-avant-vente-hf-marrakech-9316467,Chargé d’Affaires IT / Ingénieur Avant-Vente (H/F) - Marrakech,VIGON SYSTEMS,"Nous sommes à la recherche d'un Chargé d’Affaires IT / Ingénieur Avant-Vente (H/F). En tant que Chargé d’Affaires IT / Ingénieur Avant-Vente, vous jouez un rôle central dans le développement commercial et la structuration technique des projets. Vous intervenez dès la phase de qualification du besoin jusqu’à la remise d’offres complètes, en assurant la cohérence entre les exigences client, les contraintes techniques et les objectifs de rentabilité. Vous analysez les besoins clients, proposez des architectures adaptées (réseaux, téléphonie, infrastructure) et élaborez des offres techniques et financières précises, optimisées et compétitives. Vous êtes responsable de la rapidité et de la qualité des chiffrages, en vous appuyant sur un réseau actif de fournisseurs et de distributeurs afin d’obtenir les meilleures conditions en termes de prix, disponibilité et délais. Vous assurez également un rôle de conseil auprès des clients, participez aux présentations techniques et contribuez à la transformation des opportunités en contrats signés. En interne, vous collaborez étroitement avec les équipes techniques pour garantir la faisabilité des solutions proposées et assurer une transition fluide vers les phases de déploiement. Votre mission est orientée résultat : produire des offres fiables rapidement, sécuriser les projets et contribuer directement à la croissance du chiffre d’affaires de l’entreprise.",Achats,"Informatique, SSII, Internet",CDI - CDD,Marrakech-Safi,Marrakech,Hybride,Débutant < 2 ans - Expérience entre 2 ans et 5 ans - Expérience entre 5 ans et 10 ans - Expérience > 10 ans,Bac+2 - Bac+3 - Bac+4 - Bac+5 et plus,"['Chiffrage', 'fournisseurs', 'Négociation', 'FORTINET', 'VLAN', 'WAN', 'ARUBA', 'CISCO', 'Sourcing', 'VOIP', 'Achats', 'Gestion des Fournisseurs']",2026-05-07
https://www.emploi.ma/offre-emploi-maroc/assistante-cabinet-medical-casablanca-9361578,Assistante de Cabinet Médical - Casablanca,CRIT,Nous sommes à la recherche d'une Assistante de Cabinet Médical. Missions : Accueil et orientation des patients Gestion des rendez-vous Assistance administrative au sein du cabinet Suivi de la facturation et tâches administratives,"Secrétariat, assistanat","Intérim, recrutement",CDI,Casablanca-Mohammedia,Casablanca,Non,Débutant < 2 ans - Expérience entre 2 ans et 5 ans,Bac+2,"['Assistanat', 'Domaine Médical', 'Assistanat', 'Assistance Administrative', 'Assistance', 'Facturation', 'Secrétariat']",2026-05-07
https://www.emploi.ma/offre-emploi-maroc/maitre-hotel-fes-9322265,Maître d'Hôtel - Fès,TECTRA FÈS,"Nous sommes actuellement à la recherche d'un Maître d'Hôtel pour l'un de nos établissements partenaires basé à Fès. Missions principales : Accueil et placement : Accueillir les clients à leur arrivée, les installer et leur remettre la carte. Conseil et prise de commande : Conseiller sur les plats et les vins, prendre les commandes et gérer les réservations. Management : Organiser le travail de l'équipe de salle (15-20 personnes) et coordonner le service entre la salle et la cuisine. Service : Superviser le service, réaliser des découpages ou flambages en salle.","Tourisme, hôtellerie, restauration","Hôtellerie, restauration",Intérim,Fès,Fès,,Expérience entre 2 ans et 5 ans,Bac+4,"['Restauration', 'Cuisine', 'Accueil']",2026-04-21
https://www.emploi.ma/offre-emploi-maroc/comptable-anglophone-casablanca-9329287,Comptable Anglophone - Casablanca,DEKRA SERVICES,Nous sommes à la recherche d'un Comptable Anglophone. Missions : Assurer le suivi et le contrôle des factures fournisseurs Apporter un support opérationnel à GBS dans le cadre du traitement et de la finalisation des factures Participer à la préparation et à la vérification de la documentation nécessaire au traitement des paiements Contribuer aux réunions de coordination avec les équipes logistiques et assurer le suivi des points bloquants liés aux paiements Assurer la coordination avec l’équipe Trésorerie pour le traitement des demandes de paiement Coordonner avec l’équipe Trésorerie et les établissements bancaires dans le cadre des demandes liées à l’Office des Changes,"Gestion, comptabilité, finance","Environnement, recyclage",CDD,Casablanca-Mohammedia,Casablanca,,Expérience entre 2 ans et 5 ans,Bac+5 et plus,"['Trésorerie', 'Finance', 'Comptabilité', 'Gestion']",2026-04-24
https://www.emploi.ma/offre-emploi-maroc/cariste-conducteur-gerbeur-experimente-casablanca-9217368,Cariste : Conducteur de Gerbeur Expérimenté - Casablanca,BRICOMA,"Nous sommes à la recherche des Caristes : Conducteurs de Gerbeur Expérimentés. Missions : Réaliser les opérations de stockage, de déstockage et de déplacement des palettes à l’aide d’un gerbeur électrique. Garantir la bonne organisation et optimisation des emplacements de stockage en entrepôt. Récupérer, déplacer et positionner les palettes à partir de la réception ou de la préparation. Déstocker les palettes à la demande des équipes de préparation ou d’expédition. Assurer les mouvements interzones (transferts, regroupements...). Valider chaque mouvement dans le système (WMS). Vérifier les correspondances entre l’étiquette palette, la référence et l’emplacement. Signaler toute anomalie (palette mal identifiée, emplacement occupé…). Réaliser les vérifications de sécurité quotidienne sur le gerbeur. Veiller au respect des plans de circulation. Alerter en cas d’incident technique ou d’anomalie de conduite.","Transport, logistique","Distribution, vente, commerce de gros",CDI,Casablanca-Mohammedia,Casablanca,,Expérience entre 2 ans et 5 ans - Expérience entre 5 ans et 10 ans - Expérience > 10 ans,Qualification avant bac - Bac - Bac+1 - Bac+2,"['Entrepôt', 'Déstockage', 'Expédition', 'Stockage']",2026-04-07
https://www.emploi.ma/offre-emploi-maroc/comptable-caissier-casablanca-9322284,Comptable Caissier - Casablanca,CRIT,"Nous sommes à la recherche d'un Comptable Caissier. Dans le cadre de cette mission, le Comptable Caissier sera en charge de la gestion quotidienne de la caisse, incluant les opérations d’encaissement et de décaissement. Il assurera également la tenue de la comptabilité liée aux flux de trésorerie, le suivi rigoureux des mouvements de caisse ainsi que les rapprochements afin d’identifier et corriger les éventuels écarts. Le poste implique aussi l’enregistrement des opérations comptables dans le respect des procédures internes, ainsi que la participation à l’élaboration des reportings financiers. Une attention particulière sera portée au respect des règles de gestion et à la fiabilité des informations traitées.","Gestion, comptabilité, finance","Intérim, recrutement",Intérim,Casablanca-Mohammedia,Casablanca,Non,Débutant < 2 ans,Bac+3 - Bac+4 - Bac+5 et plus,"['Comptabilité', 'Gestion des Encaissements', 'Trésorerie', 'Gestion', 'Finance']",2026-04-22
https://www.emploi.ma/offre-emploi-maroc/magasinier-piece-rechange-had-soualem-9358090,Magasinier en Pièce de Rechange - Had Soualem,TECTRA RECRUTEMENT MAROC,"Nous sommes à la recherche d'un Magasinier spécialisé en Pièce de Rechange à Had Soualem, zone industrielle LAASILATE.","Production, maintenance, qualité","Industrie, production, fabrication, autres",CDI - CDD - Intérim - Stage - Freelance - Anapec - Alternance - Temps partiel - Statutaire,Casablanca-Mohammedia,Had Soualem,,Expérience entre 2 ans et 5 ans - Expérience entre 5 ans et 10 ans - Expérience > 10 ans,Bac+1 - Bac+2 - Bac+3 - Bac+4 - Bac+5 et plus,"['Qualité', 'Maintenance']",2026-05-05
https://www.emploi.ma/offre-emploi-maroc/chef-cuisinier-expatriation-cameroun-yaounde-9293522,Chef Cuisinier - Expatriation Cameroun - Yaoundé,AFRICAWORK,"Nous recrutons pour l'un de nos clients, un Restaurant Lounge situé en Cameroun, un(e) Chef Cuisinier. Poste basé à : Yaoundé - Cameroun Responsabilités: Vous reportez au Manager et vos missions seront autour de: La direction de la cuisine; La création et le développement de la carte; Standardisation des recettes; La gestion de la bngade de cuisine; Contrôle qualité et Hygiène; La gestion des couts et des stocks; La gestion des achats; L'innovation et image de marque gastronomique; La coordination avec la salle; L'organisation des services; La formation continue du personnel; La maintenance des équipements; Le reporting à la direction générale.;",Métiers des services,"Hôtellerie, restauration",CDD,International,Yaoundé,Non,Expérience entre 5 ans et 10 ans - Expérience > 10 ans,Bac - Bac+1 - Bac+2 - Bac+3 - Bac+4 - Bac+5 et plus,"['Maintenance', 'Formation']",2026-04-04
https://www.emploi.ma/offre-emploi-maroc/controleur-gestion-rabat-9339303,Contrôleur de Gestion - Rabat,,"Dans le cadre de notre développement, nous recherchons un(e) Contrôleur de Gestion basé(e) à Rabat. Missions principales : Suivi et analyse des performances financières Élaboration des reportings et tableaux de bord Contrôle des coûts et optimisation des budgets Participation aux clôtures comptables Analyse des écarts et recommandations","Gestion, comptabilité, finance","BTP, construction",CDI,Rabat-Salé-Kénitra,Rabat,,Expérience entre 5 ans et 10 ans - Expérience > 10 ans,Bac+4 - Bac+5 et plus,"['Comptabilité', 'Gestion', 'Audit', 'Finance']",2026-05-01
https://www.emploi.ma/offre-emploi-maroc/comptable-confirmee-secteur-associatif-rabat-9305135,Comptable Confirmé(e) – Secteur Associatif - Rabat,JOB CONNECT,"Nous recrutons pour le compte de notre client basé à Rabat, Un (e) Comptable Confirmé(e) – Secteur Associatif. Missions principales : Assurer la tenue de la comptabilité générale et analytique Gérer les opérations comptables quotidiennes (saisie, rapprochements bancaires, suivi des paiements) Élaborer les états financiers (bilans, comptes de résultat, situations périodiques) Assurer le suivi budgétaire et le contrôle des dépenses Préparer les déclarations fiscales et sociales conformément à la réglementation en vigueur Participer à l’élaboration et au suivi des budgets prévisionnels Assurer le suivi des subventions, dons et financements (spécificité secteur associatif) Collaborer avec les auditeurs et préparer les dossiers de contrôle Veiller au respect des procédures internes et des obligations légales","Gestion, comptabilité, finance","Conseil, audit, comptabilité",CDI,Rabat-Salé-Kénitra,Rabat,,Expérience entre 2 ans et 5 ans - Expérience entre 5 ans et 10 ans,Bac+2 - Bac+3,"['Comptabilité Générale', 'États Financiers', 'Comptabilité', 'Suivi Budgétaire', 'Finance', 'Gestion']",2026-04-11
https://www.emploi.ma/offre-emploi-maroc/magasinier-carriere-marrakech-9345533,Magasinier Carrière - Marrakech,SOCIÉTÉ ROUANDI,"Mission du poste Rattaché au Responsable Technique de la Direction d'Exploitation, le Magasinier assure la réception, le stockage et la sortie de l'ensemble des articles du magasin central (pièces de rechange, consommables, carburant, EPI) dans le respect des procédures FOLIM CARRIÈRES, afin de garantir la disponibilité des approvisionnements nécessaires à l'exploitation de la carrière. Principales responsabilités Réception & Contrôle Réceptionner et contrôler les articles commandés (quantité et qualité) : pièces de rechange, consommables, EPI, carburant Vérifier la conformité des livraisons avec les bons de commande et signaler toute anomalie Étiqueter et codifier les articles réceptionnés selon les procédures internes Classer les bons de livraison fournisseurs et les bons d'approvisionnement interne Gestion des Stocks Assurer le suivi et le contrôle de la rotation des produits en stock (FIFO) Établir les bons de sortie sur le système avant toute remise d'article Gérer et suivre les sorties de gasoil vers les engins et sites de la carrière Traiter les demandes des services logistiques et techniques Achats & Reporting Établir les demandes d'achats sur le système SAGE Signaler les ruptures de stock critiques et anticiper les besoins en pièces de rechange Produire les rapports d'inventaire périodiques Encadrement Encadrer et accompagner l'Aide Magasinier dans ses missions Veiller au respect du règlement intérieur et des règles HSE au sein du magasin","Gestion, comptabilité, finance","BTP, construction",Intérim,Marrakech-Safi,Marrakech,Non,Expérience entre 2 ans et 5 ans - Expérience entre 5 ans et 10 ans - Expérience > 10 ans,Bac+2 - Bac+3 - Bac+4 - Bac+5 et plus,"['Production', 'Gestion', 'Qualité', 'Finance', 'Inventaire', 'Maintenance', 'Comptabilité', 'Techniques de Gestion', 'Exploitation']",2026-05-05
https://www.emploi.ma/offre-emploi-maroc/pharmacienne-chargee-affaires-reglementaires-ain-el-aouda-9331590,Pharmacien(ne) Chargé(e) des Affaires Réglementaires - Aïn El Aouda,AMANYS PHARMA,"Poste : Nous sommes à la recherche d'un(e) Pharmacien(ne) Chargé(e) des Affaires Réglementaires. En tant que Pharmacien(ne) Chargé(e) des Affaires Réglementaires, vous rapporterez à la Directrice Affaires Réglementaires et Pharmacovigilance, et vos principales missions seront de : Gérer votre portefeuille de produits afin de réaliser vos objectifs, Constituer les dossiers d’AMM, Assurer le suivi des dossiers d’AMM, Constituer les dossiers de maintenance post AMM, Assurer le suivi des dossiers de maintenance post AMM, Contrôler la conformité réglementaire de la publicité, Réaliser une veille réglementaire, Élaborer, valider et diffuser les textes réglementaires relatifs aux articles de conditionnement, Élaborer, valider et diffuser les textes réglementaires relatifs aux mentions légales, Assurer la mise à jour des bases de données, Assurer l’archivage des dossiers d’AMM, Participer à la préparation des dossiers de fixation et d’homologation des prix, Participer à la préparation des dossiers de demande d’inscription des médicaments sur la liste des médicaments remboursables, Préparer et déposer les PSURs.",Métiers de la santé et du social,Industrie pharmaceutique,CDI,Rabat-Salé-Kénitra,Aïn El Aouda,Non,Expérience entre 2 ans et 5 ans - Expérience entre 5 ans et 10 ans - Expérience > 10 ans,Bac+5 et plus,"['Homologation', 'Santé', 'Qualité', 'Assurance Qualité', 'Production', 'Maintenance', 'Pharmacovigilance']",2026-04-25
https://www.emploi.ma/offre-emploi-maroc/agent-administratif-interim-profil-anglophone-rabat-9347415,Agent Administratif – Intérim (Profil Anglophone) - Rabat,JOB CONNECT,Nous recrutons pour un établissement académique un(e) Agent Administratif Anglophone en contrat d’intérim. Missions principales : Assurer la gestion administrative des dossiers étudiants et internes Traiter et organiser les documents administratifs Assurer le suivi et la mise à jour des bases de données Collaborer avec les différents services de l’établissement Participer à l’amélioration des procédures administratives,"Secrétariat, assistanat","Éducation, formation",Intérim,Rabat-Salé-Kénitra,Rabat,,Débutant < 2 ans - Expérience entre 2 ans et 5 ans,Bac+2 - Bac+3 - Bac+4,"['WORD', 'Secrétariat', 'Administration', 'Assistanat', 'Gestion Administrative', 'Documents Administratifs', 'Dossiers']",2026-05-06
https://www.emploi.ma/offre-emploi-maroc/professeur-permanent-communication-organisations-casablanca-9338226,Professeur Permanent en Communication des Organisations - Casablanca,EDVANTIS HIGHER EDUCATION GROUP,"Dans le cadre de son développement, le groupe Edvantis recrute pour son campus à Casablanca des Professeurs Permanents en Communication des organisations . Missions : Enseignement (cours et des Travaux Dirigés) et autres activités pédagogiques Encadrement pédagogique et suivi de projets étudiants Recherche scientifique dans le domaine de spécialisation.","Marketing, communication","Éducation, formation",CDI,Casablanca-Mohammedia,Casablanca,,Expérience entre 2 ans et 5 ans - Expérience entre 5 ans et 10 ans - Expérience > 10 ans,Bac+5 et plus,"['Marketing', 'Communication', 'Communication Marketing', 'Marketing']",2026-04-30
https://www.emploi.ma/offre-emploi-maroc/technicien-qualite-casablanca-9334826,Technicien Qualité - Casablanca,SELHA MAROC,"Nous recherchons un Technicien(ne) Qualité afin de renforcer notre équipe Qualité. Missions : Le Technicien Qualité contribue à la performance de l'entreprise par la maîtrise opérationnelle et le développement de la qualité des produits achetés ou du produit final. Il contribue également à la pérennisation de la satisfaction client par la prévention et/ou la détection des non conformités des produits: Participer à la mise en place, accompagner et suivre les procédures qualité de la société. Assurer l'interface de la qualité produit/client de son portefeuille Assurer le respect des procédures et critères clients par les opérateurs et assurer le support qualité en production. Participer à la réduction des coûts de non-qualité et présenter les bilans et les actions correctives associées aux retours clients de son portefeuille. Participer à l'élaboration, vérifier les dossiers de fabrication et de contrôle ainsi que les fiches d'instructions associées. Être l'interlocuteur privilégié des non conformités selon le portefeuille client Élaborer l'étude de la cause racine de la non-conformité en sollicitant les acteurs internes si besoin Réaliser la traçabilité et la gestion de la non conformité sur SAP Communiquer les problématiques de défauts identifiés, bloquer si besoin la production Être force de proposition quant à l'optimisation des process existants et la mise en place d'actions correctives ainsi que leurs suivis Participer à la correction du dossier technique en fonction des exigences clients informatisées disponibles sur le réseau. Présenter les synthèses des bilans qualité pour tenir les objectifs stratégiques selon les exigences du client. Réaliser et valider les revues de premier article internes et clients en partenariat avec la production et les méthodes. Suivre et gérer les demandes de dérogations auprès des clients et en assurer la relance éventuelle. Suivi et contrôle des indicateurs qualité Analyser, contrôler et diffuser les indicateurs qualité clients de son portefeuille permettant de garantir l`atteinte des objectifs fixés.","Production, maintenance, qualité","Industrie, production, fabrication, autres",CDI,Casablanca-Mohammedia,Casablanca,Non,Expérience entre 2 ans et 5 ans,Bac+2 - Bac+3,"['Qualité', 'Production', 'Process', 'Maintenance', 'Non-Conformité']",2026-05-06
https://www.emploi.ma/offre-emploi-maroc/magasinier-hf-agadir-9320559,Magasinier (H/F) - Agadir,,"Entreprise opérant dans le secteur de pêche à Agadir, nous assurons la gestion et le traitement des marchandises au sein d'un environnement dynamique et en pleine croissance.Dans le cadre du renforcement de notre équipe, nous recrutons un(e) Magasinier(ère) rigoureux(se) et organisé(e). Missions : Réception & Contrôle des marchandises Réceptionner les livraisons de marchandises en provenance ou à destination du port. Contrôler la conformité des produits (quantité, qualité, état) par rapport aux bons de commande et de livraison. Décharger et trier les marchandises selon leur nature et destination. Signaler toute anomalie ou non-conformité au responsable Gestion des stocks & Entreposage Assurer le rangement, l'étiquetage et le classement des marchandises dans le magasin. Maintenir un stock organisé, propre et sécurisé en permanence. Effectuer des inventaires réguliers (hebdomadaires, mensuels)Gérer les entrées et sorties de stock via le système de gestion (logiciel ou fiches)Veiller au respect des règles de stockage FIFO (premier entré, premier sorti) Expédition & Préparation des commandes Préparer les commandes et expéditions selon les bons de sortie. Emballer, étiqueter et conditionner les marchandises pour l'expédition. Coordonner avec les transporteurs et agents maritimes. Assurer le suivi des flux entrants et sortants Sécurité & Conformité Respecter strictement les règles de sécurité du port et de l'entrepôt. Utiliser correctement les équipements de manutention (transpalette, chariot élévateur)Veiller à l'application des procédures douanières et portuaires en vigueur",Achats,"Agriculture, pêche, aquaculture",CDI,Agadir,Agadir,,Expérience entre 2 ans et 5 ans - Expérience entre 5 ans et 10 ans - Expérience > 10 ans,Bac+2 - Bac+3 - Bac+4 - Bac+5 et plus,"['Étiquetage', 'Entreposage', 'Stockage', 'Livraison', 'Rangement', 'Stocks', 'Expédition', 'Gestion des Stocks', 'Entrepôt', 'Transport', 'Achats']",2026-04-21
https://www.emploi.ma/offre-emploi-maroc/chauffeur-president-casablanca-hay-hassani-9236660,Chauffeur Président - Casablanca Hay Hassani,SAINT GOBAIN MAROC,"Description du poste : Nous recherchons un Chauffeur Président expérimenté pour assurer les déplacements du président de l’entreprise. Le candidat devra garantir ponctualité, discrétion et sécurité dans l’exécution de ses missions et et résider à proximité des quartiers suivants : Ouelfa, Hay Hassani ou Anfa. Missions principales : Assurer le transport du président selon le planning défini. Veiller à la propreté, l’entretien et le bon fonctionnement du véhicule. Garantir la sécurité et le confort du président lors de tous les déplacements. Gérer les itinéraires et anticiper le trafic ou les imprévus. Respecter la confidentialité des informations et des activités de l’entreprise.",Métiers des services,"BTP, construction",Intérim,Casablanca-Mohammedia,Casablanca Hay Hassani,Non,Expérience entre 2 ans et 5 ans - Expérience entre 5 ans et 10 ans - Expérience > 10 ans,Qualification avant bac - Bac - Bac+1 - Bac+2 - Bac+3,"['Chauffeur', 'Transport', 'Sécurité Routière', 'Sécurité', 'Entretien']",2026-04-30
https://www.emploi.ma/offre-emploi-maroc/animateur-point-vente-berrechid-9276850,Animateur Point de Vente - Berrechid,,Nous recherchons des Vendeurs dynamique pour rejoindre notre équipe dans le secteur de la vente de produit de la cuisine et ménage à BERRECHID . Les tâches : Accueillir et conseiller les clients dans leurs choix de produits. Présenter les caractéristiques des produits et leurs avantages. Assurer la mise en rayon et l’organisation du magasin. Participer à la gestion des stocks et aux inventaires. Contribuer à la réalisation des objectifs de ventes,"Commercial, vente","Distribution, vente, commerce de gros",CDD,Settat,Berrechid,,"Etudiant, jeune diplômé - Débutant < 2 ans - Expérience entre 2 ans et 5 ans",Qualification avant bac - Bac - Bac+1 - Bac+2 - Bac+3,['Vente'],2026-03-24
https://www.emploi.ma/offre-emploi-maroc/charge-portefeuille-tanger-9280368,Chargé de Portefeuille - Tanger,FONDATION ARRAWAJ,"Nous sommes à la recherche des Chargés de Portefeuille. Missions : En tant que « Chargé de Portefeuille », vous aurez pour principales missions : Gérer et développer le portefeuille client Faire des prospections de nouveaux clients Mettre en avant nos produits et nos services auprès des clients potentiels Accompagner et conseiller les clients Fidéliser les clients Veiller à garder un contact régulier avec les clients Gérer et suivre les dossiers en cours Faire du recouvrement terrain.","Commercial, vente","Banque, assurance, finances",CDI,Tanger-Tétouan-Al Hoceïma,Tanger,,Débutant < 2 ans - Expérience entre 2 ans et 5 ans - Expérience entre 5 ans et 10 ans - Expérience > 10 ans,Bac+3 - Bac+4 - Bac+5 et plus,"['Finance', 'Marketing', 'Vente', 'Recouvrement', 'Gestion', 'Communication', 'Comptabilité']",2026-03-26
https://www.emploi.ma/offre-emploi-maroc/cloud-system-integrator-mf-8251968,Cloud System Integrator (M/F),AFRICASHORE,"We are looking for Cloud System Integrator profiles / CVs to share with our clients for their future recruitment campaigns. Mission: Create future-proof system architectures for our highly interconnected 4G/5G communication solutions. Define competitive end-to-end solutions together with top experts from different teams in an international environment. Demonstrate strong understanding of Networking and security architectures and engage in technical discussions with Network and security architects of large enterprises. Present both industry and Zscaler technical architecture as it relates to customers and prospects environment and technical requirements. Ensure that our solutions fit smoothly into our customers, IT environments. As part of the dynamic and agile team, ensure robustness, performance and security aspects within the architecture design.","Informatique, nouvelles technologies","Informatique, SSII, Internet",CDI - CDD - Freelance,Agadir - Béni Mellal-Khénifra - Casablanca-Mohammedia - Dakhla - Errachidia - Fès - Guelmim - Laâyoune - Marrakech-Safi - Meknès - Oujda - Rabat-Salé-Kénitra - Settat - Tanger-Tétouan-Al Hoceïma - International,/ Travail En Remote,,Expérience entre 5 ans et 10 ans,Bac+3,"['CVS', 'AGILE']",2026-04-13
